-0.25,-0.742,0.672
-0.25,-0.746,0.676
-0.246,-0.746,0.68
-0.25,-0.746,0.68
-0.25,-0.738,0.676
-0.246,-0.734,0.676
-0.246,-0.746,0.676
-0.242,-0.746,0.68
-0.238,-0.742,0.68
-0.234,-0.734,0.68
-0.234,-0.73,0.68
-0.234,-0.734,0.68
-0.234,-0.746,0.68
-0.234,-0.746,0.68
-0.234,-0.746,0.676
-0.234,-0.75,0.676
-0.238,-0.758,0.668
-0.234,-0.762,0.672
-0.238,-0.754,0.668
-0.238,-0.75,0.668
-0.238,-0.754,0.668
-0.234,-0.754,0.664
-0.23,-0.754,0.66
-0.23,-0.754,0.66
-0.227,-0.75,0.656
-0.227,-0.746,0.664
-0.23,-0.746,0.664
-0.227,-0.746,0.664
-0.223,-0.754,0.664
-0.227,-0.754,0.664
-0.23,-0.758,0.656
-0.23,-0.758,0.656
-0.227,-0.75,0.652
-0.23,-0.762,0.652
-0.23,-0.766,0.656
-0.227,-0.77,0.66
-0.223,-0.773,0.656
-0.219,-0.766,0.656
-0.215,-0.762,0.66
-0.219,-0.766,0.66
-0.234,-0.77,0.656
-0.227,-0.773,0.656
-0.223,-0.773,0.656
-0.219,-0.773,0.656
-0.227,-0.773,0.656
-0.223,-0.766,0.656
-0.227,-0.762,0.664
-0.215,-0.758,0.676
-0.203,-0.742,0.664
-0.23,-0.754,0.645
-0.234,-0.766,0.66
-0.219,-0.758,0.66
-0.207,-0.754,0.668
-0.203,-0.742,0.672
-0.203,-0.746,0.672
-0.203,-0.754,0.672
-0.207,-0.754,0.668
-0.207,-0.754,0.672
-0.207,-0.754,0.668
-0.211,-0.754,0.668
-0.219,-0.758,0.668
-0.219,-0.766,0.66
-0.215,-0.77,0.66
-0.215,-0.773,0.668
-0.223,-0.766,0.672
-0.215,-0.754,0.676
-0.191,-0.738,0.68
-0.199,-0.754,0.66
-0.215,-0.781,0.652
-0.215,-0.785,0.66
-0.223,-0.781,0.656
-0.219,-0.762,0.66
-0.219,-0.75,0.66
-0.215,-0.762,0.656
-0.219,-0.773,0.656
-0.219,-0.766,0.66
-0.219,-0.762,0.672
-0.215,-0.766,0.668
-0.215,-0.766,0.668
-0.215,-0.773,0.66
-0.215,-0.773,0.652
-0.211,-0.77,0.648
-0.215,-0.766,0.652
-0.223,-0.77,0.656
-0.227,-0.766,0.66
-0.227,-0.754,0.664
-0.23,-0.746,0.664
-0.227,-0.746,0.672
-0.227,-0.754,0.672
-0.223,-0.762,0.672
-0.234,-0.758,0.668
-0.227,-0.758,0.672
-0.23,-0.766,0.664
-0.234,-0.762,0.66
-0.23,-0.762,0.664
-0.227,-0.754,0.672
-0.223,-0.758,0.676
-0.215,-0.758,0.66
-0.211,-0.758,0.66
-0.207,-0.762,0.66
-0.199,-0.762,0.668
-0.195,-0.75,0.66
-0.207,-0.746,0.66
-0.219,-0.75,0.664
-0.223,-0.746,0.668
-0.219,-0.734,0.676
-0.219,-0.723,0.68
-0.23,-0.727,0.672
-0.234,-0.738,0.676
-0.234,-0.75,0.68
-0.23,-0.754,0.684
-0.23,-0.75,0.684
-0.227,-0.75,0.691
-0.223,-0.746,0.691
-0.223,-0.738,0.688
-0.215,-0.738,0.684
-0.219,-0.738,0.68
-0.223,-0.738,0.68
-0.219,-0.742,0.668
-0.215,-0.75,0.668
-0.207,-0.75,0.672
-0.203,-0.75,0.672
-0.199,-0.75,0.672
-0.199,-0.75,0.668
-0.203,-0.75,0.676
-0.203,-0.758,0.68
-0.215,-0.758,0.68
-0.223,-0.75,0.68
-0.23,-0.75,0.68
-0.227,-0.754,0.68
-0.227,-0.754,0.68
-0.227,-0.758,0.68
-0.23,-0.754,0.68
-0.23,-0.75,0.676
-0.227,-0.746,0.668
-0.227,-0.746,0.672
-0.219,-0.746,0.668
-0.219,-0.754,0.672
-0.215,-0.758,0.668
-0.215,-0.75,0.672
-0.227,-0.746,0.672
-0.223,-0.754,0.68
-0.215,-0.758,0.68
-0.223,-0.75,0.668
-0.23,-0.75,0.668
-0.23,-0.75,0.668
-0.227,-0.746,0.664
-0.227,-0.746,0.664
-0.223,-0.742,0.672
-0.215,-0.742,0.668
-0.219,-0.746,0.676
-0.219,-0.746,0.676
-0.227,-0.75,0.68
-0.227,-0.75,0.676
-0.223,-0.75,0.676
-0.227,-0.754,0.676
-0.23,-0.754,0.672
-0.227,-0.75,0.676
-0.215,-0.754,0.676
-0.215,-0.754,0.672
-0.215,-0.754,0.672
-0.215,-0.75,0.676
-0.219,-0.754,0.676
-0.215,-0.754,0.676
-0.211,-0.754,0.676
-0.215,-0.746,0.672
-0.219,-0.746,0.676
-0.215,-0.742,0.68
-0.215,-0.746,0.68
-0.219,-0.754,0.672
-0.223,-0.754,0.676
-0.223,-0.75,0.68
-0.227,-0.742,0.68
-0.223,-0.742,0.68
-0.219,-0.742,0.68
-0.215,-0.754,0.676
-0.219,-0.75,0.68
-0.219,-0.75,0.68
-0.219,-0.746,0.68
-0.223,-0.746,0.676
-0.223,-0.75,0.676
-0.219,-0.746,0.676
-0.219,-0.746,0.676
-0.223,-0.75,0.676
-0.227,-0.746,0.676
-0.223,-0.746,0.676
-0.215,-0.746,0.68
-0.211,-0.754,0.684
-0.215,-0.754,0.68
-0.211,-0.754,0.68
-0.227,-0.754,0.68
-0.223,-0.754,0.688
-0.219,-0.75,0.68
-0.219,-0.746,0.68
-0.215,-0.742,0.68
-0.219,-0.742,0.688
-0.219,-0.746,0.688
-0.219,-0.734,0.684
-0.219,-0.734,0.688
-0.219,-0.738,0.688
-0.215,-0.738,0.684
-0.207,-0.742,0.684
-0.211,-0.742,0.684
-0.215,-0.746,0.684
-0.215,-0.746,0.68
-0.215,-0.746,0.684
-0.211,-0.746,0.684
-0.211,-0.746,0.684
-0.219,-0.746,0.68
-0.219,-0.742,0.684
-0.223,-0.738,0.68
-0.227,-0.738,0.68
-0.23,-0.742,0.68
-0.223,-0.746,0.68
-0.215,-0.742,0.684
-0.219,-0.742,0.691
-0.223,-0.734,0.695
-0.219,-0.727,0.691
-0.219,-0.734,0.691
-0.219,-0.738,0.691
-0.223,-0.734,0.691
-0.223,-0.73,0.688
-0.227,-0.727,0.688
-0.227,-0.73,0.691
-0.227,-0.734,0.688
-0.23,-0.746,0.684
-0.23,-0.742,0.684
-0.227,-0.742,0.684
-0.227,-0.738,0.688
-0.23,-0.738,0.684
-0.227,-0.742,0.684
-0.223,-0.742,0.684
-0.215,-0.742,0.68
-0.211,-0.742,0.684
-0.207,-0.734,0.684
-0.215,-0.734,0.684
-0.223,-0.738,0.688
-0.23,-0.746,0.691
-0.227,-0.738,0.691
-0.223,-0.734,0.684
-0.234,-0.73,0.684
-0.227,-0.734,0.695
-0.227,-0.738,0.691
-0.23,-0.738,0.691
-0.234,-0.734,0.688
-0.234,-0.734,0.691
-0.234,-0.734,0.695
-0.238,-0.738,0.691
-0.234,-0.734,0.688
-0.234,-0.734,0.688
-0.234,-0.734,0.684
-0.234,-0.742,0.684
-0.234,-0.742,0.684
-0.23,-0.742,0.684
-0.234,-0.742,0.684
-0.234,-0.738,0.688
-0.234,-0.742,0.691
-0.23,-0.734,0.691
-0.234,-0.738,0.691
-0.23,-0.734,0.695
-0.23,-0.734,0.695
-0.227,-0.727,0.703
-0.227,-0.723,0.703
-0.23,-0.723,0.699
-0.227,-0.73,0.703
-0.227,-0.734,0.699
-0.227,-0.73,0.699
-0.23,-0.73,0.703
-0.227,-0.734,0.699
-0.23,-0.738,0.695
-0.227,-0.742,0.691
-0.227,-0.738,0.695
-0.23,-0.734,0.688
-0.23,-0.727,0.695
-0.234,-0.73,0.691
-0.234,-0.73,0.688
-0.234,-0.73,0.691
-0.227,-0.727,0.691
-0.23,-0.727,0.688
-0.23,-0.719,0.684
-0.227,-0.723,0.688
-0.223,-0.73,0.684
-0.219,-0.734,0.684
-0.227,-0.738,0.688
-0.23,-0.73,0.688
-0.223,-0.73,0.695
-0.227,-0.734,0.699
-0.227,-0.738,0.703
-0.227,-0.734,0.707
-0.23,-0.727,0.703
-0.246,-0.723,0.703
-0.234,-0.727,0.707
-0.238,-0.727,0.699
-0.234,-0.719,0.699
-0.234,-0.723,0.695
-0.23,-0.73,0.695
-0.227,-0.734,0.695
-0.23,-0.738,0.691
-0.23,-0.738,0.688
-0.227,-0.734,0.691
-0.227,-0.723,0.695
-0.23,-0.719,0.695
-0.23,-0.719,0.703
-0.227,-0.719,0.703
-0.223,-0.723,0.699
-0.223,-0.723,0.703
-0.227,-0.73,0.699
-0.223,-0.73,0.699
-0.219,-0.73,0.699
-0.223,-0.738,0.699
-0.227,-0.734,0.699
-0.227,-0.73,0.703
-0.223,-0.73,0.703
-0.223,-0.73,0.695
-0.223,-0.727,0.695
-0.219,-0.727,0.699
-0.223,-0.727,0.699
-0.227,-0.727,0.699
-0.227,-0.73,0.691
-0.227,-0.73,0.688
-0.23,-0.734,0.688
-0.227,-0.738,0.684
-0.227,-0.738,0.684
-0.23,-0.746,0.684
-0.227,-0.75,0.688
-0.227,-0.75,0.691
-0.23,-0.746,0.699
-0.23,-0.738,0.695
-0.234,-0.738,0.688
-0.23,-0.738,0.688
-0.23,-0.734,0.688
-0.23,-0.738,0.684
-0.23,-0.734,0.684
-0.234,-0.734,0.684
-0.238,-0.742,0.684
-0.23,-0.738,0.688
-0.234,-0.742,0.688
-0.227,-0.742,0.684
-0.227,-0.742,0.688
-0.223,-0.742,0.688
-0.234,-0.738,0.688
-0.23,-0.738,0.699
-0.23,-0.734,0.688
-0.23,-0.734,0.684
-0.23,-0.734,0.684
-0.234,-0.738,0.684
-0.234,-0.738,0.684
-0.238,-0.734,0.691
-0.234,-0.738,0.695
-0.23,-0.734,0.688
-0.227,-0.734,0.684
-0.219,-0.738,0.684
-0.223,-0.742,0.684
-0.223,-0.746,0.684
-0.23,-0.742,0.68
-0.238,-0.738,0.684
-0.242,-0.738,0.684
-0.246,-0.734,0.688
-0.242,-0.73,0.691
-0.238,-0.73,0.684
-0.238,-0.727,0.684
-0.234,-0.727,0.684
-0.234,-0.734,0.68
-0.23,-0.734,0.68
-0.23,-0.734,0.684
-0.23,-0.738,0.684
-0.23,-0.73,0.684
-0.23,-0.727,0.688
-0.234,-0.73,0.695
-0.234,-0.73,0.699
-0.238,-0.723,0.699
-0.238,-0.723,0.699
-0.238,-0.73,0.695
-0.242,-0.73,0.699
-0.25,-0.734,0.699
-0.246,-0.73,0.699
-0.246,-0.73,0.695
-0.246,-0.723,0.695
-0.242,-0.723,0.688
-0.238,-0.723,0.688
-0.242,-0.723,0.688
-0.238,-0.727,0.684
-0.234,-0.727,0.684
-0.234,-0.734,0.68
-0.234,-0.742,0.68
-0.238,-0.742,0.68
-0.238,-0.742,0.684
-0.234,-0.742,0.688
-0.234,-0.734,0.688
-0.234,-0.738,0.691
-0.246,-0.738,0.695
-0.238,-0.742,0.703
-0.238,-0.734,0.699
-0.238,-0.727,0.699
-0.238,-0.723,0.695
-0.234,-0.727,0.695
-0.234,-0.734,0.695
-0.234,-0.734,0.695
-0.238,-0.73,0.691
-0.238,-0.723,0.691
-0.242,-0.715,0.691
-0.242,-0.719,0.691
-0.238,-0.723,0.695
-0.234,-0.723,0.691
-0.23,-0.73,0.691
-0.234,-0.727,0.695
-0.238,-0.73,0.688
-0.238,-0.734,0.688
-0.234,-0.734,0.688
-0.234,-0.738,0.691
-0.234,-0.738,0.688
-0.238,-0.727,0.691
-0.242,-0.727,0.691
-0.242,-0.73,0.691
-0.242,-0.734,0.691
-0.25,-0.73,0.688
-0.242,-0.723,0.688
-0.238,-0.723,0.691
-0.238,-0.727,0.691
-0.242,-0.73,0.699
-0.242,-0.727,0.703
-0.238,-0.723,0.703
-0.238,-0.723,0.703
-0.238,-0.719,0.699
-0.238,-0.727,0.703
-0.234,-0.734,0.703
-0.234,-0.738,0.703
-0.234,-0.734,0.699
-0.23,-0.727,0.703
-0.23,-0.719,0.703
-0.23,-0.727,0.699
-0.23,-0.727,0.695
-0.23,-0.727,0.691
-0.234,-0.719,0.691
-0.238,-0.711,0.695
-0.234,-0.707,0.703
-0.234,-0.711,0.703
-0.238,-0.715,0.703
-0.238,-0.723,0.707
-0.238,-0.719,0.711
-0.25,-0.723,0.715
-0.242,-0.723,0.715
-0.238,-0.727,0.707
-0.238,-0.73,0.711
-0.242,-0.727,0.711
-0.242,-0.727,0.711
-0.238,-0.73,0.707
-0.242,-0.734,0.703
-0.242,-0.734,0.703
-0.238,-0.73,0.703
-0.238,-0.727,0.703
-0.242,-0.719,0.703
-0.238,-0.719,0.699
-0.238,-0.727,0.695
-0.234,-0.73,0.691
-0.227,-0.723,0.699
-0.223,-0.719,0.707
-0.227,-0.715,0.703
-0.23,-0.727,0.703
-0.234,-0.723,0.707
-0.242,-0.723,0.715
-0.242,-0.719,0.719
-0.238,-0.719,0.715
-0.242,-0.723,0.715
-0.238,-0.719,0.715
-0.238,-0.719,0.707
-0.238,-0.723,0.703
-0.234,-0.723,0.707
-0.234,-0.715,0.703
-0.23,-0.723,0.703
-0.23,-0.723,0.703
-0.23,-0.719,0.699
-0.227,-0.723,0.699
-0.219,-0.727,0.699
-0.211,-0.734,0.695
-0.215,-0.738,0.691
-0.215,-0.738,0.691
-0.207,-0.746,0.688
-0.203,-0.75,0.684
-0.203,-0.754,0.68
-0.199,-0.75,0.68
-0.199,-0.742,0.68
-0.199,-0.742,0.676
-0.207,-0.742,0.668
-0.215,-0.746,0.668
-0.219,-0.75,0.664
-0.223,-0.754,0.668
-0.234,-0.758,0.672
-0.238,-0.762,0.668
-0.242,-0.754,0.672
-0.262,-0.75,0.664
-0.25,-0.754,0.668
-0.254,-0.754,0.664
-0.262,-0.75,0.664
-0.266,-0.746,0.66
-0.27,-0.742,0.656
-0.273,-0.746,0.656
-0.273,-0.746,0.652
-0.277,-0.75,0.652
-0.281,-0.746,0.652
-0.293,-0.738,0.652
-0.305,-0.723,0.648
-0.324,-0.711,0.652
-0.348,-0.695,0.656
-0.367,-0.684,0.656
-0.371,-0.672,0.672
-0.359,-0.656,0.68
-0.336,-0.645,0.691
-0.32,-0.633,0.707
-0.305,-0.621,0.715
-0.285,-0.625,0.727
-0.289,-0.645,0.73
-0.297,-0.664,0.73
-0.301,-0.684,0.73
-0.309,-0.703,0.727
-0.316,-0.73,0.723
-0.34,-0.762,0.715
-0.367,-0.789,0.699
-0.371,-0.781,0.684
-0.371,-0.746,0.676
-0.359,-0.707,0.664
-0.336,-0.68,0.668
-0.316,-0.676,0.664
-0.289,-0.676,0.656
-0.254,-0.684,0.66
-0.23,-0.699,0.668
-0.199,-0.715,0.68
-0.176,-0.73,0.684
-0.16,-0.738,0.684
-0.152,-0.75,0.68
-0.156,-0.766,0.676
-0.156,-0.766,0.664
-0.16,-0.77,0.656
-0.16,-0.789,0.641
-0.16,-0.809,0.625
-0.164,-0.824,0.613
-0.16,-0.836,0.598
-0.148,-0.84,0.59
-0.137,-0.84,0.582
-0.117,-0.836,0.578
-0.113,-0.84,0.574
-0.098,-0.852,0.59
-0.082,-0.867,0.59
-0.066,-0.867,0.59
-0.055,-0.863,0.594
-0.047,-0.848,0.598
-0.043,-0.828,0.594
-0.043,-0.82,0.586
-0.043,-0.824,0.582
-0.039,-0.82,0.586
-0.043,-0.82,0.582
-0.039,-0.82,0.578
-0.043,-0.82,0.578
-0.035,-0.82,0.574
-0.043,-0.836,0.574
-0.059,-0.867,0.578
-0.066,-0.906,0.582
-0.074,-0.934,0.594
-0.074,-0.941,0.617
-0.074,-0.938,0.637
-0.086,-0.934,0.664
-0.102,-0.949,0.68
-0.105,-0.965,0.695
-0.105,-0.973,0.707
-0.102,-0.965,0.715
-0.102,-0.953,0.703
-0.105,-0.945,0.68
-0.105,-0.938,0.656
-0.113,-0.938,0.617
-0.125,-0.949,0.594
-0.133,-0.949,0.582
-0.129,-0.938,0.582
-0.125,-0.918,0.582
-0.105,-0.891,0.594
-0.078,-0.855,0.609
-0.078,-0.836,0.613
-0.145,-0.859,0.621
-0.27,-0.906,0.625
-0.406,-0.906,0.645
-0.508,-0.84,0.688
-0.551,-0.746,0.723
-0.551,-0.668,0.738
-0.539,-0.605,0.738
-0.531,-0.59,0.715
-0.531,-0.609,0.688
-0.508,-0.648,0.668
-0.473,-0.688,0.645
-0.445,-0.715,0.625
-0.43,-0.73,0.617
-0.41,-0.762,0.605
-0.402,-0.805,0.605
-0.375,-0.84,0.629
-0.344,-0.805,0.656
-0.32,-0.738,0.672
-0.297,-0.684,0.676
-0.289,-0.656,0.676
-0.289,-0.645,0.66
-0.285,-0.633,0.645
-0.285,-0.629,0.625
-0.293,-0.629,0.594
-0.301,-0.637,0.57
-0.305,-0.641,0.539
-0.316,-0.652,0.516
-0.309,-0.664,0.508
-0.285,-0.668,0.523
-0.258,-0.676,0.531
-0.242,-0.684,0.527
-0.246,-0.672,0.523
-0.258,-0.66,0.52
-0.277,-0.656,0.512
-0.285,-0.668,0.5
-0.289,-0.688,0.5
-0.289,-0.711,0.496
-0.297,-0.723,0.488
-0.305,-0.73,0.48
-0.313,-0.746,0.496
-0.316,-0.773,0.504
-0.328,-0.797,0.504
-0.344,-0.84,0.508
-0.359,-0.875,0.512
-0.363,-0.914,0.52
-0.359,-0.918,0.547
-0.363,-0.898,0.57
-0.375,-0.891,0.59
-0.395,-0.918,0.602
-0.398,-0.977,0.605
-0.371,-1.016,0.598
-0.34,-1.02,0.598
-0.32,-0.996,0.617
-0.313,-0.98,0.633
-0.309,-0.984,0.652
-0.301,-1.016,0.707
-0.27,-1.063,0.766
-0.234,-1.086,0.859
-0.219,-1.035,0.926
-0.215,-0.922,0.941
-0.238,-0.789,0.91
-0.285,-0.707,0.859
-0.309,-0.699,0.828
-0.285,-0.758,0.82
-0.246,-0.805,0.82
-0.223,-0.789,0.844
-0.234,-0.711,0.852
-0.25,-0.625,0.852
-0.246,-0.574,0.852
-0.223,-0.582,0.84
-0.195,-0.609,0.82
-0.18,-0.637,0.789
-0.184,-0.652,0.75
-0.199,-0.668,0.711
-0.211,-0.695,0.684
-0.207,-0.707,0.664
-0.184,-0.695,0.664
-0.16,-0.668,0.664
-0.145,-0.633,0.656
-0.129,-0.594,0.652
-0.125,-0.582,0.637
-0.129,-0.582,0.609
-0.129,-0.582,0.582
-0.137,-0.586,0.574
-0.141,-0.59,0.559
-0.133,-0.598,0.539
-0.121,-0.629,0.523
-0.109,-0.648,0.516
-0.082,-0.672,0.508
-0.055,-0.711,0.508
-0.023,-0.734,0.5
0.008,-0.746,0.504
0.035,-0.754,0.508
0.051,-0.766,0.504
0.059,-0.785,0.496
0.055,-0.805,0.484
0.051,-0.82,0.48
0.047,-0.828,0.48
0.039,-0.848,0.492
0.023,-0.879,0.512
0,-0.918,0.516
-0.027,-0.969,0.523
-0.051,-0.996,0.543
-0.066,-0.977,0.555
-0.07,-0.934,0.551
-0.055,-0.855,0.551
-0.031,-0.758,0.531
-0.016,-0.672,0.492
-0.012,-0.621,0.453
-0.031,-0.617,0.414
-0.078,-0.656,0.379
-0.176,-0.805,0.387
-0.371,-1.008,0.449
-0.668,-1.27,0.527
-0.938,-1.48,0.574
-0.992,-1.352,0.695
-0.902,-1.02,0.809
-0.773,-0.766,0.898
-0.688,-0.676,0.898
-0.625,-0.711,0.832
-0.555,-0.797,0.762
-0.48,-0.875,0.691
-0.43,-0.938,0.637
-0.406,-1.016,0.613
-0.414,-1.109,0.609
-0.418,-1.156,0.613
-0.426,-1.113,0.637
-0.41,-1.008,0.672
-0.379,-0.902,0.691
-0.352,-0.828,0.688
-0.309,-0.793,0.668
-0.266,-0.801,0.648
-0.234,-0.816,0.633
-0.199,-0.816,0.609
-0.176,-0.793,0.582
-0.16,-0.77,0.551
-0.148,-0.758,0.52
-0.148,-0.762,0.488
-0.145,-0.754,0.48
-0.145,-0.742,0.473
-0.156,-0.727,0.469
-0.172,-0.703,0.453
-0.188,-0.695,0.434
-0.207,-0.695,0.41
-0.215,-0.699,0.398
-0.219,-0.688,0.387
-0.227,-0.684,0.371
-0.238,-0.68,0.348
-0.262,-0.676,0.328
-0.297,-0.68,0.32
-0.332,-0.664,0.367
-0.355,-0.648,0.426
-0.359,-0.637,0.465
-0.344,-0.652,0.465
-0.332,-0.723,0.457
-0.332,-0.82,0.449
-0.32,-0.93,0.453
-0.301,-1.039,0.461
-0.285,-1.098,0.477
-0.277,-1.09,0.48
-0.285,-1.043,0.492
-0.289,-0.996,0.523
-0.289,-0.957,0.57
-0.273,-0.918,0.594
-0.25,-0.859,0.59
-0.219,-0.809,0.57
-0.199,-0.824,0.566
-0.16,-0.941,0.59
-0.082,-1.137,0.668
0.016,-1.281,0.738
0.066,-1.242,0.801
0.016,-1.055,0.875
-0.066,-0.848,0.914
-0.121,-0.727,0.906
-0.152,-0.734,0.875
-0.156,-0.813,0.813
-0.164,-0.895,0.73
-0.168,-0.941,0.656
-0.156,-0.957,0.605
-0.137,-0.965,0.59
-0.125,-0.969,0.582
-0.137,-0.941,0.594
-0.156,-0.875,0.598
-0.176,-0.777,0.598
-0.184,-0.695,0.598
-0.195,-0.637,0.578
-0.199,-0.621,0.563
-0.207,-0.621,0.543
-0.199,-0.629,0.527
-0.172,-0.645,0.508
-0.156,-0.672,0.496
-0.137,-0.695,0.5
-0.121,-0.707,0.508
-0.125,-0.699,0.508
-0.133,-0.68,0.508
-0.148,-0.656,0.52
-0.148,-0.656,0.531
-0.133,-0.68,0.539
-0.105,-0.711,0.547
-0.055,-0.723,0.555
-0.016,-0.715,0.563
0.023,-0.711,0.574
0.043,-0.715,0.574
0.063,-0.723,0.578
0.074,-0.75,0.566
0.063,-0.766,0.574
0.051,-0.77,0.605
0.039,-0.777,0.641
0.016,-0.824,0.668
-0.023,-0.898,0.676
-0.059,-0.969,0.68
-0.086,-1.008,0.68
-0.105,-1.004,0.672
-0.109,-0.977,0.648
-0.109,-0.938,0.617
-0.074,-0.902,0.59
-0.051,-0.863,0.555
-0.031,-0.813,0.523
-0.027,-0.746,0.496
-0.051,-0.684,0.48
-0.102,-0.695,0.512
-0.219,-0.805,0.574
-0.426,-0.996,0.625
-0.641,-1.211,0.629
-0.773,-1.234,0.645
-0.758,-1.051,0.734
-0.645,-0.816,0.809
-0.516,-0.68,0.84
-0.445,-0.66,0.82
-0.434,-0.742,0.754
-0.422,-0.867,0.691
-0.383,-1,0.648
-0.348,-1.078,0.641
-0.324,-1.066,0.641
-0.324,-0.996,0.637
-0.344,-0.93,0.633
-0.363,-0.898,0.629
-0.359,-0.871,0.605
-0.34,-0.828,0.594
-0.301,-0.789,0.582
-0.266,-0.762,0.578
-0.227,-0.742,0.57
-0.203,-0.73,0.555
-0.188,-0.723,0.539
-0.188,-0.727,0.523
-0.188,-0.707,0.512
-0.195,-0.688,0.496
-0.211,-0.68,0.473
-0.227,-0.68,0.449
-0.23,-0.684,0.422
-0.234,-0.684,0.398
-0.234,-0.676,0.371
-0.234,-0.664,0.355
-0.234,-0.652,0.34
-0.242,-0.645,0.332
-0.258,-0.625,0.344
-0.273,-0.609,0.383
-0.297,-0.605,0.43
-0.324,-0.645,0.469
-0.336,-0.699,0.469
-0.328,-0.785,0.461
-0.309,-0.887,0.492
-0.281,-0.969,0.52
-0.262,-1.008,0.531
-0.266,-1.016,0.539
-0.277,-1,0.547
-0.301,-0.977,0.535
-0.32,-0.949,0.527
-0.328,-0.91,0.535
-0.32,-0.879,0.523
-0.309,-0.82,0.477
-0.32,-0.773,0.445
-0.324,-0.816,0.488
-0.246,-0.984,0.594
-0.063,-1.266,0.719
0.113,-1.375,0.824
0.137,-1.164,0.969
0.043,-0.875,1.063
-0.066,-0.668,1.063
-0.125,-0.672,1.035
-0.113,-0.809,0.984
-0.094,-0.945,0.895
-0.094,-1.023,0.801
-0.098,-0.992,0.742
-0.129,-0.918,0.719
-0.164,-0.895,0.695
-0.176,-0.941,0.684
-0.176,-0.957,0.68
-0.168,-0.887,0.676
-0.168,-0.781,0.664
-0.164,-0.688,0.645
-0.156,-0.641,0.598
-0.156,-0.652,0.566
-0.152,-0.684,0.539
-0.148,-0.699,0.508
-0.148,-0.688,0.488
-0.152,-0.668,0.48
-0.16,-0.641,0.473
-0.16,-0.617,0.473
-0.148,-0.605,0.473
-0.137,-0.602,0.457
-0.117,-0.598,0.453
-0.094,-0.602,0.449
-0.074,-0.602,0.457
-0.063,-0.613,0.461
-0.039,-0.637,0.469
-0.02,-0.672,0.484
-0.004,-0.703,0.523
-0.004,-0.723,0.551
-0.016,-0.738,0.57
-0.02,-0.758,0.602
-0.004,-0.773,0.641
-0.012,-0.82,0.668
-0.051,-0.906,0.668
-0.121,-0.988,0.645
-0.168,-1.035,0.625
-0.191,-1.055,0.609
-0.195,-1.055,0.602
-0.184,-1.016,0.59
-0.152,-0.953,0.574
-0.129,-0.871,0.551
-0.117,-0.828,0.547
-0.129,-0.859,0.555
-0.211,-0.957,0.57
-0.352,-1.086,0.602
-0.484,-1.168,0.629
-0.547,-1.125,0.68
-0.543,-0.961,0.75
-0.5,-0.762,0.789
-0.469,-0.664,0.785
-0.457,-0.684,0.75
-0.465,-0.777,0.691
-0.465,-0.875,0.645
-0.445,-0.938,0.625
-0.414,-0.941,0.625
-0.371,-0.918,0.637
-0.348,-0.906,0.645
-0.324,-0.902,0.656
-0.316,-0.891,0.648
-0.309,-0.852,0.637
-0.289,-0.793,0.617
-0.266,-0.746,0.594
-0.246,-0.734,0.57
-0.238,-0.734,0.543
-0.223,-0.738,0.523
-0.203,-0.734,0.512
-0.184,-0.723,0.496
-0.16,-0.707,0.492
-0.148,-0.699,0.48
-0.148,-0.688,0.461
-0.164,-0.688,0.445
-0.18,-0.691,0.43
-0.184,-0.711,0.41
-0.184,-0.719,0.391
-0.188,-0.711,0.367
-0.199,-0.707,0.348
-0.215,-0.703,0.332
-0.219,-0.715,0.309
-0.223,-0.719,0.305
-0.234,-0.723,0.316
-0.242,-0.746,0.336
-0.246,-0.801,0.363
-0.246,-0.859,0.379
-0.25,-0.914,0.387
-0.27,-0.941,0.41
-0.273,-0.961,0.469
-0.285,-0.973,0.508
-0.297,-0.941,0.527
-0.313,-0.859,0.543
-0.316,-0.758,0.547
-0.316,-0.68,0.539
-0.313,-0.641,0.52
-0.305,-0.637,0.473
-0.301,-0.691,0.438
-0.289,-0.871,0.5
-0.207,-1.16,0.656
-0.035,-1.504,0.813
0.047,-1.563,0.945
-0.074,-1.18,1.07
-0.219,-0.738,1.117
-0.297,-0.594,1.086
-0.289,-0.727,1.016
-0.25,-0.898,0.918
-0.23,-1.023,0.801
-0.234,-1.059,0.738
-0.23,-1.078,0.707
-0.215,-1.129,0.707
-0.207,-1.16,0.727
-0.191,-1.09,0.754
-0.168,-0.957,0.766
-0.156,-0.832,0.758
-0.137,-0.746,0.723
-0.121,-0.707,0.676
-0.113,-0.719,0.617
-0.129,-0.742,0.551
-0.137,-0.754,0.516
-0.141,-0.754,0.488
-0.145,-0.727,0.477
-0.145,-0.668,0.473
-0.145,-0.617,0.461
-0.148,-0.582,0.457
-0.145,-0.566,0.441
-0.141,-0.563,0.43
-0.129,-0.563,0.426
-0.094,-0.563,0.422
-0.051,-0.57,0.43
-0.02,-0.586,0.434
-0.004,-0.617,0.434
0.012,-0.656,0.438
0.012,-0.695,0.441
0.02,-0.707,0.461
0.02,-0.707,0.492
0.008,-0.707,0.508
-0.004,-0.734,0.508
-0.031,-0.801,0.516
-0.035,-0.898,0.551
-0.051,-0.988,0.59
-0.047,-1.039,0.613
-0.066,-1.07,0.617
-0.09,-1.09,0.617
-0.117,-1.098,0.605
-0.133,-1.082,0.578
-0.117,-1.023,0.539
-0.109,-0.961,0.5
-0.094,-0.883,0.473
-0.082,-0.816,0.453
-0.082,-0.824,0.461
-0.145,-0.895,0.484
-0.281,-1.039,0.531
-0.441,-1.176,0.574
-0.563,-1.227,0.625
-0.617,-1.121,0.703
-0.602,-0.914,0.773
-0.57,-0.777,0.793
-0.551,-0.773,0.758
-0.539,-0.852,0.688
-0.531,-0.941,0.613
-0.5,-0.984,0.57
-0.441,-0.992,0.555
-0.367,-0.969,0.563
-0.32,-0.938,0.578
-0.293,-0.906,0.598
-0.281,-0.871,0.613
-0.285,-0.82,0.613
-0.289,-0.75,0.609
-0.285,-0.695,0.605
-0.27,-0.656,0.594
-0.238,-0.648,0.574
-0.211,-0.664,0.547
-0.191,-0.68,0.516
-0.188,-0.688,0.488
-0.191,-0.695,0.477
-0.188,-0.703,0.473
-0.188,-0.719,0.461
-0.188,-0.723,0.457
-0.195,-0.727,0.449
-0.215,-0.719,0.438
-0.23,-0.711,0.426
-0.246,-0.703,0.418
-0.262,-0.703,0.41
-0.273,-0.707,0.395
-0.289,-0.727,0.367
-0.309,-0.734,0.355
-0.332,-0.73,0.379
-0.348,-0.738,0.426
-0.316,-0.773,0.469
-0.285,-0.816,0.496
-0.258,-0.871,0.527
-0.246,-0.91,0.574
-0.25,-0.93,0.605
-0.254,-0.934,0.586
-0.273,-0.918,0.547
-0.332,-0.902,0.504
-0.375,-0.891,0.473
-0.383,-0.863,0.449
-0.359,-0.805,0.438
-0.34,-0.727,0.398
-0.324,-0.648,0.348
-0.316,-0.605,0.359
-0.297,-0.688,0.492
-0.188,-0.926,0.672
0.012,-1.305,0.824
0.191,-1.441,0.949
0.168,-1.176,1.086
0.004,-0.801,1.145
-0.141,-0.566,1.102
-0.207,-0.59,1.027
-0.219,-0.77,0.934
-0.215,-0.988,0.813
-0.223,-1.145,0.699
-0.246,-1.18,0.641
-0.254,-1.172,0.641
-0.215,-1.152,0.668
-0.16,-1.094,0.715
-0.125,-0.988,0.754
-0.109,-0.879,0.758
-0.113,-0.793,0.742
-0.129,-0.75,0.703
-0.145,-0.73,0.66
-0.16,-0.738,0.613
-0.164,-0.742,0.57
-0.156,-0.742,0.547
-0.148,-0.715,0.527
-0.148,-0.684,0.508
-0.148,-0.656,0.492
-0.156,-0.625,0.465
-0.156,-0.605,0.445
-0.148,-0.582,0.434
-0.125,-0.57,0.418
-0.105,-0.566,0.402
-0.074,-0.566,0.391
-0.039,-0.578,0.402
-0.008,-0.59,0.418
0.02,-0.605,0.43
0.031,-0.609,0.445
0.023,-0.645,0.473
-0.008,-0.691,0.496
-0.035,-0.738,0.52
-0.059,-0.773,0.555
-0.078,-0.824,0.57
-0.074,-0.895,0.594
-0.074,-0.973,0.617
-0.074,-1.027,0.629
-0.086,-1.047,0.637
-0.102,-1.02,0.625
-0.113,-0.957,0.602
-0.121,-0.898,0.574
-0.141,-0.867,0.551
-0.18,-0.898,0.547
-0.266,-0.988,0.563
-0.398,-1.105,0.598
-0.504,-1.176,0.637
-0.543,-1.137,0.711
-0.531,-0.992,0.816
-0.492,-0.816,0.875
-0.465,-0.727,0.871
-0.445,-0.738,0.824
-0.457,-0.824,0.75
-0.473,-0.918,0.688
-0.473,-0.98,0.648
-0.457,-0.98,0.641
-0.414,-0.961,0.648
-0.383,-0.934,0.648
-0.375,-0.902,0.652
-0.367,-0.852,0.652
-0.344,-0.785,0.637
-0.313,-0.73,0.613
-0.281,-0.691,0.59
-0.246,-0.66,0.574
-0.211,-0.66,0.551
-0.188,-0.652,0.539
-0.164,-0.652,0.527
-0.16,-0.664,0.512
-0.164,-0.676,0.496
-0.168,-0.684,0.477
-0.188,-0.695,0.457
-0.184,-0.688,0.438
-0.176,-0.68,0.418
-0.184,-0.66,0.391
-0.195,-0.648,0.371
-0.215,-0.656,0.355
-0.242,-0.676,0.352
-0.266,-0.703,0.348
-0.289,-0.707,0.363
-0.313,-0.699,0.395
-0.313,-0.688,0.445
-0.324,-0.711,0.496
-0.328,-0.785,0.535
-0.305,-0.902,0.551
-0.273,-0.984,0.559
-0.25,-1.027,0.551
-0.234,-1.055,0.539
-0.227,-1.063,0.527
-0.23,-1.02,0.496
-0.258,-0.934,0.457
-0.297,-0.879,0.438
-0.328,-0.867,0.465
-0.324,-0.895,0.523
-0.258,-0.973,0.613
-0.141,-1.074,0.684
-0.051,-1.102,0.727
-0.047,-1,0.781
-0.129,-0.859,0.832
-0.227,-0.758,0.852
-0.273,-0.754,0.875
-0.273,-0.816,0.875
-0.234,-0.871,0.855
-0.211,-0.891,0.832
-0.191,-0.883,0.809
-0.172,-0.887,0.793
-0.141,-0.902,0.801
-0.117,-0.934,0.809
-0.121,-0.957,0.82
-0.137,-0.949,0.82
-0.152,-0.902,0.801
-0.164,-0.84,0.785
-0.16,-0.785,0.758
-0.168,-0.75,0.719
-0.172,-0.738,0.676
-0.172,-0.738,0.641
-0.172,-0.734,0.594
-0.172,-0.719,0.555
-0.172,-0.695,0.527
-0.164,-0.664,0.508
-0.16,-0.637,0.488
-0.156,-0.621,0.457
-0.156,-0.613,0.438
-0.156,-0.605,0.426
-0.145,-0.598,0.414
-0.125,-0.598,0.402
-0.102,-0.594,0.398
-0.078,-0.609,0.395
-0.051,-0.633,0.398
-0.023,-0.656,0.402
-0.016,-0.672,0.414
0.012,-0.695,0.441
0.027,-0.727,0.465
0.039,-0.781,0.496
0.055,-0.855,0.531
0.055,-0.926,0.559
0.023,-1,0.566
-0.02,-1.059,0.563
-0.078,-1.086,0.563
-0.125,-1.074,0.57
-0.145,-1.047,0.574
-0.145,-1,0.578
-0.145,-0.93,0.578
-0.141,-0.832,0.57
-0.129,-0.77,0.551
-0.176,-0.82,0.566
-0.336,-0.965,0.602
-0.551,-1.172,0.629
-0.68,-1.305,0.641
-0.656,-1.176,0.695
-0.555,-0.883,0.805
-0.48,-0.656,0.844
-0.469,-0.625,0.797
-0.496,-0.746,0.711
-0.52,-0.898,0.629
-0.52,-1.008,0.574
-0.484,-1.016,0.559
-0.441,-0.969,0.574
-0.41,-0.934,0.594
-0.387,-0.926,0.605
-0.363,-0.898,0.613
-0.328,-0.848,0.613
-0.285,-0.781,0.605
-0.246,-0.734,0.594
-0.207,-0.711,0.578
-0.172,-0.699,0.566
-0.152,-0.699,0.551
-0.152,-0.703,0.527
-0.156,-0.707,0.508
-0.16,-0.715,0.496
-0.16,-0.715,0.484
-0.156,-0.711,0.48
-0.156,-0.707,0.484
-0.156,-0.703,0.488
-0.156,-0.691,0.488
-0.148,-0.684,0.48
-0.156,-0.676,0.477
-0.164,-0.68,0.449
-0.18,-0.703,0.426
-0.207,-0.727,0.398
-0.254,-0.754,0.387
-0.273,-0.77,0.383
-0.281,-0.781,0.379
-0.273,-0.805,0.391
-0.27,-0.84,0.402
-0.266,-0.855,0.422
-0.258,-0.871,0.465
-0.254,-0.898,0.504
-0.246,-0.934,0.535
-0.246,-0.965,0.539
-0.258,-0.953,0.531
-0.273,-0.895,0.508
-0.293,-0.813,0.477
-0.324,-0.742,0.449
-0.352,-0.715,0.434
-0.363,-0.707,0.441
-0.352,-0.77,0.488
-0.285,-0.918,0.582
-0.137,-1.16,0.699
-0.008,-1.328,0.797
-0.016,-1.223,0.883
-0.137,-0.957,0.949
-0.227,-0.762,0.977
-0.219,-0.758,0.984
-0.137,-0.906,0.977
-0.078,-1.07,0.922
-0.086,-1.145,0.859
-0.125,-1.09,0.805
-0.137,-1.012,0.785
-0.125,-0.988,0.789
-0.109,-0.973,0.781
-0.109,-0.926,0.77
-0.121,-0.844,0.746
-0.148,-0.777,0.711
-0.176,-0.723,0.668
-0.176,-0.688,0.629
-0.18,-0.66,0.586
-0.18,-0.641,0.547
-0.18,-0.637,0.512
-0.176,-0.645,0.484
-0.176,-0.641,0.477
-0.16,-0.633,0.461
-0.145,-0.609,0.453
-0.141,-0.594,0.441
-0.137,-0.582,0.43
-0.125,-0.594,0.422
-0.109,-0.613,0.422
-0.086,-0.637,0.426
-0.063,-0.66,0.438
-0.039,-0.68,0.438
-0.031,-0.695,0.441
0,-0.711,0.473
0.039,-0.73,0.508
0.063,-0.754,0.531
0.066,-0.781,0.551
0.059,-0.797,0.563
0.023,-0.801,0.582
-0.027,-0.832,0.59
-0.063,-0.891,0.582
-0.09,-0.98,0.566
-0.121,-1.066,0.551
-0.152,-1.105,0.543
-0.16,-1.086,0.535
-0.156,-1.051,0.566
-0.18,-1.074,0.609
-0.273,-1.16,0.656
-0.402,-1.246,0.672
-0.473,-1.184,0.719
-0.457,-0.961,0.797
-0.398,-0.711,0.867
-0.352,-0.543,0.871
-0.363,-0.504,0.816
-0.43,-0.594,0.73
-0.496,-0.742,0.645
-0.539,-0.914,0.59
-0.551,-1.047,0.586
-0.555,-1.055,0.609
-0.551,-0.992,0.648
-0.523,-0.934,0.691
-0.48,-0.875,0.727
-0.418,-0.805,0.742
-0.359,-0.75,0.73
-0.301,-0.711,0.711
-0.266,-0.699,0.676
-0.25,-0.711,0.633
-0.25,-0.723,0.598
-0.258,-0.734,0.574
-0.25,-0.711,0.555
-0.234,-0.684,0.535
-0.211,-0.656,0.523
-0.195,-0.625,0.52
-0.18,-0.605,0.508
-0.172,-0.605,0.484
-0.16,-0.613,0.465
-0.152,-0.621,0.445
-0.156,-0.637,0.422
-0.172,-0.652,0.414
-0.191,-0.66,0.402
-0.207,-0.668,0.395
-0.238,-0.668,0.395
-0.277,-0.652,0.391
-0.297,-0.664,0.398
-0.316,-0.672,0.422
-0.332,-0.695,0.438
-0.328,-0.738,0.449
-0.305,-0.793,0.461
-0.273,-0.859,0.48
-0.262,-0.941,0.492
-0.246,-1.02,0.5
-0.238,-1.059,0.508
-0.238,-1.027,0.508
-0.258,-0.945,0.5
-0.305,-0.879,0.473
-0.348,-0.828,0.473
-0.379,-0.809,0.5
-0.371,-0.84,0.574
-0.301,-0.961,0.676
-0.152,-1.137,0.773
0,-1.188,0.859
0.016,-1.031,0.949
-0.07,-0.805,1.023
-0.145,-0.668,1.051
-0.168,-0.711,1.031
-0.145,-0.855,0.969
-0.121,-0.969,0.871
-0.137,-0.988,0.789
-0.164,-0.934,0.754
-0.168,-0.922,0.742
-0.172,-0.973,0.742
-0.184,-0.992,0.738
-0.191,-0.965,0.746
-0.195,-0.91,0.746
-0.191,-0.848,0.73
-0.191,-0.781,0.711
-0.188,-0.734,0.684
-0.191,-0.727,0.648
-0.203,-0.738,0.609
-0.199,-0.75,0.566
-0.188,-0.754,0.535
-0.172,-0.738,0.516
-0.152,-0.715,0.5
-0.145,-0.688,0.484
-0.141,-0.668,0.477
-0.141,-0.652,0.465
-0.141,-0.645,0.465
-0.137,-0.633,0.461
-0.129,-0.621,0.457
-0.117,-0.605,0.465
-0.098,-0.598,0.48
-0.074,-0.594,0.492
-0.055,-0.605,0.516
-0.035,-0.648,0.535
-0.008,-0.684,0.555
0.008,-0.727,0.594
0.027,-0.758,0.633
0.059,-0.77,0.676
0.074,-0.77,0.68
0.047,-0.773,0.66
-0.02,-0.809,0.625
-0.09,-0.895,0.598
-0.145,-0.973,0.566
-0.168,-0.992,0.539
-0.188,-0.941,0.523
-0.184,-0.859,0.52
-0.199,-0.816,0.547
-0.258,-0.832,0.578
-0.398,-0.934,0.609
-0.563,-1.074,0.641
-0.629,-1.137,0.676
-0.59,-1.035,0.719
-0.508,-0.859,0.793
-0.441,-0.73,0.84
-0.414,-0.688,0.816
-0.414,-0.723,0.75
-0.418,-0.813,0.676
-0.418,-0.914,0.617
-0.41,-0.977,0.594
-0.402,-1.004,0.59
-0.391,-1.004,0.605
-0.371,-0.988,0.629
-0.344,-0.945,0.641
-0.316,-0.887,0.648
-0.301,-0.82,0.645
-0.285,-0.766,0.637
-0.27,-0.75,0.625
-0.254,-0.754,0.602
-0.25,-0.77,0.578
-0.242,-0.77,0.559
-0.227,-0.754,0.539
-0.211,-0.719,0.52
-0.211,-0.688,0.512
-0.211,-0.668,0.508
-0.211,-0.668,0.504
-0.234,-0.676,0.484
-0.25,-0.676,0.473
-0.254,-0.668,0.461
-0.242,-0.648,0.461
-0.242,-0.645,0.449
-0.254,-0.652,0.426
-0.25,-0.676,0.398
-0.273,-0.707,0.375
-0.289,-0.738,0.379
-0.305,-0.758,0.391
-0.32,-0.758,0.414
-0.332,-0.742,0.449
-0.352,-0.723,0.508
-0.355,-0.715,0.57
-0.359,-0.738,0.598
-0.359,-0.773,0.605
-0.355,-0.805,0.602
-0.344,-0.855,0.586
-0.328,-0.914,0.563
-0.328,-0.953,0.543
-0.34,-0.941,0.535
-0.355,-0.93,0.594
-0.324,-0.984,0.715
-0.207,-1.129,0.824
-0.043,-1.23,0.914
0.039,-1.164,0.984
-0.008,-0.941,1.02
-0.117,-0.688,1.031
-0.211,-0.531,1.027
-0.258,-0.539,1.004
-0.266,-0.676,0.965
-0.246,-0.848,0.922
-0.195,-0.965,0.863
-0.164,-0.941,0.828
-0.145,-0.828,0.824
-0.121,-0.746,0.828
-0.098,-0.758,0.836
-0.102,-0.777,0.828
-0.129,-0.754,0.82
-0.156,-0.715,0.793
-0.18,-0.672,0.758
-0.191,-0.637,0.727
-0.188,-0.621,0.695
-0.184,-0.609,0.652
-0.184,-0.613,0.621
-0.176,-0.609,0.594
-0.164,-0.613,0.578
-0.152,-0.605,0.563
-0.129,-0.594,0.547
-0.121,-0.582,0.547
-0.129,-0.578,0.535
-0.137,-0.586,0.531
-0.137,-0.598,0.531
-0.145,-0.617,0.523
-0.129,-0.625,0.527
-0.102,-0.625,0.539
-0.074,-0.645,0.559
-0.066,-0.66,0.57
-0.035,-0.68,0.594
-0.02,-0.676,0.605
-0.008,-0.664,0.621
0,-0.656,0.656
-0.004,-0.645,0.676
-0.012,-0.66,0.688
-0.027,-0.684,0.691
-0.047,-0.719,0.672
-0.074,-0.766,0.637
-0.105,-0.793,0.613
-0.117,-0.785,0.582
-0.129,-0.738,0.555
-0.141,-0.691,0.539
-0.16,-0.652,0.563
-0.168,-0.645,0.617
-0.211,-0.754,0.641
-0.375,-0.984,0.641
-0.633,-1.184,0.637
-0.758,-1.148,0.684
-0.719,-0.953,0.801
-0.633,-0.727,0.914
-0.566,-0.582,0.938
-0.559,-0.648,0.91
-0.547,-0.875,0.848
-0.523,-1.078,0.793
-0.473,-1.094,0.789
-0.43,-0.988,0.809
-0.414,-0.922,0.828
-0.406,-0.93,0.828
-0.402,-0.934,0.832
-0.387,-0.887,0.836
-0.371,-0.805,0.84
-0.355,-0.738,0.836
-0.344,-0.695,0.824
-0.332,-0.688,0.797
-0.32,-0.695,0.762
-0.309,-0.699,0.723
-0.305,-0.688,0.695
-0.293,-0.672,0.672
-0.289,-0.66,0.652
-0.277,-0.645,0.625
-0.273,-0.637,0.605
-0.262,-0.621,0.594
-0.246,-0.598,0.582
-0.238,-0.566,0.578
-0.234,-0.543,0.566
-0.242,-0.531,0.555
-0.266,-0.523,0.535
-0.281,-0.504,0.512
-0.316,-0.48,0.492
-0.328,-0.465,0.504
-0.344,-0.453,0.504
-0.355,-0.477,0.516
-0.344,-0.527,0.496
-0.324,-0.598,0.473
-0.32,-0.68,0.461
-0.313,-0.738,0.465
-0.297,-0.754,0.473
-0.289,-0.738,0.504
-0.301,-0.727,0.543
-0.328,-0.746,0.629
-0.336,-0.828,0.758
-0.277,-1.027,0.832
-0.191,-1.23,0.855
-0.176,-1.176,0.883
-0.238,-0.906,0.922
-0.332,-0.66,0.93
-0.398,-0.551,0.926
-0.422,-0.633,0.898
-0.398,-0.84,0.859
-0.348,-1.027,0.824
-0.301,-1.055,0.82
-0.277,-0.941,0.832
-0.281,-0.844,0.844
-0.309,-0.82,0.836
-0.344,-0.836,0.813
-0.375,-0.832,0.781
-0.383,-0.793,0.758
-0.387,-0.754,0.734
-0.379,-0.715,0.711
-0.371,-0.691,0.695
-0.352,-0.672,0.676
-0.332,-0.648,0.664
-0.316,-0.621,0.645
-0.301,-0.609,0.625
-0.281,-0.605,0.621
-0.273,-0.602,0.605
-0.27,-0.602,0.605
-0.27,-0.609,0.598
-0.266,-0.613,0.59
-0.266,-0.617,0.594
-0.258,-0.625,0.59
-0.25,-0.641,0.59
-0.242,-0.66,0.586
-0.242,-0.68,0.578
-0.254,-0.703,0.582
-0.27,-0.703,0.582
-0.281,-0.695,0.59
-0.297,-0.699,0.602
-0.332,-0.723,0.617
-0.359,-0.754,0.629
-0.414,-0.77,0.633
-0.434,-0.773,0.633
-0.426,-0.773,0.633
-0.406,-0.754,0.625
-0.383,-0.734,0.617
-0.352,-0.719,0.617
-0.328,-0.723,0.621
-0.313,-0.758,0.621
-0.313,-0.82,0.629
-0.313,-0.875,0.633
-0.309,-0.91,0.633
-0.297,-0.898,0.637
-0.293,-0.875,0.641
-0.301,-0.844,0.645
-0.332,-0.809,0.648
-0.383,-0.773,0.629
-0.441,-0.754,0.609
-0.488,-0.746,0.59
-0.527,-0.734,0.574
-0.555,-0.734,0.566
-0.563,-0.73,0.559
-0.547,-0.734,0.551
-0.512,-0.738,0.555
-0.48,-0.742,0.566
-0.457,-0.75,0.578
-0.445,-0.766,0.59
-0.441,-0.781,0.59
-0.441,-0.789,0.586
-0.445,-0.785,0.582
-0.449,-0.781,0.574
-0.449,-0.773,0.563
-0.453,-0.773,0.539
-0.449,-0.777,0.523
-0.453,-0.797,0.512
-0.457,-0.793,0.496
-0.457,-0.766,0.488
-0.461,-0.734,0.496
-0.461,-0.711,0.508
-0.465,-0.695,0.516
-0.477,-0.684,0.516
-0.488,-0.672,0.516
-0.492,-0.656,0.508
-0.508,-0.645,0.5
-0.531,-0.641,0.48
-0.563,-0.645,0.469
-0.582,-0.656,0.469
-0.586,-0.672,0.473
-0.586,-0.68,0.473
-0.578,-0.695,0.477
-0.551,-0.715,0.492
-0.539,-0.715,0.5
-0.531,-0.711,0.512
-0.531,-0.723,0.543
-0.559,-0.727,0.59
-0.574,-0.734,0.621
-0.582,-0.734,0.656
-0.59,-0.73,0.676
-0.578,-0.746,0.68
-0.559,-0.777,0.68
-0.543,-0.832,0.684
-0.527,-0.898,0.684
-0.496,-0.973,0.691
-0.445,-0.996,0.707
-0.414,-0.953,0.715
-0.41,-0.871,0.699
-0.422,-0.809,0.672
-0.426,-0.773,0.656
-0.391,-0.754,0.637
-0.32,-0.727,0.621
-0.246,-0.688,0.617
-0.199,-0.656,0.629
-0.191,-0.648,0.652
-0.195,-0.648,0.684
-0.199,-0.668,0.715
-0.215,-0.688,0.746
-0.23,-0.691,0.762
-0.25,-0.688,0.754
-0.254,-0.699,0.75
-0.25,-0.727,0.746
-0.254,-0.762,0.738
-0.262,-0.785,0.727
-0.266,-0.805,0.707
-0.27,-0.805,0.691
-0.273,-0.781,0.672
-0.277,-0.754,0.648
-0.281,-0.746,0.637
-0.289,-0.746,0.629
-0.301,-0.762,0.617
-0.309,-0.766,0.613
-0.316,-0.758,0.613
-0.313,-0.746,0.621
-0.309,-0.734,0.613
-0.301,-0.719,0.602
-0.281,-0.711,0.59
-0.27,-0.711,0.578
-0.27,-0.723,0.551
-0.273,-0.738,0.531
-0.277,-0.754,0.52
-0.273,-0.746,0.508
-0.262,-0.742,0.516
-0.25,-0.742,0.523
-0.242,-0.75,0.535
-0.234,-0.766,0.563
-0.234,-0.789,0.59
-0.23,-0.805,0.621
-0.234,-0.809,0.637
-0.215,-0.801,0.664
-0.176,-0.809,0.688
-0.145,-0.828,0.703
-0.156,-0.852,0.695
-0.18,-0.875,0.664
-0.191,-0.891,0.625
-0.191,-0.883,0.582
-0.188,-0.844,0.555
-0.18,-0.82,0.527
-0.195,-0.859,0.531
-0.277,-0.945,0.52
-0.414,-1.051,0.508
-0.523,-1.098,0.504
-0.559,-1.02,0.539
-0.531,-0.887,0.59
-0.492,-0.777,0.641
-0.465,-0.723,0.66
-0.465,-0.734,0.656
-0.484,-0.766,0.641
-0.504,-0.797,0.621
-0.508,-0.813,0.598
-0.496,-0.816,0.602
-0.465,-0.797,0.617
-0.441,-0.773,0.645
-0.426,-0.766,0.664
-0.41,-0.773,0.66
-0.387,-0.777,0.652
-0.371,-0.766,0.637
-0.371,-0.727,0.613
-0.379,-0.695,0.59
-0.398,-0.688,0.559
-0.41,-0.715,0.527
-0.395,-0.738,0.508
-0.371,-0.742,0.496
-0.348,-0.73,0.5
-0.328,-0.723,0.512
-0.336,-0.723,0.516
-0.34,-0.727,0.516
-0.34,-0.73,0.512
-0.332,-0.719,0.504
-0.328,-0.707,0.492
-0.324,-0.699,0.473
-0.328,-0.699,0.449
-0.328,-0.715,0.438
-0.34,-0.73,0.414
-0.348,-0.738,0.402
-0.352,-0.73,0.391
-0.371,-0.711,0.395
-0.406,-0.703,0.41
-0.43,-0.703,0.457
-0.426,-0.727,0.488
-0.391,-0.766,0.5
-0.363,-0.82,0.508
-0.344,-0.859,0.516
-0.32,-0.906,0.531
-0.289,-0.949,0.563
-0.258,-0.934,0.594
-0.254,-0.902,0.637
-0.266,-0.941,0.719
-0.23,-1.086,0.813
-0.113,-1.199,0.887
-0.031,-1.121,0.961
-0.039,-0.895,1.004
-0.105,-0.695,0.996
-0.168,-0.672,0.953
-0.195,-0.777,0.914
-0.191,-0.898,0.867
-0.18,-0.934,0.836
-0.172,-0.875,0.828
-0.176,-0.813,0.824
-0.164,-0.805,0.824
-0.152,-0.824,0.82
-0.156,-0.84,0.805
-0.176,-0.832,0.781
-0.207,-0.809,0.746
-0.23,-0.785,0.707
-0.242,-0.758,0.664
-0.246,-0.734,0.633
-0.238,-0.711,0.613
-0.23,-0.688,0.594
-0.227,-0.668,0.574
-0.223,-0.648,0.555
-0.215,-0.629,0.531
-0.207,-0.613,0.512
-0.195,-0.594,0.508
-0.18,-0.578,0.504
-0.172,-0.574,0.496
-0.168,-0.59,0.488
-0.16,-0.617,0.48
-0.148,-0.645,0.477
-0.129,-0.672,0.48
-0.105,-0.672,0.477
-0.094,-0.672,0.477
-0.07,-0.684,0.477
-0.063,-0.703,0.477
-0.047,-0.738,0.5
-0.035,-0.785,0.52
-0.023,-0.832,0.551
-0.016,-0.867,0.582
-0.023,-0.895,0.613
-0.027,-0.91,0.641
-0.043,-0.922,0.641
-0.082,-0.941,0.617
-0.125,-0.957,0.582
-0.164,-0.965,0.535
-0.188,-0.953,0.484
-0.195,-0.914,0.449
-0.188,-0.855,0.434
-0.184,-0.797,0.434
-0.211,-0.813,0.457
-0.324,-0.914,0.5
-0.504,-1.074,0.566
-0.645,-1.207,0.625
-0.695,-1.199,0.695
-0.664,-1.016,0.781
-0.613,-0.785,0.828
-0.59,-0.695,0.801
-0.59,-0.746,0.719
-0.59,-0.859,0.641
-0.563,-0.953,0.578
-0.52,-0.98,0.543
-0.465,-0.984,0.539
-0.43,-0.996,0.547
-0.406,-0.992,0.57
-0.375,-0.938,0.598
-0.316,-0.844,0.617
-0.27,-0.766,0.613
-0.246,-0.723,0.602
-0.227,-0.711,0.586
-0.203,-0.711,0.566
-0.188,-0.707,0.551
-0.176,-0.707,0.539
-0.168,-0.691,0.52
-0.16,-0.68,0.512
-0.148,-0.676,0.504
-0.148,-0.672,0.492
-0.145,-0.672,0.48
-0.141,-0.668,0.473
-0.133,-0.664,0.469
-0.133,-0.672,0.461
-0.141,-0.688,0.453
-0.168,-0.715,0.43
-0.211,-0.73,0.402
-0.234,-0.75,0.379
-0.27,-0.762,0.359
-0.305,-0.766,0.34
-0.332,-0.766,0.355
-0.359,-0.773,0.406
-0.363,-0.805,0.453
-0.336,-0.848,0.477
-0.305,-0.871,0.5
-0.281,-0.883,0.52
-0.27,-0.883,0.539
-0.277,-0.879,0.539
-0.293,-0.836,0.52
-0.309,-0.766,0.492
-0.324,-0.688,0.473
-0.344,-0.648,0.473
-0.359,-0.719,0.531
-0.277,-0.938,0.668
-0.074,-1.238,0.809
0.086,-1.344,0.898
0.031,-1.117,0.988
-0.137,-0.793,1.063
-0.238,-0.648,1.063
-0.246,-0.754,0.996
-0.199,-0.949,0.918
-0.152,-1.102,0.836
-0.145,-1.109,0.785
-0.164,-1.051,0.77
-0.16,-1.051,0.773
-0.133,-1.109,0.781
-0.117,-1.102,0.781
-0.109,-1.012,0.785
-0.113,-0.914,0.77
-0.129,-0.832,0.734
-0.145,-0.797,0.688
-0.145,-0.773,0.648
-0.156,-0.754,0.602
-0.164,-0.738,0.566
-0.16,-0.703,0.531
-0.148,-0.68,0.504
-0.152,-0.652,0.477
-0.16,-0.621,0.457
-0.156,-0.59,0.453
-0.148,-0.57,0.43
-0.145,-0.555,0.41
-0.137,-0.559,0.402
-0.129,-0.563,0.406
-0.117,-0.582,0.418
-0.09,-0.613,0.445
-0.059,-0.641,0.461
-0.055,-0.664,0.477
-0.051,-0.699,0.492
-0.066,-0.73,0.504
-0.07,-0.777,0.52
-0.055,-0.82,0.531
-0.039,-0.852,0.551
-0.027,-0.867,0.57
-0.035,-0.887,0.586
-0.051,-0.918,0.586
-0.074,-0.938,0.578
-0.078,-0.914,0.559
-0.078,-0.863,0.539
-0.105,-0.801,0.512
-0.133,-0.734,0.469
-0.164,-0.68,0.426
-0.199,-0.699,0.414
-0.301,-0.832,0.473
-0.5,-1.066,0.594
-0.707,-1.332,0.676
-0.777,-1.402,0.742
-0.707,-1.113,0.883
-0.563,-0.73,0.973
-0.484,-0.594,0.949
-0.48,-0.707,0.859
-0.516,-0.898,0.738
-0.539,-1.063,0.637
-0.523,-1.117,0.609
-0.48,-1.086,0.625
-0.434,-1.035,0.664
-0.391,-0.973,0.715
-0.363,-0.879,0.738
-0.332,-0.789,0.742
-0.297,-0.727,0.719
-0.254,-0.711,0.676
-0.23,-0.715,0.629
-0.211,-0.723,0.59
-0.207,-0.715,0.559
-0.203,-0.703,0.539
-0.203,-0.695,0.523
-0.188,-0.68,0.516
-0.176,-0.664,0.504
-0.16,-0.652,0.492
-0.148,-0.641,0.484
-0.145,-0.633,0.465
-0.152,-0.621,0.438
-0.164,-0.613,0.398
-0.172,-0.621,0.367
-0.188,-0.645,0.348
-0.207,-0.668,0.328
-0.242,-0.676,0.316
-0.297,-0.695,0.324
-0.328,-0.707,0.352
-0.344,-0.711,0.387
-0.355,-0.742,0.441
-0.348,-0.781,0.488
-0.32,-0.828,0.512
-0.293,-0.879,0.516
-0.277,-0.938,0.523
-0.273,-0.965,0.535
-0.273,-0.953,0.531
-0.289,-0.91,0.512
-0.309,-0.836,0.48
-0.332,-0.754,0.461
-0.34,-0.691,0.473
-0.328,-0.676,0.531
-0.266,-0.762,0.621
-0.141,-0.957,0.742
0.02,-1.156,0.848
0.059,-1.152,0.934
-0.063,-0.977,1.012
-0.211,-0.82,1.043
-0.273,-0.816,1.016
-0.258,-0.914,0.988
-0.219,-1.02,0.945
-0.219,-1.063,0.891
-0.23,-1.031,0.852
-0.223,-0.984,0.832
-0.211,-1.004,0.809
-0.199,-1.051,0.781
-0.184,-1.047,0.766
-0.176,-0.996,0.738
-0.176,-0.922,0.703
-0.184,-0.852,0.664
-0.195,-0.793,0.621
-0.191,-0.754,0.578
-0.184,-0.734,0.535
-0.18,-0.719,0.496
-0.176,-0.707,0.461
-0.168,-0.703,0.434
-0.16,-0.699,0.41
-0.152,-0.691,0.379
-0.152,-0.68,0.371
-0.148,-0.664,0.363
-0.129,-0.652,0.359
-0.113,-0.645,0.359
-0.09,-0.637,0.363
-0.066,-0.617,0.363
-0.039,-0.609,0.363
0.004,-0.613,0.387
0.035,-0.637,0.422
0.047,-0.652,0.457
0.039,-0.676,0.488
0.008,-0.695,0.52
-0.016,-0.707,0.547
-0.027,-0.734,0.578
-0.027,-0.793,0.598
-0.035,-0.875,0.598
-0.055,-0.945,0.578
-0.086,-0.992,0.555
-0.105,-1,0.539
-0.125,-0.98,0.512
-0.152,-0.945,0.473
-0.18,-0.902,0.422
-0.211,-0.906,0.395
-0.293,-0.988,0.398
-0.438,-1.125,0.438
-0.563,-1.25,0.496
-0.594,-1.23,0.586
-0.543,-1.047,0.723
-0.48,-0.824,0.824
-0.465,-0.707,0.852
-0.504,-0.766,0.813
-0.547,-0.902,0.754
-0.566,-1.012,0.715
-0.551,-1.055,0.695
-0.516,-1.035,0.676
-0.473,-1.008,0.676
-0.41,-0.992,0.672
-0.367,-0.992,0.66
-0.336,-0.969,0.652
-0.309,-0.918,0.648
-0.289,-0.859,0.629
-0.27,-0.801,0.605
-0.246,-0.781,0.578
-0.242,-0.777,0.543
-0.23,-0.785,0.52
-0.215,-0.777,0.496
-0.207,-0.758,0.473
-0.199,-0.73,0.449
-0.188,-0.703,0.441
-0.18,-0.672,0.43
-0.168,-0.652,0.422
-0.152,-0.633,0.406
-0.152,-0.629,0.395
-0.152,-0.621,0.383
-0.156,-0.617,0.363
-0.176,-0.617,0.328
-0.211,-0.621,0.305
-0.254,-0.633,0.289
-0.285,-0.641,0.285
-0.313,-0.656,0.293
-0.309,-0.668,0.313
-0.316,-0.703,0.324
-0.344,-0.766,0.332
-0.352,-0.859,0.344
-0.344,-0.957,0.363
-0.332,-1.027,0.375
-0.324,-1.043,0.406
-0.313,-0.992,0.438
-0.32,-0.918,0.449
-0.328,-0.832,0.449
-0.324,-0.75,0.434
-0.32,-0.688,0.406
-0.316,-0.641,0.379
-0.309,-0.668,0.395
-0.258,-0.844,0.504
-0.098,-1.105,0.703
0.121,-1.402,0.887
0.203,-1.465,1.035
0.066,-1.172,1.16
-0.098,-0.809,1.184
-0.168,-0.68,1.145
-0.16,-0.762,1.09
-0.137,-0.969,0.992
-0.152,-1.141,0.852
-0.176,-1.172,0.762
-0.18,-1.133,0.723
-0.156,-1.137,0.73
-0.121,-1.145,0.746
-0.102,-1.082,0.75
-0.105,-0.969,0.746
-0.125,-0.859,0.719
-0.156,-0.766,0.672
-0.188,-0.719,0.621
-0.207,-0.703,0.566
-0.203,-0.711,0.523
-0.18,-0.723,0.496
-0.152,-0.719,0.465
-0.145,-0.695,0.453
-0.145,-0.664,0.438
-0.145,-0.625,0.418
-0.125,-0.586,0.414
-0.102,-0.578,0.398
-0.086,-0.598,0.383
-0.07,-0.613,0.375
-0.055,-0.625,0.367
-0.035,-0.633,0.359
-0.023,-0.656,0.359
-0.02,-0.699,0.367
-0.008,-0.727,0.391
0.008,-0.75,0.414
0.039,-0.766,0.449
0.07,-0.77,0.488
0.074,-0.797,0.52
0.035,-0.844,0.535
-0.012,-0.887,0.543
-0.047,-0.906,0.555
-0.074,-0.891,0.555
-0.094,-0.863,0.539
-0.121,-0.824,0.512
-0.141,-0.801,0.492
-0.176,-0.828,0.48
-0.289,-0.945,0.5
-0.496,-1.141,0.551
-0.652,-1.348,0.59
-0.645,-1.27,0.664
-0.539,-0.949,0.813
-0.445,-0.684,0.902
-0.438,-0.629,0.879
-0.48,-0.777,0.762
-0.527,-0.992,0.648
-0.547,-1.16,0.574
-0.539,-1.195,0.559
-0.504,-1.145,0.578
-0.469,-1.078,0.609
-0.441,-1.031,0.633
-0.414,-0.992,0.645
-0.391,-0.949,0.648
-0.359,-0.891,0.648
-0.328,-0.84,0.645
-0.297,-0.813,0.633
-0.277,-0.793,0.609
-0.258,-0.777,0.582
-0.242,-0.762,0.551
-0.23,-0.738,0.523
-0.215,-0.707,0.504
-0.191,-0.668,0.48
-0.168,-0.648,0.469
-0.152,-0.637,0.453
-0.145,-0.621,0.434
-0.141,-0.605,0.406
-0.152,-0.605,0.371
-0.16,-0.613,0.348
-0.168,-0.617,0.328
-0.191,-0.633,0.297
-0.215,-0.66,0.293
-0.223,-0.672,0.309
-0.23,-0.672,0.344
-0.238,-0.656,0.383
-0.246,-0.648,0.426
-0.254,-0.688,0.449
-0.238,-0.773,0.469
-0.195,-0.867,0.48
-0.156,-0.949,0.492
-0.137,-0.98,0.5
-0.145,-0.953,0.496
-0.172,-0.91,0.48
-0.199,-0.867,0.434
-0.223,-0.824,0.422
-0.242,-0.859,0.504
-0.156,-1.043,0.633
0.016,-1.273,0.762
0.121,-1.332,0.859
0.035,-1.137,0.961
-0.141,-0.895,1.063
-0.238,-0.773,1.078
-0.242,-0.816,1.047
-0.207,-0.961,1.004
-0.168,-1.086,0.938
-0.141,-1.117,0.859
-0.133,-1.082,0.832
-0.113,-1.059,0.828
-0.102,-1.066,0.836
-0.105,-1.051,0.848
-0.129,-0.961,0.84
-0.164,-0.852,0.813
-0.195,-0.77,0.766
-0.219,-0.711,0.703
-0.227,-0.688,0.633
-0.23,-0.684,0.57
-0.219,-0.676,0.516
-0.207,-0.668,0.477
-0.191,-0.652,0.449
-0.18,-0.621,0.422
-0.172,-0.586,0.398
-0.164,-0.555,0.395
-0.148,-0.531,0.387
-0.133,-0.52,0.395
-0.117,-0.523,0.398
-0.109,-0.547,0.395
-0.109,-0.578,0.395
-0.09,-0.617,0.398
-0.074,-0.645,0.406
-0.059,-0.672,0.418
-0.039,-0.707,0.441
-0.02,-0.758,0.465
0,-0.797,0.5
0.012,-0.832,0.539
-0.004,-0.855,0.559
-0.035,-0.891,0.59
-0.066,-0.934,0.617
-0.074,-0.992,0.625
-0.086,-1.02,0.609
-0.102,-1,0.578
-0.129,-0.957,0.551
-0.164,-0.902,0.516
-0.18,-0.84,0.469
-0.156,-0.762,0.422
-0.145,-0.699,0.418
-0.199,-0.719,0.461
-0.379,-0.867,0.547
-0.594,-1.105,0.629
-0.711,-1.293,0.668
-0.684,-1.246,0.746
-0.602,-0.984,0.832
-0.559,-0.77,0.852
-0.559,-0.781,0.805
-0.559,-0.93,0.742
-0.535,-1.063,0.699
-0.48,-1.125,0.656
-0.434,-1.129,0.641
-0.395,-1.105,0.633
-0.367,-1.063,0.621
-0.344,-1.016,0.617
-0.332,-0.949,0.609
-0.313,-0.883,0.609
-0.277,-0.813,0.605
-0.25,-0.762,0.59
-0.227,-0.727,0.563
-0.199,-0.711,0.543
-0.172,-0.691,0.516
-0.145,-0.668,0.492
-0.133,-0.648,0.465
-0.137,-0.641,0.43
-0.137,-0.629,0.402
-0.141,-0.617,0.398
-0.148,-0.609,0.383
-0.164,-0.605,0.371
-0.18,-0.602,0.375
-0.195,-0.598,0.367
-0.219,-0.59,0.363
-0.227,-0.582,0.355
-0.242,-0.59,0.352
-0.262,-0.621,0.34
-0.285,-0.664,0.344
-0.297,-0.727,0.375
-0.293,-0.805,0.418
-0.289,-0.887,0.465
-0.289,-0.949,0.492
-0.309,-0.984,0.492
-0.34,-0.969,0.48
-0.34,-0.938,0.477
-0.34,-0.898,0.461
-0.328,-0.836,0.449
-0.313,-0.766,0.434
-0.309,-0.684,0.414
-0.305,-0.617,0.387
-0.305,-0.609,0.398
-0.285,-0.734,0.52
-0.164,-0.988,0.73
0.039,-1.344,0.918
0.094,-1.473,1.074
-0.066,-1.172,1.203
-0.219,-0.758,1.246
-0.27,-0.59,1.23
-0.238,-0.715,1.168
-0.188,-0.984,1.047
-0.176,-1.184,0.902
-0.211,-1.199,0.797
-0.227,-1.152,0.75
-0.207,-1.152,0.715
-0.176,-1.156,0.695
-0.164,-1.102,0.688
-0.168,-0.992,0.676
-0.184,-0.895,0.66
-0.199,-0.816,0.625
-0.203,-0.773,0.594
-0.199,-0.746,0.563
-0.191,-0.723,0.527
-0.18,-0.699,0.496
-0.172,-0.68,0.461
-0.172,-0.66,0.426
-0.18,-0.648,0.398
-0.176,-0.633,0.375
-0.156,-0.613,0.363
-0.137,-0.602,0.359
-0.109,-0.586,0.348
-0.086,-0.582,0.336
-0.059,-0.582,0.336
-0.035,-0.605,0.344
-0.023,-0.641,0.352
-0.027,-0.664,0.352
-0.039,-0.688,0.371
-0.039,-0.699,0.402
-0.031,-0.719,0.418
-0.027,-0.73,0.438
-0.016,-0.766,0.465
-0.008,-0.844,0.496
-0.008,-0.93,0.527
-0.023,-1.02,0.563
-0.051,-1.066,0.59
-0.078,-1.043,0.613
-0.098,-0.957,0.613
-0.105,-0.848,0.59
-0.105,-0.758,0.535
-0.113,-0.703,0.453
-0.121,-0.691,0.41
-0.145,-0.746,0.418
-0.23,-0.875,0.477
-0.383,-1.059,0.563
-0.547,-1.254,0.641
-0.633,-1.293,0.715
-0.633,-1.098,0.824
-0.578,-0.824,0.91
-0.531,-0.68,0.926
-0.52,-0.727,0.875
-0.512,-0.844,0.797
-0.484,-0.996,0.719
-0.453,-1.109,0.656
-0.418,-1.164,0.645
-0.391,-1.188,0.641
-0.387,-1.172,0.637
-0.387,-1.098,0.645
-0.379,-0.992,0.652
-0.355,-0.898,0.66
-0.32,-0.82,0.656
-0.281,-0.777,0.648
-0.25,-0.758,0.625
-0.23,-0.758,0.594
-0.215,-0.754,0.563
-0.203,-0.754,0.531
-0.207,-0.742,0.508
-0.203,-0.707,0.488
-0.199,-0.664,0.461
-0.188,-0.633,0.457
-0.156,-0.609,0.453
-0.129,-0.605,0.434
-0.125,-0.609,0.406
-0.133,-0.621,0.387
-0.145,-0.613,0.371
-0.176,-0.613,0.352
-0.207,-0.621,0.348
-0.23,-0.617,0.355
-0.25,-0.609,0.371
-0.254,-0.602,0.398
-0.266,-0.605,0.41
-0.277,-0.637,0.422
-0.289,-0.688,0.441
-0.281,-0.758,0.473
-0.262,-0.813,0.477
-0.242,-0.859,0.488
-0.219,-0.914,0.516
-0.211,-0.938,0.516
-0.215,-0.902,0.5
-0.23,-0.836,0.492
-0.246,-0.777,0.492
-0.238,-0.742,0.52
-0.219,-0.758,0.59
-0.164,-0.867,0.695
-0.039,-1.078,0.836
0.125,-1.293,0.945
0.199,-1.262,1.07
0.086,-0.996,1.203
-0.094,-0.715,1.238
-0.219,-0.57,1.168
-0.277,-0.652,1.09
-0.266,-0.844,0.973
-0.219,-0.996,0.863
-0.168,-1.035,0.801
-0.141,-1.027,0.773
-0.141,-1.043,0.777
-0.145,-1.086,0.77
-0.145,-1.078,0.77
-0.141,-1.004,0.777
-0.16,-0.902,0.766
-0.176,-0.805,0.746
-0.188,-0.75,0.707
-0.191,-0.742,0.656
-0.199,-0.754,0.598
-0.184,-0.77,0.543
-0.18,-0.77,0.492
-0.176,-0.738,0.469
-0.172,-0.711,0.457
-0.156,-0.691,0.449
-0.129,-0.672,0.441
-0.102,-0.641,0.434
-0.082,-0.613,0.434
-0.055,-0.605,0.414
-0.039,-0.602,0.398
-0.031,-0.617,0.395
-0.016,-0.629,0.395
0.004,-0.629,0.398
0.012,-0.617,0.422
0.016,-0.609,0.445
0.02,-0.602,0.48
0.027,-0.609,0.52
0.031,-0.629,0.586
0.027,-0.668,0.645
0.02,-0.715,0.668
0,-0.797,0.672
-0.035,-0.891,0.672
-0.098,-1.004,0.668
-0.148,-1.066,0.629
-0.184,-1.063,0.602
-0.203,-1.016,0.613
-0.27,-0.988,0.633
-0.383,-1.023,0.648
-0.496,-1.082,0.652
-0.547,-1.07,0.68
-0.535,-0.926,0.723
-0.473,-0.727,0.785
-0.418,-0.578,0.82
-0.43,-0.566,0.809
-0.469,-0.688,0.766
-0.508,-0.844,0.711
-0.531,-0.953,0.676
-0.535,-0.977,0.664
-0.531,-0.949,0.672
-0.516,-0.922,0.676
-0.484,-0.93,0.691
-0.441,-0.941,0.711
-0.383,-0.926,0.719
-0.336,-0.879,0.711
-0.309,-0.824,0.688
-0.285,-0.781,0.656
-0.27,-0.758,0.625
-0.266,-0.766,0.598
-0.258,-0.773,0.563
-0.246,-0.777,0.539
-0.234,-0.766,0.516
-0.23,-0.738,0.488
-0.211,-0.695,0.473
-0.199,-0.664,0.445
-0.191,-0.645,0.438
-0.176,-0.633,0.426
-0.176,-0.629,0.402
-0.172,-0.613,0.387
-0.184,-0.602,0.379
-0.188,-0.582,0.371
-0.199,-0.574,0.355
-0.227,-0.578,0.344
-0.266,-0.59,0.328
-0.301,-0.621,0.328
-0.324,-0.656,0.359
-0.328,-0.695,0.406
-0.32,-0.738,0.461
-0.297,-0.785,0.496
-0.277,-0.836,0.52
-0.273,-0.906,0.531
-0.281,-0.961,0.523
-0.297,-0.984,0.516
-0.293,-0.961,0.516
-0.305,-0.902,0.504
-0.324,-0.824,0.492
-0.34,-0.777,0.516
-0.336,-0.824,0.582
-0.266,-0.957,0.656
-0.145,-1.133,0.762
-0.047,-1.191,0.84
-0.07,-1.082,0.926
-0.191,-0.906,1
-0.293,-0.777,1.008
-0.305,-0.777,0.984
-0.262,-0.879,0.965
-0.211,-1.008,0.926
-0.184,-1.094,0.871
-0.168,-1.074,0.836
-0.156,-1.023,0.84
-0.148,-1.004,0.852
-0.152,-0.996,0.859
-0.18,-0.973,0.855
-0.207,-0.902,0.832
-0.23,-0.813,0.797
-0.246,-0.742,0.742
-0.246,-0.715,0.68
-0.242,-0.703,0.625
-0.234,-0.691,0.59
-0.23,-0.68,0.555
-0.223,-0.664,0.527
-0.215,-0.652,0.504
-0.207,-0.633,0.484
-0.203,-0.605,0.469
-0.203,-0.586,0.457
-0.191,-0.574,0.445
-0.18,-0.574,0.426
-0.168,-0.594,0.41
-0.156,-0.617,0.414
-0.152,-0.629,0.418
-0.129,-0.641,0.426
-0.117,-0.66,0.438
-0.098,-0.688,0.461
-0.074,-0.688,0.488
-0.051,-0.688,0.512
-0.023,-0.688,0.539
-0.004,-0.699,0.531
0,-0.73,0.543
-0.008,-0.758,0.566
-0.02,-0.82,0.57
-0.051,-0.902,0.559
-0.07,-0.957,0.547
-0.082,-0.961,0.527
-0.074,-0.914,0.512
-0.09,-0.832,0.504
-0.129,-0.777,0.527
-0.238,-0.797,0.582
-0.445,-0.918,0.66
-0.656,-1.098,0.742
-0.723,-1.156,0.824
-0.648,-0.961,0.934
-0.539,-0.672,1.02
-0.477,-0.504,1.004
-0.504,-0.566,0.91
-0.547,-0.789,0.773
-0.566,-0.992,0.676
-0.566,-1.113,0.621
-0.551,-1.117,0.613
-0.543,-1.047,0.637
-0.512,-0.938,0.68
-0.465,-0.832,0.703
-0.41,-0.773,0.727
-0.363,-0.742,0.723
-0.324,-0.738,0.699
-0.305,-0.742,0.68
-0.293,-0.758,0.652
-0.289,-0.762,0.633
-0.277,-0.75,0.605
-0.262,-0.742,0.586
-0.242,-0.723,0.57
-0.219,-0.703,0.563
-0.195,-0.68,0.547
-0.18,-0.656,0.535
-0.172,-0.637,0.516
-0.176,-0.629,0.492
-0.211,-0.633,0.461
-0.234,-0.637,0.422
-0.262,-0.645,0.41
-0.27,-0.633,0.395
-0.262,-0.621,0.391
-0.262,-0.621,0.391
-0.273,-0.629,0.395
-0.281,-0.633,0.418
-0.277,-0.625,0.457
-0.262,-0.641,0.492
-0.246,-0.68,0.512
-0.227,-0.73,0.512
-0.219,-0.809,0.496
-0.203,-0.891,0.484
-0.199,-0.926,0.492
-0.203,-0.883,0.516
-0.227,-0.805,0.547
-0.289,-0.746,0.563
-0.316,-0.719,0.59
-0.336,-0.723,0.613
-0.352,-0.809,0.676
-0.289,-1.051,0.758
-0.082,-1.352,0.789
0.086,-1.438,0.859
0.055,-1.219,0.953
-0.105,-0.934,1.031
-0.238,-0.762,1.055
-0.313,-0.703,1.047
-0.344,-0.734,1.008
-0.316,-0.824,0.945
-0.254,-0.918,0.867
-0.207,-0.957,0.805
-0.199,-0.93,0.785
-0.199,-0.895,0.793
-0.184,-0.871,0.805
-0.172,-0.844,0.816
-0.18,-0.777,0.82
-0.195,-0.707,0.805
-0.227,-0.648,0.77
-0.238,-0.613,0.738
-0.238,-0.617,0.703
-0.23,-0.645,0.672
-0.219,-0.672,0.648
-0.211,-0.672,0.625
-0.207,-0.645,0.617
-0.184,-0.609,0.625
-0.168,-0.582,0.637
-0.145,-0.574,0.629
-0.125,-0.566,0.621
-0.098,-0.563,0.602
-0.078,-0.559,0.574
-0.07,-0.555,0.551
-0.063,-0.563,0.523
-0.063,-0.57,0.492
-0.063,-0.578,0.484
-0.047,-0.57,0.457
-0.035,-0.574,0.434
-0.016,-0.586,0.43
0,-0.586,0.434
0.004,-0.598,0.453
0.008,-0.621,0.48
0.008,-0.652,0.5
-0.027,-0.688,0.504
-0.078,-0.723,0.512
-0.129,-0.762,0.523
-0.156,-0.77,0.527
-0.164,-0.754,0.512
-0.16,-0.715,0.516
-0.152,-0.676,0.559
-0.191,-0.695,0.645
-0.34,-0.848,0.719
-0.586,-1.152,0.762
-0.754,-1.438,0.785
-0.762,-1.352,0.898
-0.703,-1.043,1.023
-0.68,-0.766,1.055
-0.715,-0.73,1.027
-0.707,-0.887,0.973
-0.637,-1.008,0.934
-0.551,-0.992,0.922
-0.488,-0.926,0.926
-0.457,-0.91,0.922
-0.422,-0.941,0.906
-0.398,-0.945,0.902
-0.383,-0.879,0.902
-0.375,-0.789,0.898
-0.367,-0.73,0.887
-0.359,-0.699,0.871
-0.328,-0.684,0.859
-0.289,-0.656,0.82
-0.262,-0.617,0.785
-0.242,-0.582,0.75
-0.23,-0.563,0.738
-0.234,-0.559,0.727
-0.242,-0.563,0.699
-0.246,-0.566,0.672
-0.262,-0.566,0.652
-0.277,-0.555,0.629
-0.285,-0.547,0.609
-0.297,-0.527,0.594
-0.313,-0.508,0.578
-0.332,-0.5,0.574
-0.348,-0.5,0.57
-0.379,-0.504,0.57
-0.41,-0.504,0.594
-0.438,-0.488,0.617
-0.457,-0.477,0.629
-0.477,-0.496,0.641
-0.488,-0.535,0.648
-0.488,-0.594,0.645
-0.488,-0.648,0.645
-0.484,-0.688,0.645
-0.48,-0.715,0.641
-0.477,-0.75,0.652
-0.445,-0.813,0.656
-0.418,-0.883,0.66
-0.371,-0.941,0.66
-0.316,-0.953,0.66
-0.25,-0.922,0.668
-0.223,-0.883,0.664
-0.227,-0.848,0.652
-0.23,-0.813,0.645
-0.246,-0.781,0.637
-0.258,-0.758,0.625
-0.266,-0.734,0.605
-0.258,-0.73,0.602
-0.238,-0.734,0.594
-0.211,-0.734,0.594
-0.188,-0.742,0.598
-0.184,-0.754,0.586
-0.195,-0.766,0.582
-0.211,-0.773,0.578
-0.227,-0.777,0.582
-0.23,-0.777,0.59
-0.219,-0.793,0.602
-0.207,-0.805,0.609
-0.188,-0.813,0.621
-0.168,-0.828,0.637
-0.152,-0.832,0.645
-0.141,-0.84,0.648
-0.137,-0.844,0.648
-0.148,-0.859,0.633
-0.168,-0.855,0.617
-0.184,-0.848,0.609
-0.195,-0.84,0.602
-0.207,-0.84,0.594
-0.203,-0.836,0.59
-0.203,-0.844,0.59
-0.203,-0.848,0.59
-0.207,-0.836,0.582
-0.203,-0.793,0.59
-0.184,-0.766,0.598
-0.176,-0.77,0.594
-0.18,-0.785,0.582
-0.188,-0.801,0.57
-0.199,-0.801,0.555
-0.211,-0.793,0.547
-0.227,-0.781,0.543
-0.262,-0.805,0.559
-0.34,-0.887,0.578
-0.453,-1,0.59
-0.516,-1.066,0.578
-0.488,-1.008,0.582
-0.414,-0.84,0.605
-0.367,-0.66,0.621
-0.348,-0.59,0.613
-0.348,-0.645,0.582
-0.371,-0.746,0.551
-0.371,-0.836,0.535
-0.367,-0.859,0.523
-0.359,-0.828,0.527
-0.363,-0.762,0.535
-0.379,-0.715,0.539
-0.402,-0.707,0.543
-0.418,-0.742,0.547
-0.438,-0.762,0.555
-0.449,-0.77,0.563
-0.441,-0.77,0.586
-0.422,-0.762,0.598
-0.414,-0.75,0.602
-0.406,-0.746,0.609
-0.402,-0.746,0.609
-0.402,-0.746,0.609
-0.395,-0.75,0.598
-0.391,-0.766,0.582
-0.395,-0.789,0.559
-0.395,-0.816,0.543
-0.391,-0.832,0.523
-0.387,-0.832,0.512
-0.383,-0.832,0.496
-0.375,-0.84,0.473
-0.375,-0.855,0.461
-0.371,-0.859,0.445
-0.363,-0.859,0.441
-0.367,-0.852,0.438
-0.371,-0.852,0.441
-0.371,-0.852,0.453
-0.371,-0.848,0.461
-0.367,-0.848,0.473
-0.355,-0.836,0.484
-0.352,-0.84,0.492
-0.352,-0.836,0.496
-0.352,-0.824,0.512
-0.359,-0.816,0.52
-0.363,-0.809,0.527
-0.363,-0.816,0.539
-0.371,-0.848,0.563
-0.363,-0.891,0.57
-0.352,-0.91,0.578
-0.324,-0.902,0.602
-0.301,-0.863,0.605
-0.293,-0.789,0.613
-0.305,-0.715,0.625
-0.348,-0.652,0.645
-0.402,-0.633,0.633
-0.461,-0.641,0.621
-0.531,-0.676,0.59
-0.582,-0.699,0.574
-0.57,-0.719,0.59
-0.539,-0.719,0.598
-0.492,-0.719,0.602
-0.426,-0.711,0.613
-0.367,-0.703,0.625
-0.32,-0.68,0.641
-0.285,-0.656,0.641
-0.273,-0.625,0.645
-0.289,-0.613,0.637
-0.305,-0.621,0.617
-0.324,-0.648,0.609
-0.348,-0.688,0.613
-0.355,-0.727,0.625
-0.367,-0.75,0.637
-0.379,-0.762,0.648
-0.387,-0.77,0.648
-0.391,-0.781,0.648
-0.383,-0.789,0.66
-0.371,-0.785,0.672
-0.34,-0.773,0.676
-0.316,-0.777,0.68
-0.313,-0.785,0.676
-0.305,-0.781,0.672
-0.305,-0.777,0.668
-0.293,-0.777,0.664
-0.277,-0.77,0.664
-0.258,-0.762,0.668
-0.23,-0.75,0.672
-0.219,-0.73,0.676
-0.227,-0.703,0.688
-0.234,-0.688,0.688
-0.25,-0.684,0.691
-0.246,-0.688,0.691
-0.234,-0.691,0.684
-0.227,-0.684,0.695
-0.227,-0.664,0.711
-0.234,-0.656,0.73
-0.254,-0.66,0.742
-0.273,-0.668,0.746
-0.289,-0.652,0.754
-0.293,-0.652,0.773
-0.305,-0.672,0.785
-0.332,-0.699,0.773
-0.352,-0.703,0.758
-0.363,-0.684,0.75
-0.367,-0.664,0.746
-0.387,-0.668,0.73
-0.402,-0.672,0.715
-0.41,-0.668,0.707
-0.426,-0.66,0.703
-0.41,-0.656,0.711
-0.414,-0.648,0.715
-0.418,-0.641,0.711
-0.426,-0.648,0.703
-0.434,-0.664,0.699
-0.43,-0.664,0.703
-0.422,-0.66,0.719
-0.426,-0.664,0.734
-0.43,-0.66,0.746
-0.441,-0.652,0.758
-0.449,-0.625,0.766
-0.461,-0.602,0.777
-0.457,-0.586,0.789
-0.453,-0.582,0.793
-0.449,-0.594,0.789
-0.445,-0.613,0.785
-0.434,-0.617,0.777
-0.422,-0.605,0.766
-0.418,-0.602,0.734
-0.414,-0.602,0.707
-0.41,-0.617,0.691
-0.398,-0.637,0.688
-0.383,-0.648,0.684
-0.383,-0.652,0.695
-0.383,-0.637,0.711
-0.387,-0.609,0.723
-0.395,-0.586,0.727
-0.395,-0.563,0.734
-0.387,-0.563,0.734
-0.379,-0.566,0.734
-0.375,-0.559,0.734
-0.371,-0.551,0.73
-0.367,-0.547,0.727
-0.371,-0.559,0.73
-0.371,-0.582,0.746
-0.367,-0.625,0.758
-0.355,-0.645,0.762
-0.348,-0.637,0.801
-0.34,-0.621,0.828
-0.324,-0.586,0.844
-0.313,-0.543,0.871
-0.309,-0.484,0.883
-0.324,-0.465,0.906
-0.316,-0.461,0.91
-0.305,-0.457,0.922
-0.293,-0.457,0.922
-0.309,-0.438,0.906
-0.34,-0.414,0.887
-0.367,-0.41,0.898
-0.383,-0.402,0.883
-0.383,-0.418,0.895
-0.387,-0.414,0.91
-0.391,-0.398,0.914
-0.391,-0.395,0.922
-0.383,-0.398,0.91
-0.375,-0.402,0.895
-0.352,-0.398,0.887
-0.324,-0.402,0.891
-0.297,-0.398,0.895
-0.281,-0.418,0.879
-0.266,-0.426,0.875
-0.238,-0.41,0.867
-0.219,-0.395,0.883
-0.207,-0.391,0.887
-0.207,-0.387,0.902
-0.211,-0.383,0.91
-0.219,-0.391,0.906
-0.219,-0.395,0.914
-0.23,-0.406,0.918
-0.215,-0.406,0.926
-0.199,-0.426,0.949
-0.195,-0.438,0.949
-0.195,-0.434,0.941
-0.203,-0.418,0.949
-0.195,-0.398,0.961
-0.191,-0.402,0.973
-0.188,-0.41,0.969
-0.188,-0.41,0.961
-0.191,-0.398,0.961
-0.195,-0.395,0.957
-0.203,-0.391,0.941
-0.211,-0.391,0.934
-0.223,-0.391,0.926
-0.234,-0.387,0.91
-0.254,-0.375,0.902
-0.27,-0.375,0.906
-0.281,-0.375,0.906
-0.301,-0.395,0.906
-0.328,-0.418,0.898
-0.355,-0.418,0.891
-0.367,-0.41,0.895
-0.371,-0.398,0.898
-0.379,-0.395,0.91
-0.363,-0.391,0.93
-0.359,-0.387,0.93
-0.348,-0.379,0.914
-0.324,-0.344,0.914
-0.313,-0.305,0.922
-0.305,-0.27,0.945
-0.316,-0.25,0.969
-0.309,-0.238,0.992
-0.305,-0.246,0.996
-0.289,-0.266,1
-0.277,-0.281,1.004
-0.27,-0.289,1
-0.262,-0.289,1.008
-0.254,-0.305,1.004
-0.266,-0.316,1.008
-0.293,-0.328,0.996
-0.324,-0.34,0.98
-0.344,-0.355,0.961
-0.367,-0.371,0.945
-0.398,-0.379,0.934
-0.43,-0.367,0.93
-0.445,-0.379,0.926
-0.445,-0.387,0.91
-0.445,-0.391,0.902
-0.441,-0.387,0.895
-0.438,-0.387,0.879
-0.445,-0.395,0.871
-0.438,-0.402,0.867
-0.438,-0.414,0.859
-0.441,-0.422,0.855
-0.438,-0.422,0.852
-0.434,-0.418,0.852
-0.43,-0.414,0.848
-0.434,-0.414,0.855
-0.422,-0.422,0.863
-0.398,-0.441,0.875
-0.371,-0.441,0.883
-0.355,-0.441,0.883
-0.352,-0.43,0.879
-0.355,-0.414,0.875
-0.359,-0.414,0.855
-0.371,-0.418,0.848
-0.379,-0.422,0.848
-0.387,-0.422,0.832
-0.395,-0.43,0.824
-0.41,-0.422,0.824
-0.434,-0.422,0.813
-0.449,-0.422,0.809
-0.465,-0.422,0.813
-0.465,-0.441,0.848
-0.449,-0.477,0.891
-0.383,-0.527,0.895
-0.289,-0.539,0.887
-0.211,-0.473,0.922
-0.195,-0.379,0.965
-0.223,-0.328,0.977
-0.27,-0.305,0.969
-0.273,-0.32,0.973
-0.266,-0.348,0.969
-0.266,-0.359,0.957
-0.277,-0.367,0.941
-0.297,-0.367,0.938
-0.313,-0.359,0.934
-0.324,-0.355,0.926
-0.332,-0.363,0.918
-0.328,-0.371,0.926
-0.305,-0.375,0.934
-0.285,-0.375,0.949
-0.277,-0.375,0.953
-0.273,-0.383,0.957
-0.273,-0.383,0.961
-0.27,-0.383,0.965
-0.266,-0.387,0.965
-0.258,-0.398,0.957
-0.25,-0.398,0.953
-0.246,-0.387,0.949
-0.254,-0.375,0.938
-0.262,-0.363,0.934
-0.266,-0.363,0.941
-0.258,-0.359,0.938
-0.262,-0.363,0.926
-0.27,-0.363,0.914
-0.27,-0.363,0.914
-0.27,-0.359,0.918
-0.277,-0.363,0.922
-0.273,-0.371,0.922
-0.27,-0.375,0.934
-0.266,-0.387,0.941
-0.266,-0.395,0.93
-0.262,-0.387,0.93
-0.266,-0.371,0.945
-0.266,-0.352,0.953
-0.27,-0.34,0.961
-0.27,-0.344,0.961
-0.262,-0.355,0.961
-0.262,-0.367,0.961
-0.258,-0.367,0.953
-0.262,-0.363,0.957
-0.266,-0.359,0.957
-0.27,-0.363,0.961
-0.281,-0.371,0.949
-0.297,-0.379,0.945
-0.301,-0.383,0.938
-0.305,-0.395,0.941
-0.32,-0.402,0.949
-0.336,-0.402,0.957
-0.367,-0.398,0.949
-0.363,-0.41,0.953
-0.367,-0.418,0.934
-0.367,-0.422,0.918
-0.359,-0.426,0.902
-0.336,-0.426,0.895
-0.316,-0.422,0.898
-0.297,-0.418,0.898
-0.285,-0.41,0.902
-0.277,-0.402,0.902
-0.273,-0.406,0.898
-0.266,-0.406,0.895
-0.262,-0.414,0.883
-0.258,-0.414,0.887
-0.258,-0.414,0.875
-0.254,-0.414,0.863
-0.25,-0.41,0.859
-0.25,-0.422,0.859
-0.242,-0.441,0.867
-0.242,-0.457,0.879
-0.238,-0.469,0.891
-0.242,-0.496,0.895
-0.254,-0.512,0.895
-0.262,-0.512,0.883
-0.27,-0.516,0.879
-0.273,-0.523,0.875
-0.273,-0.527,0.863
-0.273,-0.539,0.855
-0.262,-0.539,0.855
-0.246,-0.551,0.848
-0.238,-0.559,0.852
-0.238,-0.578,0.848
-0.234,-0.586,0.844
-0.23,-0.59,0.832
-0.23,-0.594,0.824
-0.223,-0.594,0.816
-0.219,-0.598,0.809
-0.207,-0.598,0.805
-0.203,-0.598,0.789
-0.207,-0.586,0.773
-0.211,-0.578,0.766
-0.219,-0.59,0.762
-0.23,-0.613,0.758
-0.246,-0.637,0.758
-0.254,-0.641,0.754
-0.266,-0.637,0.742
-0.27,-0.629,0.758
-0.27,-0.621,0.758
-0.273,-0.621,0.766
-0.273,-0.625,0.758
-0.301,-0.656,0.766
-0.305,-0.691,0.754
-0.305,-0.715,0.738
-0.293,-0.73,0.727
-0.289,-0.742,0.723
-0.289,-0.73,0.73
-0.285,-0.711,0.73
-0.285,-0.703,0.727
-0.289,-0.691,0.723
-0.289,-0.688,0.707
-0.281,-0.676,0.711
-0.285,-0.672,0.711
-0.297,-0.664,0.707
-0.309,-0.66,0.699
-0.313,-0.652,0.699
-0.324,-0.656,0.699
-0.328,-0.676,0.707
-0.328,-0.707,0.707
-0.313,-0.73,0.73
-0.293,-0.73,0.75
-0.27,-0.711,0.762
-0.262,-0.676,0.762
-0.266,-0.645,0.77
-0.273,-0.625,0.762
-0.281,-0.617,0.758
-0.297,-0.613,0.746
-0.309,-0.617,0.738
-0.313,-0.617,0.727
-0.324,-0.629,0.723
-0.336,-0.641,0.715
-0.344,-0.66,0.715
-0.352,-0.676,0.711
-0.363,-0.688,0.703
-0.363,-0.68,0.711
-0.359,-0.676,0.715
-0.348,-0.672,0.711
-0.34,-0.672,0.715
-0.324,-0.672,0.715
-0.316,-0.672,0.723
-0.316,-0.676,0.723
-0.316,-0.676,0.723
-0.316,-0.672,0.723
-0.324,-0.676,0.719
-0.324,-0.672,0.723
-0.32,-0.68,0.727
-0.32,-0.691,0.723
-0.324,-0.699,0.723
-0.316,-0.707,0.719
-0.309,-0.715,0.707
-0.297,-0.711,0.707
-0.297,-0.707,0.711
-0.285,-0.703,0.723
-0.277,-0.703,0.711
-0.277,-0.707,0.715
-0.273,-0.719,0.711
-0.27,-0.73,0.703
-0.27,-0.73,0.703
-0.27,-0.723,0.699
-0.273,-0.715,0.691
-0.273,-0.707,0.695
-0.277,-0.707,0.688
-0.289,-0.711,0.684
-0.289,-0.715,0.684
-0.285,-0.719,0.684
-0.277,-0.715,0.68
-0.285,-0.723,0.68
-0.277,-0.738,0.68
-0.273,-0.758,0.676
-0.273,-0.77,0.68
-0.262,-0.754,0.684
-0.254,-0.738,0.68
-0.254,-0.715,0.672
-0.262,-0.711,0.672
-0.277,-0.707,0.664
-0.289,-0.707,0.66
-0.297,-0.715,0.656
-0.301,-0.723,0.66
-0.305,-0.723,0.66
-0.309,-0.73,0.66
-0.305,-0.73,0.656
-0.301,-0.734,0.664
-0.289,-0.746,0.672
-0.285,-0.75,0.668
-0.27,-0.75,0.668
-0.27,-0.758,0.672
-0.266,-0.758,0.676
-0.266,-0.762,0.672
-0.266,-0.758,0.664
-0.266,-0.75,0.664
-0.27,-0.742,0.656
-0.27,-0.742,0.656
-0.27,-0.742,0.652
-0.262,-0.742,0.656
-0.258,-0.742,0.66
-0.258,-0.742,0.66
-0.258,-0.742,0.656
-0.258,-0.746,0.656
-0.254,-0.754,0.656
-0.246,-0.762,0.656
-0.242,-0.766,0.652
-0.25,-0.77,0.648
-0.238,-0.777,0.652
-0.234,-0.777,0.641
-0.23,-0.777,0.641
-0.219,-0.773,0.637
-0.211,-0.766,0.637
-0.215,-0.766,0.641
-0.219,-0.77,0.637
-0.219,-0.762,0.641
-0.223,-0.766,0.645
-0.219,-0.762,0.641
-0.227,-0.77,0.633
-0.223,-0.773,0.637
-0.227,-0.777,0.641
-0.23,-0.781,0.645
-0.234,-0.777,0.648
-0.234,-0.777,0.648
-0.23,-0.777,0.645
-0.223,-0.77,0.641
-0.223,-0.773,0.645
-0.223,-0.773,0.645
-0.223,-0.773,0.645
-0.227,-0.777,0.645
-0.234,-0.777,0.641
-0.234,-0.777,0.641
-0.234,-0.777,0.641
-0.223,-0.777,0.637
-0.219,-0.781,0.637
-0.219,-0.777,0.641
-0.223,-0.781,0.633
-0.223,-0.785,0.633
-0.219,-0.789,0.637
-0.211,-0.789,0.641
-0.207,-0.781,0.645
-0.199,-0.777,0.648
-0.195,-0.777,0.648
-0.195,-0.77,0.648
-0.195,-0.773,0.648
-0.199,-0.773,0.648
-0.211,-0.773,0.648
-0.219,-0.773,0.648
-0.215,-0.773,0.648
-0.211,-0.773,0.648
-0.207,-0.77,0.648
-0.203,-0.766,0.648
-0.195,-0.77,0.648
-0.195,-0.773,0.652
-0.184,-0.777,0.66
-0.184,-0.773,0.656
-0.188,-0.773,0.664
-0.203,-0.766,0.66
-0.199,-0.762,0.664
-0.199,-0.754,0.656
-0.207,-0.766,0.656
-0.207,-0.77,0.652
-0.203,-0.766,0.66
-0.211,-0.762,0.66
-0.207,-0.762,0.66
-0.203,-0.762,0.66
-0.199,-0.762,0.664
-0.191,-0.766,0.668
-0.184,-0.77,0.66
-0.18,-0.77,0.66
-0.18,-0.77,0.668
-0.184,-0.77,0.664
-0.195,-0.766,0.66
-0.199,-0.77,0.66
-0.199,-0.766,0.656
-0.203,-0.762,0.656
-0.207,-0.766,0.656
-0.207,-0.766,0.656
-0.211,-0.77,0.656
-0.215,-0.777,0.656
-0.211,-0.777,0.656
-0.207,-0.777,0.664
-0.203,-0.77,0.66
-0.199,-0.766,0.656
-0.195,-0.762,0.66
-0.195,-0.77,0.664
-0.203,-0.77,0.656
-0.211,-0.766,0.656
-0.215,-0.766,0.66
-0.215,-0.77,0.664
-0.219,-0.773,0.668
-0.219,-0.77,0.664
-0.219,-0.762,0.656
-0.227,-0.766,0.648
-0.23,-0.766,0.648
-0.234,-0.77,0.648
-0.23,-0.766,0.652
-0.227,-0.766,0.66
-0.227,-0.762,0.66
-0.227,-0.758,0.664
-0.223,-0.758,0.672
-0.219,-0.758,0.676
-0.219,-0.754,0.672
-0.219,-0.75,0.672
-0.219,-0.75,0.668
-0.219,-0.746,0.66
-0.215,-0.75,0.664
-0.223,-0.75,0.66
-0.215,-0.746,0.672
-0.211,-0.742,0.676
-0.215,-0.738,0.672
-0.215,-0.738,0.672
-0.215,-0.742,0.68
-0.215,-0.742,0.688
-0.219,-0.742,0.684
-0.227,-0.742,0.684
-0.23,-0.742,0.68
-0.23,-0.738,0.68
-0.227,-0.742,0.684
-0.227,-0.746,0.688
-0.219,-0.75,0.691
-0.211,-0.75,0.695
-0.207,-0.738,0.695
-0.203,-0.738,0.703
-0.203,-0.73,0.691
-0.207,-0.734,0.691
-0.207,-0.738,0.695
-0.207,-0.738,0.691
-0.207,-0.742,0.688
-0.211,-0.738,0.684
-0.203,-0.742,0.684
-0.215,-0.742,0.684
-0.223,-0.742,0.68
-0.227,-0.742,0.68
-0.227,-0.75,0.68
-0.23,-0.754,0.68
-0.219,-0.75,0.676
-0.215,-0.746,0.68
-0.223,-0.742,0.684
-0.215,-0.727,0.688
-0.219,-0.719,0.695
-0.219,-0.723,0.699
-0.215,-0.719,0.703
-0.215,-0.715,0.707
-0.219,-0.723,0.707
-0.223,-0.73,0.711
-0.227,-0.73,0.711
-0.223,-0.727,0.707
-0.227,-0.723,0.703
-0.223,-0.727,0.703
-0.219,-0.734,0.703
-0.215,-0.727,0.703
-0.211,-0.715,0.703
-0.207,-0.715,0.699
-0.207,-0.707,0.695
-0.211,-0.707,0.695
-0.211,-0.715,0.703
-0.211,-0.723,0.711
-0.195,-0.719,0.723
-0.195,-0.715,0.719
-0.191,-0.711,0.719
-0.195,-0.707,0.715
-0.199,-0.707,0.719
-0.207,-0.703,0.719
-0.207,-0.699,0.719
-0.211,-0.715,0.723
-0.207,-0.727,0.723
-0.215,-0.734,0.715
-0.223,-0.734,0.719
-0.219,-0.719,0.719
-0.211,-0.723,0.719
-0.199,-0.723,0.719
-0.203,-0.734,0.719
-0.203,-0.738,0.719
-0.207,-0.727,0.715
-0.219,-0.707,0.715
-0.211,-0.691,0.711
-0.211,-0.699,0.715
-0.211,-0.727,0.715
-0.211,-0.742,0.715
-0.207,-0.75,0.707
-0.219,-0.754,0.703
-0.23,-0.762,0.703
-0.242,-0.77,0.703
-0.246,-0.77,0.695
-0.258,-0.766,0.688
-0.258,-0.762,0.684
-0.254,-0.75,0.68
-0.25,-0.742,0.68
-0.246,-0.73,0.672
-0.242,-0.719,0.668
-0.234,-0.715,0.668
-0.23,-0.715,0.664
-0.227,-0.715,0.672
-0.23,-0.73,0.676
-0.234,-0.738,0.676
-0.238,-0.75,0.684
-0.234,-0.746,0.691
-0.238,-0.742,0.695
-0.238,-0.734,0.699
-0.242,-0.734,0.699
-0.246,-0.738,0.695
-0.242,-0.742,0.688
-0.234,-0.742,0.688
-0.219,-0.738,0.688
-0.215,-0.73,0.684
-0.215,-0.727,0.688
-0.227,-0.734,0.688
-0.211,-0.738,0.699
-0.207,-0.738,0.688
-0.203,-0.734,0.688
-0.203,-0.738,0.684
-0.199,-0.734,0.684
-0.207,-0.723,0.684
-0.207,-0.719,0.68
-0.207,-0.715,0.684
-0.211,-0.723,0.68
-0.215,-0.738,0.68
-0.219,-0.746,0.68
-0.211,-0.762,0.676
-0.207,-0.762,0.676
-0.207,-0.758,0.68
-0.203,-0.758,0.684
-0.203,-0.75,0.684
-0.203,-0.742,0.684
-0.203,-0.734,0.684
-0.211,-0.734,0.684
-0.219,-0.746,0.68
-0.219,-0.75,0.68
-0.227,-0.746,0.68
-0.227,-0.746,0.676
-0.215,-0.738,0.68
-0.215,-0.738,0.68
-0.207,-0.742,0.68
-0.207,-0.75,0.68
-0.203,-0.75,0.68
-0.203,-0.75,0.68
-0.203,-0.746,0.68
-0.207,-0.746,0.68
-0.203,-0.742,0.68
-0.211,-0.742,0.672
-0.219,-0.754,0.676
-0.227,-0.758,0.676
-0.234,-0.762,0.676
-0.238,-0.758,0.676
-0.234,-0.754,0.676
-0.23,-0.75,0.668
-0.23,-0.75,0.668
-0.23,-0.75,0.668
-0.23,-0.754,0.656
-0.234,-0.762,0.652
-0.227,-0.77,0.652
-0.223,-0.766,0.652
-0.223,-0.766,0.652
-0.215,-0.758,0.652
-0.219,-0.758,0.648
-0.223,-0.758,0.648
-0.238,-0.762,0.648
-0.227,-0.773,0.656
-0.227,-0.777,0.648
-0.227,-0.773,0.648
-0.215,-0.77,0.648
-0.211,-0.766,0.648
-0.211,-0.762,0.648
-0.219,-0.758,0.645
-0.219,-0.758,0.648
-0.211,-0.758,0.648
-0.203,-0.766,0.652
-0.211,-0.773,0.648
-0.207,-0.781,0.648
-0.207,-0.777,0.652
-0.211,-0.777,0.656
-0.207,-0.777,0.652
-0.207,-0.777,0.648
-0.207,-0.781,0.648
-0.207,-0.777,0.652
-0.211,-0.773,0.652
-0.211,-0.773,0.652
-0.211,-0.766,0.656
-0.207,-0.758,0.66
-0.207,-0.766,0.656
-0.203,-0.77,0.656
-0.203,-0.773,0.656
-0.207,-0.777,0.652
-0.211,-0.773,0.656
-0.211,-0.77,0.664
-0.215,-0.766,0.664
-0.219,-0.766,0.664
-0.219,-0.766,0.664
-0.219,-0.762,0.664
-0.219,-0.77,0.664
-0.215,-0.766,0.66
-0.211,-0.77,0.66
-0.207,-0.762,0.66
-0.207,-0.754,0.66
-0.203,-0.754,0.656
-0.207,-0.754,0.652
-0.215,-0.77,0.652
-0.219,-0.773,0.652
-0.223,-0.77,0.648
-0.223,-0.773,0.652
-0.219,-0.766,0.652
-0.215,-0.77,0.656
-0.207,-0.77,0.652
-0.207,-0.77,0.656
-0.215,-0.773,0.652
-0.215,-0.773,0.652
-0.219,-0.762,0.652
-0.219,-0.762,0.668
-0.227,-0.758,0.664
-0.23,-0.754,0.66
-0.23,-0.762,0.656
-0.227,-0.762,0.66
-0.227,-0.766,0.66
-0.227,-0.766,0.664
-0.223,-0.766,0.66
-0.223,-0.762,0.652
-0.223,-0.762,0.648
-0.227,-0.754,0.648
-0.227,-0.754,0.648
-0.23,-0.762,0.648
-0.23,-0.762,0.648
-0.23,-0.758,0.652
-0.23,-0.758,0.652
-0.234,-0.766,0.656
-0.234,-0.77,0.656
-0.23,-0.766,0.656
-0.234,-0.766,0.656
-0.234,-0.77,0.652
-0.234,-0.773,0.648
-0.234,-0.773,0.645
-0.234,-0.773,0.641
-0.238,-0.77,0.645
-0.238,-0.766,0.648
-0.238,-0.766,0.648
-0.238,-0.77,0.652
-0.234,-0.773,0.656
-0.234,-0.766,0.652
-0.234,-0.766,0.652
-0.227,-0.773,0.648
-0.23,-0.777,0.645
-0.227,-0.777,0.645
-0.227,-0.777,0.637
-0.23,-0.777,0.637
-0.234,-0.773,0.645
-0.23,-0.77,0.645
-0.234,-0.77,0.641
-0.238,-0.77,0.641
-0.234,-0.773,0.645
-0.234,-0.77,0.645
-0.234,-0.77,0.645
-0.23,-0.77,0.645
-0.223,-0.77,0.652
-0.223,-0.766,0.648
-0.219,-0.758,0.652
-0.219,-0.758,0.656
-0.219,-0.754,0.66
-0.23,-0.754,0.656
-0.223,-0.766,0.668
-0.23,-0.773,0.664
-0.234,-0.77,0.66
-0.234,-0.758,0.664
-0.238,-0.75,0.66
-0.238,-0.758,0.656
-0.234,-0.758,0.656
-0.238,-0.758,0.652
-0.238,-0.762,0.652
-0.234,-0.762,0.648
-0.234,-0.758,0.656
-0.234,-0.754,0.66
-0.234,-0.754,0.664
-0.238,-0.754,0.656
-0.238,-0.758,0.656
-0.242,-0.766,0.656
-0.238,-0.766,0.652
-0.242,-0.766,0.648
-0.242,-0.766,0.648
-0.246,-0.762,0.648
-0.25,-0.762,0.652
-0.246,-0.758,0.656
-0.242,-0.754,0.66
-0.234,-0.75,0.656
-0.238,-0.746,0.66
-0.238,-0.75,0.66
-0.238,-0.75,0.656
-0.238,-0.754,0.656
-0.238,-0.754,0.656
-0.238,-0.754,0.66
-0.246,-0.754,0.664
-0.246,-0.75,0.664
-0.246,-0.75,0.668
-0.242,-0.746,0.664
-0.246,-0.75,0.656
-0.246,-0.75,0.66
-0.246,-0.75,0.664
-0.246,-0.75,0.664
-0.242,-0.746,0.664
-0.238,-0.746,0.66
-0.234,-0.742,0.66
-0.234,-0.742,0.66
-0.238,-0.746,0.656
-0.242,-0.754,0.656
-0.246,-0.762,0.656
-0.25,-0.758,0.664
-0.25,-0.75,0.668
-0.246,-0.746,0.672
-0.246,-0.746,0.668
-0.266,-0.742,0.664
-0.254,-0.746,0.68
-0.254,-0.742,0.676
-0.254,-0.742,0.668
-0.242,-0.738,0.664
-0.238,-0.742,0.664
-0.238,-0.746,0.66
-0.25,-0.754,0.66
-0.25,-0.754,0.656
-0.25,-0.754,0.66
-0.25,-0.75,0.66
-0.25,-0.754,0.66
-0.25,-0.758,0.656
-0.25,-0.758,0.66
-0.25,-0.758,0.66
-0.25,-0.754,0.664
-0.246,-0.746,0.664
-0.242,-0.746,0.668
-0.242,-0.742,0.676
-0.238,-0.742,0.668
-0.234,-0.742,0.668
-0.242,-0.746,0.664
-0.242,-0.75,0.668
-0.238,-0.746,0.664
-0.238,-0.75,0.664
-0.242,-0.754,0.664
-0.238,-0.754,0.66
-0.242,-0.754,0.656
-0.242,-0.762,0.652
-0.238,-0.762,0.648
-0.242,-0.77,0.648
-0.242,-0.773,0.648
-0.242,-0.777,0.648
-0.238,-0.773,0.648
-0.238,-0.766,0.645
-0.238,-0.758,0.645
-0.238,-0.758,0.645
-0.238,-0.766,0.648
-0.234,-0.773,0.648
-0.238,-0.773,0.648
-0.238,-0.766,0.656
-0.238,-0.758,0.66
-0.242,-0.75,0.66
-0.242,-0.754,0.664
-0.238,-0.758,0.66
-0.242,-0.766,0.656
-0.242,-0.773,0.652
-0.242,-0.773,0.648
-0.238,-0.77,0.648
-0.234,-0.77,0.648
-0.246,-0.766,0.641
-0.238,-0.773,0.652
-0.234,-0.762,0.648
-0.234,-0.758,0.648
-0.234,-0.77,0.648
-0.23,-0.77,0.648
-0.23,-0.77,0.652
-0.23,-0.77,0.656
-0.23,-0.77,0.652
-0.234,-0.773,0.652
-0.234,-0.773,0.648
-0.242,-0.762,0.648
-0.242,-0.758,0.645
-0.238,-0.75,0.648
-0.238,-0.762,0.648
-0.238,-0.77,0.648
-0.238,-0.766,0.648
-0.234,-0.762,0.645
-0.234,-0.766,0.641
-0.234,-0.766,0.645
-0.238,-0.77,0.648
-0.238,-0.777,0.648
-0.242,-0.773,0.648
-0.238,-0.77,0.652
-0.238,-0.766,0.652
-0.238,-0.758,0.66
-0.234,-0.758,0.66
-0.227,-0.762,0.652
-0.223,-0.758,0.652
-0.219,-0.758,0.652
-0.219,-0.77,0.645
-0.227,-0.773,0.641
-0.223,-0.773,0.645
-0.23,-0.773,0.645
-0.227,-0.77,0.648
-0.227,-0.77,0.648
-0.227,-0.77,0.656
-0.227,-0.773,0.656
-0.223,-0.773,0.656
-0.223,-0.77,0.656
-0.223,-0.773,0.656
-0.215,-0.773,0.652
-0.223,-0.777,0.652
-0.223,-0.777,0.648
-0.223,-0.77,0.652
-0.223,-0.766,0.648
-0.227,-0.766,0.648
-0.223,-0.773,0.652
-0.227,-0.773,0.648
-0.223,-0.773,0.648
-0.23,-0.773,0.645
-0.223,-0.773,0.648
-0.223,-0.777,0.641
-0.223,-0.777,0.645
-0.219,-0.781,0.645
-0.215,-0.777,0.645
-0.211,-0.777,0.652
-0.207,-0.766,0.648
-0.219,-0.766,0.652
-0.219,-0.77,0.66
-0.223,-0.766,0.66
-0.223,-0.77,0.656
-0.223,-0.762,0.652
-0.219,-0.762,0.648
-0.219,-0.766,0.648
-0.219,-0.77,0.648
