0.047,-0.934,0.398
0.047,-0.934,0.398
0.051,-0.938,0.398
0.043,-0.938,0.398
0.051,-0.938,0.398
0.055,-0.938,0.391
0.047,-0.938,0.391
0.047,-0.938,0.395
0.043,-0.941,0.395
0.043,-0.941,0.398
0.035,-0.934,0.41
0.039,-0.926,0.414
0.035,-0.93,0.414
0.035,-0.926,0.414
0.035,-0.934,0.406
0.039,-0.934,0.402
0.039,-0.934,0.395
0.043,-0.938,0.395
0.047,-0.938,0.395
0.047,-0.938,0.395
0.051,-0.938,0.395
0.051,-0.934,0.395
0.051,-0.926,0.395
0.043,-0.93,0.395
0.047,-0.934,0.395
0.047,-0.938,0.402
0.039,-0.945,0.41
0.043,-0.941,0.402
0.039,-0.938,0.402
0.039,-0.938,0.398
0.039,-0.934,0.402
0.043,-0.934,0.398
0.039,-0.938,0.391
0.043,-0.938,0.387
0.039,-0.938,0.391
0.039,-0.938,0.395
0.035,-0.934,0.395
0.035,-0.938,0.395
0.027,-0.938,0.395
0.031,-0.941,0.395
0.031,-0.938,0.395
0.031,-0.934,0.402
0.039,-0.938,0.414
0.047,-0.938,0.418
0.051,-0.938,0.418
0.051,-0.93,0.41
0.047,-0.926,0.41
0.043,-0.93,0.414
0.039,-0.934,0.41
0.035,-0.934,0.406
0.035,-0.926,0.406
0.031,-0.93,0.402
0.027,-0.934,0.41
0.016,-0.926,0.414
0.023,-0.934,0.422
0.023,-0.934,0.418
0.027,-0.93,0.41
0.031,-0.926,0.406
0.043,-0.93,0.406
0.043,-0.93,0.402
0.039,-0.934,0.402
0.043,-0.934,0.406
0.043,-0.93,0.406
0.043,-0.926,0.402
0.043,-0.926,0.402
0.039,-0.926,0.41
0.043,-0.926,0.406
0.043,-0.93,0.41
0.043,-0.934,0.41
0.047,-0.938,0.414
0.043,-0.934,0.414
0.047,-0.926,0.41
0.047,-0.926,0.406
0.039,-0.926,0.402
0.047,-0.926,0.398
0.047,-0.934,0.395
0.043,-0.934,0.395
0.043,-0.938,0.398
0.043,-0.934,0.402
0.043,-0.93,0.402
0.039,-0.934,0.398
0.039,-0.926,0.402
0.039,-0.922,0.402
0.043,-0.93,0.402
0.047,-0.934,0.406
0.047,-0.934,0.414
0.047,-0.938,0.418
0.047,-0.938,0.418
0.051,-0.938,0.422
0.051,-0.93,0.414
0.043,-0.926,0.414
0.043,-0.922,0.41
0.035,-0.926,0.414
0.035,-0.93,0.414
0.035,-0.93,0.41
0.031,-0.93,0.406
0.031,-0.934,0.414
0.035,-0.93,0.418
0.035,-0.922,0.414
0.043,-0.922,0.414
0.043,-0.918,0.414
0.043,-0.93,0.418
0.039,-0.926,0.418
0.027,-0.926,0.41
0.035,-0.934,0.418
0.035,-0.926,0.41
0.039,-0.926,0.406
0.035,-0.93,0.402
0.035,-0.93,0.406
0.035,-0.93,0.414
0.035,-0.926,0.41
0.039,-0.934,0.402
0.039,-0.93,0.398
0.039,-0.93,0.395
0.035,-0.93,0.395
0.047,-0.934,0.402
0.055,-0.934,0.406
0.055,-0.926,0.414
0.051,-0.918,0.422
0.043,-0.918,0.422
0.043,-0.918,0.43
0.043,-0.922,0.422
0.039,-0.93,0.406
0.035,-0.934,0.398
0.035,-0.934,0.391
0.031,-0.941,0.398
0.031,-0.938,0.395
0.035,-0.938,0.395
0.039,-0.945,0.395
0.043,-0.941,0.391
0.043,-0.938,0.391
0.047,-0.938,0.395
0.051,-0.938,0.395
0.051,-0.941,0.406
0.055,-0.934,0.414
0.055,-0.926,0.418
0.051,-0.922,0.41
0.051,-0.926,0.406
0.043,-0.934,0.41
0.043,-0.941,0.406
0.047,-0.938,0.398
0.047,-0.934,0.398
0.051,-0.938,0.395
0.051,-0.938,0.395
0.047,-0.938,0.395
0.047,-0.938,0.383
0.047,-0.941,0.375
0.043,-0.941,0.379
0.039,-0.945,0.387
0.039,-0.941,0.391
0.039,-0.945,0.395
0.043,-0.938,0.402
0.043,-0.934,0.402
0.035,-0.934,0.402
0.047,-0.938,0.41
0.047,-0.934,0.406
0.043,-0.934,0.402
0.047,-0.938,0.402
0.043,-0.938,0.395
0.039,-0.938,0.391
0.035,-0.938,0.391
0.031,-0.938,0.391
0.035,-0.941,0.391
0.035,-0.941,0.391
0.031,-0.938,0.395
0.027,-0.938,0.398
0.027,-0.934,0.398
0.027,-0.934,0.406
0.027,-0.93,0.41
0.027,-0.926,0.41
0.027,-0.93,0.41
0.031,-0.93,0.41
0.031,-0.934,0.406
0.035,-0.93,0.402
0.039,-0.938,0.398
0.039,-0.941,0.398
0.035,-0.941,0.395
0.031,-0.934,0.398
0.027,-0.934,0.406
0.027,-0.934,0.402
0.031,-0.926,0.402
0.035,-0.918,0.402
0.035,-0.926,0.398
0.027,-0.934,0.406
0.031,-0.941,0.402
0.027,-0.941,0.395
0.035,-0.938,0.395
0.035,-0.941,0.395
0.031,-0.945,0.398
0.031,-0.945,0.398
0.027,-0.941,0.398
0.031,-0.938,0.398
0.031,-0.941,0.395
0.027,-0.941,0.398
0.027,-0.938,0.402
0.031,-0.938,0.406
0.027,-0.934,0.406
0.027,-0.93,0.402
0.031,-0.926,0.41
0.035,-0.922,0.406
0.035,-0.926,0.406
0.031,-0.934,0.402
0.031,-0.934,0.402
0.027,-0.934,0.406
0.035,-0.941,0.414
0.035,-0.938,0.41
0.035,-0.938,0.406
0.035,-0.938,0.402
0.031,-0.934,0.398
0.031,-0.93,0.398
0.023,-0.938,0.402
0.031,-0.938,0.41
0.031,-0.934,0.418
0.031,-0.93,0.418
0.031,-0.93,0.418
0.027,-0.922,0.414
0.027,-0.922,0.414
0.031,-0.93,0.414
0.035,-0.922,0.41
0.031,-0.926,0.41
0.031,-0.93,0.402
0.035,-0.922,0.406
0.031,-0.922,0.406
0.031,-0.922,0.41
0.031,-0.926,0.414
0.031,-0.926,0.418
0.035,-0.926,0.418
0.035,-0.93,0.418
0.035,-0.938,0.418
0.039,-0.934,0.418
0.039,-0.934,0.418
0.035,-0.938,0.418
0.035,-0.934,0.414
0.035,-0.934,0.406
0.031,-0.934,0.402
0.027,-0.934,0.398
0.031,-0.934,0.406
0.027,-0.934,0.414
0.027,-0.934,0.414
0.035,-0.926,0.41
0.039,-0.922,0.41
0.035,-0.922,0.414
0.035,-0.926,0.414
0.035,-0.926,0.414
0.043,-0.934,0.418
0.039,-0.934,0.414
0.035,-0.934,0.418
0.031,-0.93,0.418
0.031,-0.926,0.418
0.031,-0.926,0.422
0.027,-0.93,0.418
0.035,-0.926,0.426
0.031,-0.926,0.422
0.023,-0.926,0.422
0.035,-0.922,0.422
0.035,-0.93,0.41
0.035,-0.93,0.406
0.035,-0.934,0.41
0.039,-0.93,0.41
0.035,-0.938,0.402
0.035,-0.938,0.398
0.031,-0.941,0.398
0.027,-0.938,0.41
0.027,-0.934,0.422
0.031,-0.93,0.43
0.035,-0.922,0.43
0.035,-0.918,0.426
0.031,-0.922,0.418
0.035,-0.922,0.418
0.039,-0.922,0.422
0.035,-0.926,0.418
0.035,-0.926,0.418
0.031,-0.922,0.418
0.035,-0.922,0.418
0.031,-0.922,0.422
0.035,-0.922,0.43
0.031,-0.922,0.43
0.039,-0.918,0.426
0.035,-0.922,0.43
0.031,-0.922,0.426
0.035,-0.926,0.422
0.035,-0.934,0.422
0.039,-0.934,0.414
0.035,-0.926,0.406
0.035,-0.93,0.402
0.039,-0.934,0.406
0.043,-0.934,0.406
0.035,-0.93,0.41
0.035,-0.926,0.406
0.035,-0.93,0.41
0.035,-0.926,0.414
0.035,-0.922,0.406
0.039,-0.918,0.41
0.035,-0.918,0.41
0.035,-0.922,0.414
0.043,-0.914,0.414
0.047,-0.918,0.414
0.039,-0.922,0.414
0.047,-0.918,0.422
0.047,-0.918,0.43
0.043,-0.926,0.434
0.047,-0.926,0.438
0.051,-0.926,0.441
0.043,-0.922,0.438
0.043,-0.926,0.445
0.043,-0.922,0.438
0.035,-0.922,0.438
0.039,-0.918,0.438
0.039,-0.922,0.438
0.039,-0.922,0.438
0.039,-0.918,0.426
0.043,-0.918,0.422
0.039,-0.922,0.418
0.039,-0.93,0.414
0.039,-0.934,0.414
0.039,-0.93,0.414
0.039,-0.93,0.418
0.039,-0.93,0.422
0.035,-0.926,0.426
0.035,-0.93,0.43
0.039,-0.922,0.43
0.035,-0.922,0.438
0.039,-0.922,0.438
0.039,-0.922,0.43
0.043,-0.922,0.426
0.047,-0.922,0.426
0.047,-0.918,0.422
0.051,-0.926,0.426
0.043,-0.926,0.43
0.047,-0.926,0.43
0.047,-0.922,0.43
0.039,-0.918,0.43
0.031,-0.918,0.43
0.031,-0.926,0.43
0.035,-0.926,0.426
0.035,-0.926,0.43
0.039,-0.922,0.434
0.039,-0.922,0.43
0.043,-0.918,0.434
0.043,-0.918,0.43
0.043,-0.918,0.426
0.039,-0.918,0.426
0.039,-0.922,0.422
0.035,-0.926,0.418
0.039,-0.926,0.422
0.035,-0.926,0.418
0.035,-0.922,0.422
0.031,-0.926,0.418
0.031,-0.922,0.426
0.031,-0.93,0.43
0.035,-0.93,0.438
0.035,-0.93,0.438
0.035,-0.922,0.438
0.027,-0.918,0.434
0.035,-0.922,0.438
0.039,-0.922,0.426
0.039,-0.922,0.426
0.043,-0.922,0.418
0.039,-0.926,0.422
0.039,-0.922,0.422
0.035,-0.926,0.422
0.035,-0.922,0.422
0.035,-0.918,0.426
0.035,-0.922,0.426
0.039,-0.918,0.43
0.039,-0.918,0.434
0.039,-0.926,0.438
0.039,-0.922,0.438
0.039,-0.918,0.434
0.039,-0.918,0.441
0.047,-0.918,0.434
0.043,-0.918,0.434
0.043,-0.918,0.426
0.039,-0.922,0.426
0.035,-0.922,0.422
0.035,-0.922,0.422
0.039,-0.922,0.422
0.031,-0.922,0.426
0.031,-0.918,0.422
0.035,-0.918,0.426
0.039,-0.918,0.434
0.047,-0.918,0.434
0.043,-0.918,0.438
0.043,-0.918,0.434
0.047,-0.918,0.434
0.043,-0.918,0.434
0.039,-0.918,0.434
0.043,-0.918,0.434
0.039,-0.918,0.434
0.039,-0.918,0.434
0.039,-0.922,0.426
0.043,-0.922,0.422
0.039,-0.93,0.422
0.035,-0.934,0.426
0.035,-0.926,0.426
0.039,-0.926,0.426
0.039,-0.922,0.43
0.039,-0.922,0.434
0.039,-0.918,0.434
0.039,-0.918,0.434
0.039,-0.918,0.438
0.039,-0.918,0.438
0.043,-0.918,0.434
0.035,-0.914,0.434
0.047,-0.918,0.441
0.039,-0.922,0.438
0.035,-0.918,0.434
0.035,-0.926,0.426
0.035,-0.93,0.426
0.039,-0.934,0.426
0.043,-0.934,0.422
0.043,-0.926,0.426
0.043,-0.918,0.43
0.043,-0.918,0.426
0.039,-0.918,0.43
0.039,-0.918,0.434
0.031,-0.918,0.43
0.027,-0.93,0.43
0.031,-0.926,0.426
0.027,-0.922,0.43
0.031,-0.926,0.422
0.035,-0.926,0.426
0.035,-0.922,0.426
0.043,-0.922,0.43
0.047,-0.922,0.43
0.047,-0.926,0.434
0.051,-0.922,0.434
0.051,-0.918,0.434
0.047,-0.918,0.43
0.039,-0.918,0.43
0.035,-0.918,0.43
0.035,-0.918,0.434
0.043,-0.918,0.434
0.039,-0.914,0.438
0.035,-0.91,0.438
0.039,-0.914,0.434
0.039,-0.914,0.434
0.031,-0.918,0.43
0.035,-0.918,0.434
0.039,-0.922,0.434
0.035,-0.922,0.434
0.035,-0.922,0.43
0.039,-0.93,0.43
0.035,-0.926,0.43
0.035,-0.926,0.43
0.035,-0.926,0.422
0.035,-0.926,0.422
0.031,-0.922,0.426
0.031,-0.918,0.43
0.031,-0.918,0.434
0.031,-0.918,0.434
0.031,-0.918,0.438
0.035,-0.918,0.434
0.027,-0.914,0.43
0.039,-0.922,0.441
0.039,-0.918,0.434
0.043,-0.922,0.43
0.039,-0.922,0.426
0.039,-0.922,0.426
0.039,-0.926,0.43
0.035,-0.93,0.43
0.039,-0.926,0.426
0.035,-0.926,0.43
0.035,-0.926,0.434
0.035,-0.922,0.434
0.035,-0.922,0.434
0.035,-0.918,0.43
0.039,-0.918,0.434
0.039,-0.926,0.43
0.043,-0.922,0.426
0.043,-0.926,0.43
0.043,-0.922,0.43
0.043,-0.926,0.426
0.043,-0.922,0.426
0.039,-0.918,0.426
0.039,-0.918,0.422
0.043,-0.914,0.422
0.043,-0.918,0.426
0.039,-0.922,0.434
0.043,-0.918,0.43
0.039,-0.914,0.43
0.035,-0.914,0.434
0.031,-0.918,0.434
0.039,-0.926,0.434
0.039,-0.922,0.434
0.047,-0.918,0.43
0.043,-0.918,0.418
0.047,-0.926,0.418
0.047,-0.934,0.418
0.047,-0.93,0.418
0.051,-0.926,0.418
0.047,-0.922,0.422
0.043,-0.918,0.43
0.035,-0.914,0.434
0.039,-0.914,0.438
0.039,-0.914,0.441
0.043,-0.918,0.438
0.051,-0.918,0.438
0.047,-0.918,0.438
0.043,-0.926,0.434
0.047,-0.938,0.426
0.051,-0.941,0.414
0.047,-0.938,0.402
0.039,-0.938,0.398
0.047,-0.941,0.402
0.043,-0.941,0.395
0.039,-0.945,0.395
0.043,-0.941,0.402
0.043,-0.938,0.41
0.051,-0.938,0.422
0.051,-0.93,0.43
0.051,-0.922,0.434
0.047,-0.922,0.438
0.051,-0.922,0.445
0.047,-0.922,0.441
0.039,-0.918,0.441
0.035,-0.926,0.441
0.031,-0.934,0.441
0.027,-0.938,0.438
0.023,-0.934,0.434
0.023,-0.93,0.434
0.023,-0.922,0.43
0.027,-0.926,0.426
0.027,-0.922,0.43
0.023,-0.922,0.43
0.023,-0.914,0.43
0.023,-0.918,0.434
0.02,-0.914,0.434
0.012,-0.918,0.434
0.02,-0.918,0.434
0.02,-0.914,0.441
0.02,-0.914,0.449
0.02,-0.914,0.449
0.023,-0.914,0.453
0.02,-0.914,0.457
0.023,-0.906,0.457
0.023,-0.902,0.461
0.035,-0.902,0.469
0.035,-0.91,0.469
0.035,-0.906,0.469
0.031,-0.906,0.469
0.035,-0.902,0.469
0.035,-0.902,0.465
0.035,-0.91,0.461
0.035,-0.906,0.453
0.035,-0.91,0.449
0.035,-0.91,0.449
0.031,-0.91,0.449
0.035,-0.906,0.449
0.035,-0.906,0.449
0.039,-0.902,0.453
0.043,-0.906,0.465
0.043,-0.906,0.473
0.039,-0.895,0.473
0.051,-0.895,0.48
0.055,-0.902,0.484
0.059,-0.91,0.488
0.063,-0.91,0.496
0.059,-0.898,0.5
0.059,-0.887,0.484
0.059,-0.887,0.477
0.055,-0.891,0.473
0.059,-0.902,0.473
0.055,-0.91,0.473
0.055,-0.902,0.469
0.051,-0.898,0.465
0.051,-0.895,0.449
0.043,-0.887,0.441
0.043,-0.891,0.449
0.039,-0.895,0.457
0.035,-0.898,0.465
0.039,-0.906,0.469
0.047,-0.914,0.469
0.051,-0.914,0.48
0.059,-0.895,0.484
0.063,-0.895,0.477
0.066,-0.902,0.484
0.07,-0.902,0.492
0.074,-0.895,0.504
0.086,-0.883,0.508
0.082,-0.879,0.508
0.086,-0.879,0.508
0.086,-0.871,0.508
0.09,-0.875,0.508
0.086,-0.883,0.508
0.07,-0.887,0.508
0.063,-0.898,0.512
0.059,-0.895,0.512
0.059,-0.887,0.516
0.059,-0.883,0.52
0.059,-0.875,0.516
0.059,-0.871,0.512
0.059,-0.867,0.516
0.055,-0.855,0.523
0.055,-0.863,0.535
0.055,-0.863,0.535
0.047,-0.863,0.531
0.043,-0.852,0.527
0.047,-0.844,0.531
0.047,-0.832,0.539
0.043,-0.836,0.531
0.035,-0.836,0.535
0.027,-0.844,0.535
0.016,-0.836,0.535
0.02,-0.84,0.543
0.02,-0.844,0.543
0.016,-0.852,0.551
0.016,-0.855,0.551
0.02,-0.852,0.559
0.023,-0.859,0.555
0.027,-0.863,0.559
0.023,-0.863,0.555
0.012,-0.863,0.555
0,-0.871,0.563
-0.004,-0.875,0.563
-0.012,-0.875,0.563
-0.023,-0.883,0.57
-0.031,-0.898,0.57
-0.035,-0.91,0.57
-0.035,-0.914,0.57
-0.031,-0.918,0.555
-0.035,-0.91,0.535
-0.027,-0.906,0.512
-0.02,-0.91,0.492
-0.016,-0.914,0.48
-0.016,-0.926,0.465
-0.02,-0.934,0.453
-0.023,-0.934,0.461
-0.023,-0.926,0.469
-0.027,-0.918,0.484
-0.031,-0.902,0.5
-0.035,-0.887,0.504
-0.039,-0.863,0.504
-0.047,-0.852,0.504
-0.043,-0.844,0.508
-0.039,-0.844,0.512
-0.035,-0.844,0.52
-0.035,-0.844,0.523
-0.035,-0.844,0.523
-0.031,-0.844,0.527
-0.035,-0.84,0.527
-0.039,-0.844,0.531
-0.043,-0.844,0.535
-0.051,-0.844,0.535
-0.051,-0.844,0.539
-0.047,-0.844,0.539
-0.055,-0.844,0.531
-0.059,-0.836,0.531
-0.063,-0.832,0.527
-0.066,-0.828,0.516
-0.055,-0.832,0.512
-0.051,-0.836,0.512
-0.043,-0.836,0.52
-0.051,-0.832,0.52
-0.043,-0.84,0.527
-0.039,-0.836,0.527
-0.043,-0.832,0.535
-0.043,-0.828,0.543
-0.043,-0.836,0.551
-0.051,-0.848,0.555
-0.051,-0.863,0.555
-0.055,-0.879,0.551
-0.063,-0.895,0.555
-0.07,-0.906,0.555
-0.082,-0.922,0.563
-0.094,-0.926,0.57
-0.094,-0.922,0.574
-0.105,-0.91,0.574
-0.105,-0.895,0.586
-0.109,-0.879,0.594
-0.117,-0.867,0.605
-0.117,-0.879,0.625
-0.105,-0.922,0.641
-0.07,-0.969,0.656
-0.031,-0.992,0.672
-0.004,-0.969,0.699
0.008,-0.941,0.73
0.012,-0.945,0.773
0.02,-0.949,0.805
0.023,-0.926,0.82
0.027,-0.871,0.832
0.027,-0.801,0.828
0.023,-0.754,0.805
0.012,-0.73,0.785
-0.004,-0.734,0.762
-0.02,-0.754,0.746
-0.031,-0.766,0.727
-0.031,-0.777,0.719
-0.008,-0.773,0.707
0.016,-0.77,0.691
0.043,-0.754,0.68
0.07,-0.75,0.672
0.09,-0.742,0.676
0.098,-0.746,0.684
0.086,-0.762,0.691
0.066,-0.77,0.684
0.055,-0.766,0.668
0.063,-0.75,0.641
0.078,-0.734,0.621
0.102,-0.719,0.598
0.113,-0.711,0.574
0.121,-0.707,0.547
0.121,-0.707,0.523
0.113,-0.707,0.512
0.121,-0.715,0.516
0.121,-0.715,0.512
0.121,-0.719,0.516
0.117,-0.738,0.535
0.113,-0.738,0.547
0.113,-0.734,0.555
0.109,-0.73,0.57
0.102,-0.73,0.574
0.105,-0.738,0.578
0.105,-0.742,0.578
0.109,-0.746,0.574
0.113,-0.746,0.563
0.105,-0.75,0.551
0.109,-0.758,0.539
0.105,-0.77,0.527
0.105,-0.773,0.512
0.109,-0.793,0.508
0.113,-0.809,0.492
0.113,-0.809,0.504
0.113,-0.809,0.52
0.102,-0.801,0.535
0.098,-0.793,0.574
0.086,-0.785,0.602
0.07,-0.785,0.625
0.063,-0.785,0.641
0.066,-0.801,0.648
0.066,-0.836,0.648
0.063,-0.875,0.648
0.063,-0.902,0.641
0.066,-0.926,0.629
0.074,-0.945,0.621
0.082,-0.969,0.625
0.09,-0.977,0.641
0.098,-0.992,0.66
0.09,-1.031,0.691
0.059,-1.066,0.723
0.012,-1.086,0.758
-0.02,-1.09,0.797
-0.051,-1.09,0.832
-0.07,-1.063,0.855
-0.078,-0.988,0.867
-0.051,-0.859,0.855
-0.012,-0.738,0.828
0.027,-0.672,0.777
0.051,-0.648,0.727
0.051,-0.652,0.688
0.047,-0.68,0.664
0.027,-0.719,0.664
0.008,-0.754,0.672
-0.031,-0.781,0.676
-0.051,-0.777,0.684
-0.066,-0.758,0.688
-0.082,-0.754,0.688
-0.094,-0.75,0.68
-0.098,-0.742,0.664
-0.105,-0.75,0.645
-0.105,-0.766,0.609
-0.102,-0.762,0.559
-0.078,-0.742,0.52
-0.055,-0.73,0.492
-0.043,-0.727,0.465
-0.043,-0.734,0.445
-0.043,-0.742,0.418
-0.063,-0.754,0.406
-0.078,-0.754,0.406
-0.094,-0.754,0.41
-0.098,-0.738,0.41
-0.09,-0.746,0.41
-0.074,-0.766,0.422
-0.059,-0.789,0.43
-0.047,-0.816,0.441
-0.043,-0.836,0.457
-0.051,-0.848,0.465
-0.063,-0.844,0.477
-0.078,-0.844,0.484
-0.082,-0.832,0.488
-0.086,-0.813,0.484
-0.09,-0.801,0.473
-0.082,-0.801,0.457
-0.078,-0.805,0.445
-0.07,-0.828,0.438
-0.059,-0.832,0.43
-0.047,-0.828,0.422
-0.039,-0.832,0.434
-0.031,-0.84,0.453
-0.035,-0.855,0.473
-0.039,-0.863,0.488
-0.039,-0.895,0.504
-0.035,-0.926,0.523
-0.039,-0.949,0.547
-0.043,-0.957,0.563
-0.059,-0.949,0.57
-0.07,-0.945,0.57
-0.074,-0.957,0.57
-0.074,-1.008,0.574
-0.074,-1.113,0.598
-0.051,-1.23,0.629
-0.02,-1.277,0.668
0.016,-1.246,0.715
0.023,-1.199,0.777
0.039,-1.18,0.852
0.055,-1.141,0.887
0.063,-1.039,0.883
0.066,-0.926,0.855
0.059,-0.855,0.809
0.055,-0.863,0.77
0.063,-0.906,0.73
0.074,-0.961,0.699
0.086,-0.953,0.66
0.098,-0.918,0.625
0.098,-0.883,0.594
0.094,-0.855,0.555
0.09,-0.82,0.52
0.098,-0.781,0.488
0.109,-0.738,0.453
0.113,-0.695,0.426
0.117,-0.672,0.406
0.117,-0.645,0.387
0.117,-0.629,0.367
0.117,-0.621,0.363
0.121,-0.629,0.363
0.125,-0.652,0.367
0.141,-0.68,0.379
0.145,-0.699,0.391
0.152,-0.715,0.406
0.16,-0.73,0.426
0.164,-0.754,0.449
0.164,-0.773,0.465
0.164,-0.793,0.484
0.152,-0.809,0.492
0.145,-0.828,0.496
0.133,-0.824,0.484
0.125,-0.816,0.465
0.121,-0.824,0.449
0.125,-0.832,0.441
0.121,-0.828,0.438
0.121,-0.82,0.426
0.113,-0.813,0.418
0.105,-0.813,0.418
0.094,-0.832,0.426
0.07,-0.859,0.434
0.051,-0.887,0.441
0.039,-0.906,0.438
0.023,-0.93,0.449
0.02,-0.953,0.465
0.016,-0.973,0.48
0.016,-0.984,0.488
0.02,-1,0.496
0.039,-1.004,0.5
0.066,-0.996,0.508
0.105,-0.98,0.508
0.133,-0.961,0.5
0.16,-0.945,0.5
0.176,-0.949,0.496
0.176,-0.988,0.508
0.152,-1.078,0.563
0.098,-1.168,0.637
0.023,-1.168,0.695
-0.047,-1.09,0.75
-0.094,-1.023,0.813
-0.137,-0.992,0.859
-0.152,-0.938,0.863
-0.125,-0.871,0.871
-0.074,-0.836,0.875
-0.051,-0.84,0.859
-0.039,-0.867,0.84
-0.035,-0.887,0.813
-0.035,-0.887,0.773
-0.039,-0.871,0.738
-0.039,-0.84,0.688
-0.043,-0.813,0.641
-0.035,-0.824,0.598
-0.027,-0.828,0.555
-0.02,-0.813,0.516
-0.012,-0.77,0.484
-0.008,-0.727,0.449
-0.008,-0.695,0.422
-0.004,-0.672,0.402
-0.008,-0.66,0.383
-0.012,-0.656,0.363
-0.012,-0.664,0.355
-0.012,-0.672,0.355
-0.016,-0.699,0.355
-0.016,-0.727,0.359
-0.016,-0.738,0.363
-0.023,-0.75,0.383
-0.031,-0.77,0.402
-0.039,-0.785,0.422
-0.039,-0.801,0.426
-0.039,-0.816,0.434
-0.043,-0.848,0.434
-0.051,-0.875,0.434
-0.055,-0.895,0.434
-0.066,-0.895,0.434
-0.07,-0.875,0.434
-0.07,-0.828,0.422
-0.07,-0.793,0.418
-0.07,-0.781,0.422
-0.07,-0.781,0.418
-0.059,-0.777,0.422
-0.035,-0.793,0.445
-0.023,-0.805,0.449
-0.012,-0.832,0.461
0.008,-0.863,0.473
0.02,-0.91,0.484
0.031,-0.941,0.492
0.031,-0.949,0.492
0.02,-0.965,0.488
0.02,-0.969,0.484
0.004,-0.973,0.484
-0.008,-0.996,0.484
-0.008,-1.078,0.504
0.008,-1.188,0.555
0.047,-1.234,0.602
0.109,-1.207,0.668
0.172,-1.156,0.762
0.195,-1.121,0.855
0.199,-1.094,0.926
0.195,-1.027,0.949
0.172,-0.957,0.93
0.148,-0.934,0.887
0.133,-0.961,0.832
0.121,-1.016,0.789
0.125,-1.063,0.758
0.129,-1.07,0.719
0.121,-1.008,0.676
0.117,-0.938,0.633
0.113,-0.887,0.59
0.102,-0.852,0.547
0.086,-0.797,0.508
0.082,-0.75,0.469
0.094,-0.707,0.43
0.109,-0.672,0.398
0.117,-0.648,0.367
0.129,-0.633,0.344
0.133,-0.621,0.332
0.141,-0.609,0.328
0.145,-0.613,0.332
0.148,-0.633,0.348
0.148,-0.656,0.355
0.148,-0.684,0.375
0.156,-0.707,0.383
0.156,-0.723,0.398
0.152,-0.742,0.414
0.145,-0.762,0.434
0.137,-0.789,0.461
0.129,-0.824,0.477
0.129,-0.824,0.477
0.133,-0.816,0.469
0.117,-0.805,0.449
0.117,-0.813,0.441
0.113,-0.816,0.434
0.113,-0.813,0.43
0.105,-0.82,0.43
0.09,-0.813,0.422
0.07,-0.82,0.422
0.055,-0.82,0.43
0.039,-0.836,0.449
0.039,-0.855,0.477
0.039,-0.883,0.5
0.043,-0.902,0.516
0.059,-0.93,0.531
0.082,-0.957,0.555
0.109,-0.988,0.574
0.137,-1,0.594
0.16,-1.012,0.605
0.18,-1.004,0.605
0.211,-0.988,0.594
0.242,-1,0.578
0.254,-1.078,0.586
0.23,-1.176,0.625
0.172,-1.191,0.648
0.094,-1.141,0.66
0.016,-1.094,0.68
-0.074,-1.098,0.73
-0.172,-1.09,0.785
-0.25,-1.016,0.82
-0.273,-0.902,0.801
-0.254,-0.836,0.797
-0.215,-0.836,0.793
-0.188,-0.852,0.801
-0.164,-0.867,0.793
-0.148,-0.879,0.777
-0.125,-0.879,0.754
-0.098,-0.879,0.723
-0.082,-0.879,0.684
-0.063,-0.859,0.637
-0.051,-0.848,0.59
-0.055,-0.816,0.547
-0.059,-0.77,0.516
-0.074,-0.742,0.48
-0.078,-0.707,0.453
-0.082,-0.688,0.43
-0.09,-0.672,0.406
-0.094,-0.668,0.387
-0.09,-0.66,0.383
-0.082,-0.668,0.379
-0.063,-0.676,0.387
-0.051,-0.691,0.379
-0.059,-0.715,0.379
-0.055,-0.73,0.391
-0.055,-0.738,0.387
-0.047,-0.746,0.387
-0.043,-0.762,0.391
-0.039,-0.789,0.398
-0.039,-0.82,0.414
-0.035,-0.828,0.43
-0.039,-0.824,0.438
-0.039,-0.816,0.449
-0.039,-0.805,0.457
-0.043,-0.789,0.473
-0.051,-0.781,0.484
-0.055,-0.777,0.496
-0.055,-0.758,0.484
-0.063,-0.738,0.477
-0.07,-0.734,0.473
-0.074,-0.746,0.465
-0.07,-0.781,0.453
-0.055,-0.82,0.453
-0.047,-0.859,0.457
-0.043,-0.879,0.477
-0.047,-0.902,0.496
-0.047,-0.906,0.516
-0.051,-0.91,0.535
-0.063,-0.926,0.559
-0.07,-0.953,0.578
-0.074,-0.992,0.613
-0.066,-1.074,0.652
-0.051,-1.156,0.684
-0.016,-1.203,0.715
0.043,-1.223,0.758
0.094,-1.203,0.809
0.137,-1.16,0.859
0.16,-1.133,0.906
0.16,-1.082,0.922
0.125,-0.98,0.91
0.082,-0.898,0.891
0.047,-0.887,0.867
0.047,-0.93,0.828
0.066,-0.984,0.785
0.113,-1,0.762
0.152,-0.988,0.73
0.18,-0.949,0.695
0.191,-0.895,0.664
0.191,-0.859,0.625
0.184,-0.813,0.582
0.172,-0.762,0.539
0.16,-0.711,0.488
0.148,-0.664,0.438
0.129,-0.613,0.391
0.129,-0.594,0.355
0.121,-0.57,0.32
0.105,-0.57,0.305
0.098,-0.574,0.301
0.102,-0.586,0.309
0.105,-0.602,0.324
0.109,-0.617,0.344
0.105,-0.633,0.379
0.113,-0.648,0.414
0.117,-0.656,0.449
0.125,-0.66,0.484
0.129,-0.672,0.512
0.137,-0.688,0.531
0.129,-0.695,0.535
0.125,-0.703,0.539
0.125,-0.719,0.535
0.133,-0.738,0.531
0.145,-0.758,0.516
0.148,-0.75,0.512
0.141,-0.746,0.508
0.137,-0.742,0.512
0.121,-0.758,0.52
0.105,-0.793,0.535
0.09,-0.832,0.555
0.086,-0.871,0.586
0.078,-0.914,0.617
0.07,-0.953,0.645
0.082,-0.984,0.672
0.098,-0.992,0.695
0.125,-0.996,0.727
0.141,-1.012,0.758
0.137,-1.063,0.801
0.09,-1.16,0.844
0.02,-1.242,0.891
-0.059,-1.254,0.938
-0.141,-1.195,0.984
-0.211,-1.086,1.004
-0.266,-0.961,1.012
-0.262,-0.828,1
-0.227,-0.723,0.984
-0.164,-0.695,0.965
-0.109,-0.738,0.953
-0.078,-0.793,0.941
-0.07,-0.852,0.926
-0.07,-0.887,0.898
-0.066,-0.859,0.852
-0.059,-0.82,0.797
-0.047,-0.801,0.742
-0.027,-0.781,0.691
-0.027,-0.75,0.637
-0.02,-0.711,0.598
-0.02,-0.672,0.547
-0.027,-0.637,0.5
-0.027,-0.613,0.465
-0.023,-0.586,0.434
-0.016,-0.563,0.402
-0.012,-0.551,0.379
-0.008,-0.543,0.363
-0.004,-0.555,0.355
-0.008,-0.57,0.363
-0.012,-0.594,0.371
-0.02,-0.617,0.371
-0.023,-0.648,0.387
-0.023,-0.699,0.402
-0.027,-0.73,0.422
-0.023,-0.758,0.434
-0.027,-0.789,0.453
-0.035,-0.797,0.461
-0.043,-0.805,0.473
-0.051,-0.816,0.488
-0.066,-0.813,0.5
-0.078,-0.801,0.516
-0.082,-0.77,0.516
-0.09,-0.73,0.512
-0.094,-0.723,0.5
-0.082,-0.738,0.492
-0.078,-0.785,0.484
-0.07,-0.836,0.48
-0.059,-0.879,0.473
-0.047,-0.914,0.473
-0.047,-0.945,0.484
-0.047,-0.969,0.496
-0.039,-0.98,0.508
-0.035,-0.992,0.508
-0.039,-1.031,0.512
-0.039,-1.113,0.535
-0.027,-1.211,0.574
0.016,-1.234,0.59
0.082,-1.203,0.613
0.148,-1.16,0.672
0.199,-1.125,0.727
0.219,-1.086,0.766
0.203,-1.047,0.797
0.156,-1.016,0.789
0.09,-1.027,0.777
0.047,-1.059,0.777
0.031,-1.086,0.762
0.035,-1.105,0.738
0.066,-1.109,0.715
0.09,-1.082,0.68
0.125,-1.043,0.648
0.141,-1,0.609
0.133,-0.941,0.566
0.117,-0.863,0.523
0.105,-0.785,0.48
0.098,-0.715,0.426
0.094,-0.664,0.375
0.102,-0.625,0.32
0.102,-0.609,0.281
0.098,-0.594,0.254
0.098,-0.586,0.238
0.098,-0.582,0.238
0.102,-0.57,0.242
0.102,-0.563,0.25
0.105,-0.574,0.27
0.105,-0.598,0.289
0.109,-0.625,0.309
0.117,-0.656,0.332
0.117,-0.695,0.352
0.125,-0.738,0.371
0.129,-0.785,0.395
0.125,-0.82,0.426
0.113,-0.844,0.449
0.105,-0.863,0.461
0.109,-0.867,0.469
0.098,-0.867,0.477
0.082,-0.871,0.477
0.074,-0.895,0.465
0.063,-0.93,0.445
0.059,-0.957,0.43
0.055,-0.996,0.438
0.055,-1.031,0.445
0.055,-1.047,0.469
0.055,-1.047,0.484
0.07,-1.043,0.504
0.094,-1.023,0.512
0.121,-1.008,0.516
0.141,-1,0.508
0.141,-1.023,0.504
0.113,-1.129,0.543
0.051,-1.238,0.605
-0.047,-1.258,0.656
-0.141,-1.203,0.715
-0.219,-1.125,0.762
-0.266,-1.086,0.82
-0.258,-1.031,0.867
-0.18,-0.98,0.879
-0.09,-0.957,0.887
-0.039,-0.957,0.895
-0.031,-0.977,0.887
-0.031,-0.996,0.871
-0.043,-0.98,0.824
-0.043,-0.941,0.754
-0.027,-0.914,0.684
-0.012,-0.895,0.621
0.016,-0.875,0.578
0.043,-0.828,0.539
0.059,-0.773,0.504
0.055,-0.723,0.473
0.039,-0.68,0.438
0.023,-0.652,0.41
0,-0.633,0.383
-0.02,-0.625,0.359
-0.023,-0.625,0.348
-0.027,-0.633,0.336
-0.02,-0.656,0.328
-0.012,-0.676,0.324
0,-0.695,0.313
0.023,-0.715,0.316
0.027,-0.734,0.309
0.023,-0.754,0.316
0.016,-0.789,0.328
0.012,-0.836,0.336
0.004,-0.848,0.344
-0.008,-0.848,0.352
-0.023,-0.848,0.363
-0.035,-0.844,0.367
-0.039,-0.828,0.363
-0.051,-0.809,0.363
-0.055,-0.797,0.383
-0.059,-0.801,0.398
-0.051,-0.801,0.41
-0.047,-0.82,0.418
-0.039,-0.828,0.41
-0.031,-0.844,0.398
-0.016,-0.863,0.395
0.004,-0.898,0.383
0.012,-0.941,0.391
0.016,-0.988,0.398
0.012,-1.012,0.402
0.02,-1.012,0.414
0.02,-1.012,0.422
0.016,-1.004,0.434
0.004,-1,0.438
-0.008,-0.98,0.43
-0.012,-0.973,0.41
-0.027,-1.02,0.414
-0.02,-1.109,0.434
0.004,-1.188,0.469
0.051,-1.195,0.508
0.117,-1.168,0.563
0.172,-1.145,0.605
0.199,-1.176,0.664
0.203,-1.211,0.75
0.18,-1.168,0.797
0.145,-1.102,0.809
0.117,-1.086,0.801
0.109,-1.102,0.77
0.125,-1.133,0.719
0.148,-1.141,0.684
0.172,-1.109,0.641
0.18,-1.078,0.605
0.18,-1.039,0.574
0.152,-0.977,0.539
0.113,-0.891,0.492
0.09,-0.797,0.445
0.082,-0.723,0.402
0.09,-0.684,0.371
0.102,-0.656,0.332
0.117,-0.629,0.309
0.129,-0.602,0.293
0.141,-0.582,0.281
0.141,-0.578,0.277
0.145,-0.586,0.277
0.145,-0.582,0.289
0.145,-0.578,0.301
0.145,-0.59,0.309
0.148,-0.609,0.32
0.148,-0.637,0.332
0.148,-0.68,0.348
0.141,-0.723,0.363
0.137,-0.762,0.383
0.137,-0.785,0.395
0.129,-0.797,0.398
0.113,-0.805,0.422
0.113,-0.809,0.426
0.105,-0.836,0.426
0.102,-0.855,0.422
0.102,-0.875,0.414
0.102,-0.902,0.41
0.094,-0.922,0.422
0.09,-0.957,0.434
0.09,-0.992,0.449
0.074,-1.02,0.465
0.063,-1.055,0.473
0.047,-1.078,0.48
0.035,-1.082,0.48
0.051,-1.066,0.477
0.07,-1.059,0.477
0.086,-1.051,0.477
0.113,-1.039,0.469
0.125,-1.066,0.461
0.098,-1.148,0.488
0.043,-1.211,0.547
-0.035,-1.199,0.582
-0.109,-1.137,0.609
-0.168,-1.086,0.645
-0.188,-1.07,0.699
-0.156,-1.02,0.727
-0.094,-0.969,0.746
-0.02,-0.957,0.762
0.039,-0.977,0.77
0.059,-1.016,0.773
0.051,-1.047,0.766
0.047,-1.043,0.73
0.043,-1.023,0.66
0.047,-1.004,0.59
0.055,-0.992,0.539
0.07,-0.977,0.5
0.082,-0.926,0.465
0.078,-0.863,0.426
0.063,-0.809,0.395
0.039,-0.762,0.363
0.008,-0.723,0.34
-0.012,-0.688,0.32
-0.031,-0.656,0.301
-0.035,-0.656,0.281
-0.039,-0.66,0.266
-0.039,-0.68,0.258
-0.035,-0.695,0.254
-0.027,-0.707,0.254
-0.02,-0.719,0.262
-0.012,-0.734,0.266
-0.004,-0.75,0.27
-0.004,-0.77,0.277
-0.012,-0.785,0.285
-0.031,-0.789,0.289
-0.043,-0.785,0.289
-0.059,-0.781,0.285
-0.078,-0.785,0.277
-0.086,-0.797,0.277
-0.082,-0.813,0.281
-0.078,-0.832,0.305
-0.059,-0.848,0.32
-0.047,-0.859,0.336
-0.039,-0.883,0.344
-0.035,-0.91,0.355
-0.031,-0.922,0.359
-0.031,-0.953,0.383
-0.047,-0.988,0.41
-0.035,-1.02,0.441
-0.043,-1.023,0.461
-0.055,-1.004,0.473
-0.07,-1.012,0.48
-0.082,-1.059,0.473
-0.074,-1.195,0.473
-0.039,-1.379,0.539
0.047,-1.461,0.617
0.16,-1.426,0.699
0.234,-1.313,0.785
0.254,-1.227,0.875
0.246,-1.172,0.949
0.223,-1.129,0.961
0.188,-1.098,0.941
0.152,-1.09,0.895
0.145,-1.129,0.844
0.137,-1.16,0.801
0.137,-1.137,0.754
0.152,-1.086,0.703
0.156,-1.031,0.648
0.148,-0.953,0.578
0.148,-0.855,0.504
0.152,-0.77,0.426
0.148,-0.703,0.363
0.145,-0.645,0.305
0.141,-0.594,0.262
0.137,-0.547,0.227
0.133,-0.504,0.203
0.133,-0.477,0.191
0.129,-0.469,0.184
0.133,-0.48,0.191
0.137,-0.512,0.219
0.152,-0.559,0.254
0.168,-0.609,0.289
0.176,-0.656,0.336
0.18,-0.684,0.383
0.18,-0.699,0.418
0.184,-0.723,0.449
0.184,-0.742,0.484
0.184,-0.762,0.508
0.184,-0.777,0.52
0.176,-0.809,0.516
0.164,-0.844,0.504
0.148,-0.855,0.484
0.141,-0.852,0.473
0.133,-0.848,0.457
0.117,-0.855,0.441
0.113,-0.867,0.422
0.105,-0.875,0.41
0.086,-0.887,0.422
0.078,-0.918,0.441
0.066,-0.93,0.461
0.055,-0.941,0.492
0.051,-0.957,0.52
0.047,-0.969,0.539
0.043,-0.98,0.551
0.051,-1,0.555
0.07,-1.004,0.555
0.082,-0.992,0.539
0.09,-0.977,0.523
0.098,-0.977,0.531
0.09,-1.023,0.563
0.063,-1.082,0.609
0.004,-1.094,0.645
-0.074,-1.074,0.668
-0.152,-1.059,0.684
-0.223,-1.043,0.719
-0.27,-1.039,0.77
-0.281,-1.023,0.836
-0.238,-0.965,0.875
-0.156,-0.898,0.918
-0.059,-0.883,0.953
0,-0.895,0.965
0.012,-0.918,0.957
0.004,-0.938,0.934
-0.008,-0.938,0.887
-0.012,-0.918,0.832
-0.012,-0.902,0.789
0.008,-0.883,0.746
0.035,-0.855,0.699
0.055,-0.805,0.648
0.066,-0.754,0.598
0.074,-0.719,0.551
0.066,-0.68,0.508
0.059,-0.641,0.465
0.043,-0.613,0.43
0.035,-0.594,0.402
0.031,-0.59,0.379
0.035,-0.59,0.363
0.027,-0.602,0.363
0.023,-0.613,0.359
0.008,-0.641,0.355
-0.004,-0.66,0.355
-0.012,-0.684,0.359
-0.016,-0.695,0.371
-0.023,-0.715,0.379
-0.023,-0.73,0.387
-0.023,-0.75,0.395
-0.031,-0.766,0.406
-0.047,-0.773,0.426
-0.043,-0.773,0.441
-0.047,-0.766,0.449
-0.047,-0.762,0.449
-0.043,-0.77,0.457
-0.043,-0.781,0.461
-0.035,-0.805,0.449
-0.031,-0.832,0.445
-0.027,-0.871,0.457
-0.031,-0.902,0.465
-0.031,-0.934,0.48
-0.035,-0.953,0.504
-0.039,-0.969,0.512
-0.039,-0.98,0.508
-0.035,-0.977,0.508
-0.043,-0.961,0.504
-0.039,-0.941,0.488
-0.039,-0.93,0.477
-0.035,-0.941,0.465
-0.039,-1.02,0.469
-0.023,-1.141,0.508
0.027,-1.219,0.563
0.105,-1.191,0.633
0.172,-1.145,0.738
0.215,-1.156,0.879
0.234,-1.164,0.977
0.219,-1.113,1.016
0.184,-1.055,1.027
0.141,-1.031,0.992
0.117,-1.063,0.938
0.09,-1.117,0.891
0.078,-1.133,0.816
0.066,-1.121,0.754
0.043,-1.086,0.691
0.023,-1.016,0.625
0,-0.93,0.559
-0.008,-0.836,0.496
0.008,-0.758,0.445
0.027,-0.695,0.402
0.047,-0.645,0.375
0.055,-0.602,0.352
0.063,-0.559,0.328
0.063,-0.535,0.313
0.066,-0.52,0.313
0.078,-0.508,0.32
0.094,-0.516,0.332
0.102,-0.547,0.352
0.109,-0.586,0.371
0.113,-0.617,0.402
0.129,-0.645,0.434
0.121,-0.66,0.461
0.125,-0.68,0.496
0.113,-0.699,0.512
0.098,-0.723,0.527
0.086,-0.738,0.539
0.07,-0.746,0.543
0.063,-0.762,0.539
0.055,-0.785,0.539
0.051,-0.809,0.539
0.051,-0.809,0.539
0.059,-0.809,0.547
0.059,-0.824,0.559
0.055,-0.844,0.563
0.039,-0.871,0.57
0.023,-0.898,0.574
0.004,-0.914,0.574
-0.016,-0.934,0.574
-0.027,-0.953,0.586
-0.043,-0.984,0.586
-0.039,-0.992,0.578
-0.027,-0.988,0.563
-0.004,-0.988,0.555
0.02,-0.984,0.539
0.047,-0.977,0.523
0.051,-1.02,0.539
0.031,-1.113,0.578
-0.012,-1.203,0.629
-0.078,-1.211,0.668
-0.121,-1.141,0.703
-0.121,-1.055,0.766
-0.078,-0.992,0.824
-0.023,-0.934,0.863
0.023,-0.902,0.906
0.047,-0.883,0.934
0.059,-0.883,0.949
0.043,-0.871,0.934
0.027,-0.848,0.902
0.016,-0.82,0.863
0.02,-0.801,0.816
0.031,-0.777,0.77
0.047,-0.766,0.73
0.039,-0.766,0.691
0.031,-0.754,0.652
0.027,-0.742,0.621
0.016,-0.719,0.586
0,-0.68,0.551
-0.012,-0.652,0.52
-0.027,-0.629,0.496
-0.047,-0.625,0.488
-0.066,-0.625,0.477
-0.102,-0.629,0.457
-0.098,-0.633,0.445
-0.105,-0.633,0.434
-0.102,-0.641,0.422
-0.086,-0.656,0.422
-0.063,-0.684,0.43
-0.055,-0.707,0.434
-0.047,-0.727,0.449
-0.043,-0.746,0.461
-0.039,-0.758,0.48
-0.043,-0.77,0.492
-0.059,-0.785,0.5
-0.066,-0.797,0.508
-0.07,-0.797,0.508
-0.078,-0.797,0.508
-0.082,-0.789,0.504
-0.094,-0.777,0.508
-0.102,-0.777,0.527
-0.102,-0.777,0.535
-0.09,-0.762,0.547
-0.078,-0.758,0.559
-0.066,-0.777,0.57
-0.063,-0.805,0.574
-0.066,-0.832,0.59
-0.066,-0.855,0.59
-0.066,-0.867,0.59
-0.066,-0.871,0.59
-0.066,-0.863,0.578
-0.063,-0.855,0.559
-0.059,-0.84,0.539
-0.055,-0.828,0.523
-0.047,-0.84,0.52
-0.035,-0.891,0.535
-0.027,-0.98,0.57
0.008,-1.07,0.625
0.047,-1.129,0.652
0.098,-1.156,0.707
0.137,-1.172,0.801
0.164,-1.188,0.879
0.176,-1.16,0.93
0.16,-1.086,0.973
0.133,-1.023,0.988
0.086,-0.977,0.98
0.059,-0.961,0.961
0.047,-0.961,0.914
0.051,-0.941,0.863
0.063,-0.926,0.824
0.063,-0.898,0.762
0.059,-0.855,0.695
0.047,-0.789,0.629
0.039,-0.734,0.574
0.063,-0.695,0.535
0.07,-0.668,0.488
0.074,-0.648,0.453
0.082,-0.625,0.43
0.078,-0.609,0.414
0.066,-0.602,0.418
0.063,-0.602,0.43
0.059,-0.609,0.449
0.063,-0.625,0.461
0.07,-0.641,0.48
0.078,-0.66,0.504
0.094,-0.672,0.531
0.102,-0.672,0.555
0.109,-0.68,0.57
0.113,-0.688,0.582
0.113,-0.688,0.582
0.113,-0.684,0.578
0.113,-0.688,0.57
0.105,-0.703,0.551
0.086,-0.727,0.531
0.066,-0.762,0.527
0.051,-0.801,0.531
0.035,-0.813,0.527
0.035,-0.813,0.527
0.035,-0.801,0.535
0.043,-0.805,0.551
0.051,-0.805,0.57
0.055,-0.816,0.582
0.047,-0.848,0.598
0.035,-0.883,0.613
0.023,-0.902,0.613
0.02,-0.91,0.609
0.023,-0.926,0.613
0.031,-0.941,0.613
0.047,-0.949,0.609
0.051,-0.941,0.598
0.055,-0.93,0.605
0.066,-0.922,0.637
0.082,-0.918,0.684
0.098,-0.93,0.742
0.102,-0.973,0.801
0.074,-1.039,0.84
0.008,-1.074,0.875
-0.055,-1.039,0.902
-0.113,-0.961,0.934
-0.152,-0.883,0.938
-0.172,-0.781,0.914
-0.168,-0.691,0.902
-0.141,-0.648,0.895
-0.113,-0.641,0.895
-0.082,-0.668,0.898
-0.078,-0.699,0.891
-0.082,-0.715,0.887
-0.098,-0.695,0.895
-0.098,-0.688,0.891
-0.09,-0.664,0.871
-0.082,-0.648,0.848
-0.066,-0.652,0.805
-0.039,-0.648,0.754
-0.012,-0.648,0.719
0.004,-0.633,0.688
0,-0.613,0.656
-0.008,-0.57,0.621
-0.012,-0.598,0.602
-0.023,-0.598,0.59
-0.031,-0.594,0.59
-0.035,-0.594,0.59
-0.035,-0.602,0.598
-0.039,-0.625,0.609
-0.039,-0.633,0.621
-0.047,-0.645,0.633
-0.043,-0.652,0.637
-0.035,-0.664,0.637
-0.031,-0.672,0.637
-0.02,-0.68,0.633
-0.016,-0.684,0.621
-0.008,-0.691,0.613
0.008,-0.68,0.609
0.008,-0.68,0.605
0,-0.684,0.613
-0.008,-0.688,0.621
-0.016,-0.68,0.617
-0.016,-0.676,0.633
-0.016,-0.672,0.648
-0.008,-0.656,0.652
0.008,-0.645,0.672
0.016,-0.645,0.68
0.027,-0.66,0.684
0.035,-0.672,0.68
0.051,-0.691,0.68
0.063,-0.703,0.676
0.066,-0.727,0.668
0.066,-0.762,0.664
0.063,-0.785,0.66
0.059,-0.797,0.652
0.047,-0.801,0.652
0.023,-0.809,0.664
0,-0.816,0.68
-0.016,-0.855,0.742
-0.02,-0.945,0.832
0.016,-1.047,0.895
0.063,-1.078,0.918
0.121,-1.043,0.949
0.184,-0.973,0.988
0.223,-0.91,0.996
0.23,-0.832,0.98
0.215,-0.754,0.957
0.176,-0.719,0.922
0.137,-0.707,0.891
0.105,-0.719,0.871
0.082,-0.734,0.852
0.07,-0.754,0.836
0.082,-0.746,0.813
0.09,-0.707,0.797
0.094,-0.691,0.805
0.098,-0.68,0.813
0.094,-0.66,0.805
0.082,-0.637,0.785
0.066,-0.613,0.773
0.055,-0.594,0.746
0.039,-0.574,0.723
0.035,-0.563,0.703
0.031,-0.559,0.688
0.035,-0.551,0.676
0.047,-0.555,0.672
0.066,-0.559,0.676
0.082,-0.57,0.68
0.094,-0.586,0.691
0.109,-0.594,0.699
0.109,-0.609,0.715
0.109,-0.625,0.738
0.109,-0.637,0.75
0.113,-0.652,0.754
0.113,-0.66,0.758
0.117,-0.645,0.75
0.129,-0.637,0.734
0.129,-0.621,0.723
0.125,-0.613,0.703
0.125,-0.605,0.688
0.117,-0.613,0.676
0.113,-0.613,0.672
0.109,-0.605,0.668
0.102,-0.602,0.672
0.098,-0.605,0.676
0.094,-0.602,0.684
0.082,-0.605,0.699
0.07,-0.617,0.711
0.063,-0.645,0.727
0.059,-0.68,0.734
0.043,-0.699,0.746
0.051,-0.707,0.762
0.055,-0.719,0.77
0.055,-0.723,0.77
0.066,-0.719,0.773
0.082,-0.715,0.766
0.098,-0.703,0.758
0.105,-0.691,0.746
0.109,-0.684,0.738
0.117,-0.676,0.719
0.125,-0.656,0.715
0.133,-0.672,0.746
0.137,-0.719,0.801
0.129,-0.805,0.859
0.09,-0.895,0.914
0.023,-0.926,0.945
-0.035,-0.887,0.957
-0.066,-0.813,0.961
-0.074,-0.75,0.965
-0.063,-0.715,0.957
-0.043,-0.695,0.93
-0.039,-0.684,0.914
-0.039,-0.672,0.895
-0.063,-0.664,0.883
-0.098,-0.648,0.871
-0.137,-0.645,0.875
-0.156,-0.641,0.875
-0.16,-0.648,0.871
-0.156,-0.645,0.867
-0.137,-0.641,0.867
-0.105,-0.633,0.859
-0.078,-0.633,0.844
-0.051,-0.617,0.816
-0.039,-0.605,0.797
-0.027,-0.594,0.781
-0.02,-0.586,0.766
-0.023,-0.586,0.758
-0.031,-0.594,0.75
-0.031,-0.598,0.734
-0.027,-0.598,0.723
-0.027,-0.602,0.719
-0.031,-0.598,0.727
-0.035,-0.594,0.734
-0.039,-0.609,0.742
-0.043,-0.617,0.746
-0.055,-0.625,0.754
-0.063,-0.637,0.754
-0.074,-0.645,0.758
-0.086,-0.652,0.758
-0.086,-0.656,0.758
-0.09,-0.656,0.754
-0.07,-0.652,0.746
-0.051,-0.641,0.734
-0.043,-0.637,0.734
-0.035,-0.637,0.734
-0.035,-0.637,0.738
-0.043,-0.637,0.746
-0.051,-0.637,0.75
-0.047,-0.637,0.758
-0.031,-0.637,0.766
-0.016,-0.645,0.77
-0.004,-0.652,0.773
-0.008,-0.648,0.781
-0.027,-0.633,0.773
-0.043,-0.613,0.77
-0.063,-0.602,0.766
-0.063,-0.594,0.773
-0.051,-0.637,0.809
-0.039,-0.719,0.848
-0.02,-0.797,0.863
0.012,-0.813,0.871
0.063,-0.789,0.898
0.094,-0.754,0.918
0.098,-0.711,0.934
0.098,-0.676,0.938
0.082,-0.672,0.93
0.066,-0.668,0.918
0.047,-0.684,0.891
0.031,-0.695,0.855
0.031,-0.699,0.793
0.047,-0.691,0.754
0.078,-0.66,0.73
0.098,-0.633,0.723
0.113,-0.625,0.742
0.117,-0.637,0.766
0.109,-0.656,0.801
0.109,-0.664,0.813
0.113,-0.672,0.836
0.109,-0.691,0.844
0.09,-0.688,0.84
0.07,-0.688,0.84
0.051,-0.688,0.832
0.035,-0.691,0.816
0.023,-0.691,0.793
0.027,-0.684,0.773
0.027,-0.676,0.754
0.023,-0.676,0.742
0.031,-0.676,0.738
0.043,-0.672,0.742
0.047,-0.66,0.738
0.043,-0.652,0.742
0.051,-0.66,0.758
0.055,-0.664,0.758
0.055,-0.664,0.754
0.059,-0.66,0.754
0.059,-0.668,0.754
0.059,-0.656,0.746
0.059,-0.652,0.738
0.066,-0.656,0.742
0.063,-0.664,0.742
0.059,-0.66,0.738
0.059,-0.656,0.738
0.059,-0.645,0.738
0.059,-0.645,0.738
0.063,-0.641,0.738
0.055,-0.641,0.738
0.051,-0.637,0.734
0.055,-0.637,0.73
0.055,-0.629,0.723
0.063,-0.621,0.719
0.07,-0.621,0.719
0.078,-0.629,0.727
0.094,-0.629,0.734
0.098,-0.633,0.746
0.094,-0.645,0.762
0.094,-0.656,0.773
0.09,-0.66,0.781
0.078,-0.668,0.777
0.074,-0.672,0.777
0.07,-0.676,0.773
0.07,-0.676,0.758
0.07,-0.68,0.754
0.07,-0.703,0.766
0.07,-0.734,0.773
0.055,-0.781,0.785
0.047,-0.816,0.805
0.031,-0.816,0.813
0.016,-0.805,0.848
0.012,-0.785,0.887
0.012,-0.762,0.902
0.016,-0.75,0.926
0.023,-0.734,0.922
0.023,-0.723,0.898
0.027,-0.719,0.863
0.027,-0.715,0.836
0.023,-0.703,0.797
0.023,-0.676,0.766
0.023,-0.645,0.73
0.012,-0.617,0.707
-0.004,-0.609,0.695
-0.027,-0.621,0.707
-0.039,-0.637,0.727
-0.051,-0.645,0.742
-0.066,-0.652,0.77
-0.074,-0.66,0.797
-0.086,-0.676,0.801
-0.094,-0.695,0.793
-0.094,-0.719,0.781
-0.082,-0.73,0.781
-0.07,-0.754,0.766
-0.059,-0.766,0.738
-0.043,-0.77,0.703
-0.031,-0.762,0.676
-0.02,-0.746,0.652
-0.012,-0.73,0.637
-0.012,-0.727,0.613
-0.012,-0.711,0.594
-0.016,-0.707,0.582
-0.039,-0.715,0.578
-0.051,-0.719,0.582
-0.066,-0.727,0.578
-0.082,-0.734,0.582
-0.094,-0.742,0.586
-0.102,-0.75,0.59
-0.098,-0.75,0.582
-0.102,-0.762,0.578
-0.102,-0.773,0.574
-0.094,-0.793,0.563
-0.078,-0.797,0.566
-0.063,-0.805,0.566
-0.051,-0.816,0.563
-0.043,-0.824,0.563
-0.043,-0.836,0.566
-0.059,-0.844,0.566
-0.07,-0.836,0.57
-0.07,-0.813,0.582
-0.066,-0.789,0.605
-0.059,-0.773,0.617
-0.063,-0.766,0.633
-0.07,-0.777,0.641
-0.082,-0.801,0.637
-0.098,-0.816,0.629
-0.117,-0.844,0.621
-0.133,-0.867,0.625
-0.148,-0.875,0.629
-0.16,-0.879,0.629
-0.164,-0.887,0.641
-0.164,-0.914,0.648
-0.141,-0.98,0.672
-0.102,-1.074,0.695
-0.051,-1.145,0.719
0.012,-1.141,0.754
0.031,-1.047,0.789
0.027,-0.945,0.809
0.02,-0.883,0.789
0.016,-0.852,0.734
0.012,-0.852,0.668
0.012,-0.871,0.605
0.02,-0.906,0.555
0.047,-0.949,0.527
0.082,-0.98,0.512
0.121,-0.996,0.516
0.156,-0.98,0.527
0.156,-0.961,0.547
0.137,-0.938,0.551
0.113,-0.914,0.547
0.086,-0.895,0.559
0.047,-0.859,0.555
0.02,-0.813,0.539
0.004,-0.785,0.52
0.008,-0.762,0.496
0.016,-0.754,0.473
0.031,-0.754,0.449
0.047,-0.754,0.434
0.059,-0.75,0.414
0.07,-0.746,0.398
0.086,-0.738,0.387
0.09,-0.734,0.379
0.078,-0.734,0.367
0.066,-0.75,0.363
0.059,-0.762,0.359
0.055,-0.77,0.363
0.055,-0.785,0.359
0.063,-0.797,0.375
0.07,-0.824,0.391
0.09,-0.836,0.406
0.105,-0.836,0.414
0.113,-0.828,0.422
0.117,-0.836,0.43
0.117,-0.84,0.438
0.105,-0.844,0.457
0.109,-0.844,0.473
0.105,-0.855,0.477
0.113,-0.871,0.484
0.117,-0.887,0.48
0.109,-0.906,0.477
0.105,-0.938,0.477
0.113,-0.957,0.484
0.125,-0.973,0.484
0.145,-0.984,0.488
0.16,-0.984,0.488
0.195,-0.984,0.484
0.219,-0.996,0.477
0.238,-1.008,0.461
0.227,-1.07,0.457
0.168,-1.207,0.488
0.074,-1.324,0.563
-0.039,-1.32,0.641
-0.117,-1.176,0.719
-0.137,-1.012,0.762
-0.117,-0.93,0.777
-0.066,-0.906,0.773
-0.016,-0.898,0.754
0.016,-0.902,0.723
0.027,-0.93,0.695
0.016,-0.957,0.648
-0.016,-0.973,0.605
-0.047,-0.992,0.578
-0.055,-0.988,0.551
-0.047,-0.965,0.535
-0.031,-0.938,0.535
-0.027,-0.914,0.543
-0.027,-0.871,0.539
-0.027,-0.82,0.52
-0.027,-0.77,0.504
-0.016,-0.746,0.48
-0.012,-0.719,0.449
-0.016,-0.715,0.426
-0.023,-0.719,0.402
-0.043,-0.723,0.379
-0.055,-0.734,0.363
-0.059,-0.754,0.348
-0.07,-0.766,0.332
-0.07,-0.766,0.324
-0.063,-0.758,0.324
-0.055,-0.754,0.32
-0.047,-0.754,0.32
-0.043,-0.77,0.328
-0.043,-0.781,0.328
-0.055,-0.789,0.328
-0.055,-0.793,0.328
-0.066,-0.785,0.332
-0.082,-0.781,0.34
-0.098,-0.797,0.352
-0.105,-0.824,0.359
-0.105,-0.852,0.379
-0.094,-0.867,0.41
-0.082,-0.859,0.426
-0.07,-0.852,0.449
-0.055,-0.875,0.469
-0.051,-0.898,0.48
-0.043,-0.934,0.492
-0.051,-0.945,0.5
-0.063,-0.957,0.496
-0.082,-0.984,0.484
-0.102,-1.016,0.484
-0.129,-1.023,0.488
-0.152,-1,0.477
-0.16,-0.977,0.461
-0.16,-1.02,0.465
-0.133,-1.141,0.496
-0.078,-1.285,0.582
0.023,-1.305,0.656
0.129,-1.184,0.688
0.203,-1.055,0.719
0.25,-1,0.742
0.266,-1.012,0.75
0.25,-1.039,0.742
0.23,-1.031,0.715
0.203,-1.023,0.691
0.16,-1.035,0.676
0.125,-1.051,0.645
0.09,-1.051,0.621
0.063,-1.031,0.59
0.047,-0.98,0.543
0.035,-0.902,0.488
0.035,-0.828,0.434
0.047,-0.77,0.391
0.063,-0.719,0.34
0.078,-0.684,0.305
0.094,-0.656,0.285
0.094,-0.648,0.281
0.105,-0.648,0.277
0.109,-0.652,0.281
0.102,-0.664,0.297
0.102,-0.68,0.305
0.098,-0.695,0.328
0.094,-0.723,0.348
0.094,-0.734,0.379
0.102,-0.746,0.41
0.109,-0.758,0.441
0.109,-0.766,0.457
0.113,-0.777,0.461
0.121,-0.785,0.461
0.121,-0.793,0.465
0.121,-0.785,0.461
0.137,-0.781,0.449
0.148,-0.789,0.422
0.152,-0.816,0.387
0.148,-0.848,0.371
0.141,-0.867,0.367
0.141,-0.902,0.383
0.137,-0.934,0.398
0.129,-0.949,0.422
0.137,-0.953,0.434
0.148,-0.953,0.449
0.156,-0.945,0.465
0.164,-0.945,0.473
0.168,-0.949,0.469
0.172,-0.98,0.457
0.148,-1.086,0.453
0.117,-1.277,0.504
0.063,-1.422,0.574
-0.035,-1.426,0.656
-0.105,-1.297,0.754
-0.117,-1.129,0.816
-0.074,-1,0.844
-0.016,-0.93,0.848
0.039,-0.91,0.836
0.051,-0.941,0.805
0.023,-0.996,0.785
-0.008,-1.027,0.77
-0.035,-1.02,0.754
-0.031,-0.992,0.73
-0.008,-0.949,0.688
0.023,-0.914,0.656
0.059,-0.891,0.617
0.09,-0.859,0.582
0.109,-0.82,0.543
0.109,-0.785,0.512
0.098,-0.754,0.473
0.082,-0.723,0.434
0.066,-0.695,0.395
0.074,-0.672,0.359
0.063,-0.66,0.332
0.051,-0.66,0.316
0.047,-0.648,0.293
0.047,-0.66,0.27
0.051,-0.684,0.254
0.059,-0.711,0.23
0.078,-0.734,0.227
0.078,-0.75,0.234
0.063,-0.758,0.238
0.043,-0.773,0.246
0.031,-0.789,0.254
0.023,-0.805,0.262
0.023,-0.832,0.277
0.023,-0.859,0.301
0.016,-0.875,0.324
0.008,-0.879,0.324
-0.012,-0.887,0.316
-0.004,-0.906,0.328
0.004,-0.93,0.344
0,-0.949,0.355
0.008,-0.965,0.379
0.012,-0.965,0.383
0,-0.977,0.387
-0.02,-1.008,0.391
-0.027,-1.016,0.398
-0.027,-1.016,0.414
-0.043,-1.008,0.426
-0.055,-0.992,0.422
-0.07,-0.965,0.418
-0.086,-0.934,0.406
-0.09,-0.934,0.379
-0.078,-1.02,0.371
-0.035,-1.211,0.426
0.047,-1.352,0.523
0.168,-1.316,0.594
0.273,-1.164,0.641
0.313,-1.051,0.688
0.297,-1.012,0.719
0.25,-1.027,0.719
0.195,-1.105,0.703
0.148,-1.191,0.68
0.121,-1.246,0.664
0.113,-1.254,0.633
0.113,-1.23,0.598
0.094,-1.184,0.563
0.063,-1.09,0.516
0.039,-0.984,0.473
0.027,-0.875,0.422
0.016,-0.801,0.375
0.023,-0.742,0.336
0.043,-0.691,0.301
0.063,-0.648,0.266
0.078,-0.609,0.242
0.074,-0.586,0.227
0.078,-0.574,0.215
0.09,-0.574,0.223
0.102,-0.578,0.242
0.113,-0.59,0.258
0.117,-0.609,0.27
0.125,-0.637,0.289
0.133,-0.672,0.301
0.137,-0.719,0.316
0.145,-0.777,0.324
0.141,-0.828,0.336
0.133,-0.863,0.352
0.117,-0.883,0.359
0.105,-0.898,0.367
0.102,-0.902,0.395
0.094,-0.891,0.406
0.094,-0.898,0.414
0.09,-0.918,0.418
0.105,-0.945,0.422
0.113,-0.973,0.426
0.121,-1.004,0.426
0.121,-1.031,0.414
0.121,-1.055,0.406
0.109,-1.074,0.398
0.098,-1.074,0.398
0.09,-1.07,0.395
0.086,-1.066,0.387
0.078,-1.109,0.383
0.047,-1.227,0.414
-0.012,-1.359,0.484
-0.094,-1.375,0.551
-0.156,-1.246,0.609
-0.184,-1.094,0.645
-0.148,-1.027,0.688
-0.066,-1.016,0.707
0.023,-1.016,0.715
0.078,-1.016,0.719
0.098,-1.027,0.719
0.086,-1.047,0.703
0.059,-1.047,0.668
0.035,-1.043,0.621
0.02,-1.016,0.578
0.023,-0.977,0.523
0.031,-0.953,0.488
0.043,-0.926,0.457
0.039,-0.887,0.43
0.031,-0.836,0.391
0.004,-0.785,0.371
-0.027,-0.738,0.344
-0.055,-0.699,0.316
-0.074,-0.676,0.297
-0.082,-0.652,0.273
-0.086,-0.652,0.258
-0.078,-0.66,0.258
-0.074,-0.672,0.254
-0.074,-0.676,0.262
-0.066,-0.684,0.266
-0.047,-0.691,0.281
-0.035,-0.711,0.297
-0.02,-0.73,0.32
-0.012,-0.73,0.336
-0.012,-0.734,0.348
-0.012,-0.758,0.355
-0.027,-0.801,0.355
-0.031,-0.84,0.359
-0.039,-0.859,0.352
-0.047,-0.871,0.344
-0.055,-0.887,0.34
-0.059,-0.887,0.352
-0.051,-0.883,0.367
-0.047,-0.871,0.387
-0.051,-0.879,0.395
-0.051,-0.895,0.41
-0.047,-0.926,0.43
-0.039,-0.949,0.438
-0.035,-0.977,0.445
-0.039,-1.004,0.457
-0.039,-1.023,0.453
-0.043,-1.023,0.457
-0.051,-0.996,0.453
-0.055,-0.945,0.441
-0.055,-0.922,0.414
-0.059,-0.934,0.383
-0.051,-1.008,0.379
-0.02,-1.129,0.43
0.031,-1.219,0.484
0.102,-1.246,0.535
0.168,-1.223,0.609
0.207,-1.203,0.68
0.215,-1.211,0.742
0.211,-1.207,0.781
0.188,-1.203,0.793
0.16,-1.207,0.797
0.137,-1.211,0.781
0.117,-1.195,0.742
0.105,-1.176,0.699
0.102,-1.145,0.641
0.098,-1.074,0.566
0.082,-0.984,0.484
0.082,-0.906,0.398
0.094,-0.824,0.328
0.109,-0.754,0.273
0.117,-0.699,0.234
0.117,-0.652,0.211
0.117,-0.613,0.195
0.109,-0.598,0.191
0.105,-0.578,0.195
0.102,-0.563,0.207
0.102,-0.551,0.227
0.105,-0.559,0.246
0.105,-0.586,0.27
0.105,-0.645,0.289
0.102,-0.715,0.313
0.105,-0.766,0.336
0.117,-0.801,0.371
0.113,-0.813,0.379
0.105,-0.816,0.398
0.113,-0.824,0.422
0.121,-0.84,0.434
0.121,-0.844,0.434
0.117,-0.848,0.422
0.129,-0.859,0.398
0.121,-0.887,0.375
0.113,-0.922,0.348
0.109,-0.957,0.336
0.105,-0.996,0.336
0.098,-1.02,0.344
0.098,-1.039,0.363
0.098,-1.059,0.387
0.094,-1.063,0.406
0.102,-1.027,0.414
0.121,-1,0.418
0.137,-0.988,0.402
0.129,-1.016,0.379
0.117,-1.156,0.402
0.066,-1.32,0.477
-0.02,-1.379,0.547
-0.129,-1.316,0.598
-0.195,-1.219,0.641
-0.191,-1.148,0.711
-0.133,-1.082,0.773
-0.059,-1.031,0.801
-0.012,-1.02,0.82
0.02,-1.043,0.816
0.027,-1.066,0.785
0.023,-1.086,0.746
0.027,-1.066,0.699
0.031,-1.027,0.645
0.047,-0.984,0.578
0.063,-0.941,0.516
0.082,-0.867,0.457
0.09,-0.789,0.41
0.098,-0.727,0.371
0.09,-0.672,0.328
0.074,-0.637,0.293
0.063,-0.605,0.258
0.047,-0.598,0.242
0.043,-0.602,0.219
0.035,-0.609,0.203
0.043,-0.633,0.203
0.043,-0.664,0.207
0.035,-0.695,0.219
0.035,-0.73,0.234
0.023,-0.766,0.25
0.031,-0.781,0.262
0.031,-0.797,0.273
0.027,-0.82,0.285
0.023,-0.836,0.285
0.023,-0.859,0.285
0.02,-0.875,0.293
0.012,-0.875,0.293
0.012,-0.867,0.305
0.012,-0.863,0.316
0.012,-0.859,0.328
0.012,-0.871,0.328
0.008,-0.895,0.34
0.012,-0.91,0.344
0.008,-0.957,0.352
0.012,-1.004,0.367
0.004,-1.031,0.387
-0.012,-1.051,0.406
-0.035,-1.059,0.426
-0.047,-1.066,0.441
-0.047,-1.043,0.441
-0.031,-1,0.41
-0.02,-1.016,0.375
-0.012,-1.117,0.375
0.035,-1.227,0.43
0.105,-1.25,0.492
0.184,-1.184,0.547
0.23,-1.109,0.617
0.215,-1.086,0.699
0.184,-1.102,0.758
0.164,-1.129,0.789
0.156,-1.188,0.801
0.168,-1.25,0.793
0.176,-1.289,0.785
0.188,-1.273,0.754
0.191,-1.242,0.703
0.172,-1.203,0.641
0.148,-1.156,0.57
0.117,-1.078,0.496
0.086,-0.973,0.422
0.086,-0.867,0.355
0.078,-0.777,0.301
0.078,-0.711,0.254
0.086,-0.656,0.227
0.094,-0.594,0.195
0.094,-0.547,0.172
0.098,-0.508,0.164
0.094,-0.5,0.16
0.105,-0.512,0.168
0.117,-0.527,0.195
0.125,-0.543,0.207
0.156,-0.57,0.238
0.172,-0.621,0.25
0.172,-0.676,0.266
0.172,-0.711,0.293
0.176,-0.75,0.324
0.18,-0.789,0.359
0.184,-0.82,0.395
0.184,-0.828,0.414
0.176,-0.836,0.406
0.16,-0.84,0.398
0.156,-0.852,0.379
0.152,-0.879,0.367
0.152,-0.914,0.363
0.152,-0.961,0.363
0.148,-1.012,0.363
0.137,-1.047,0.371
0.129,-1.074,0.375
0.117,-1.105,0.391
0.09,-1.121,0.402
0.074,-1.137,0.414
0.07,-1.156,0.422
0.063,-1.156,0.422
0.074,-1.164,0.422
0.074,-1.223,0.457
0.051,-1.32,0.52
-0.008,-1.348,0.594
-0.066,-1.262,0.66
-0.094,-1.133,0.68
-0.09,-1.035,0.695
-0.051,-1.004,0.691
0.012,-1.023,0.684
0.059,-1.055,0.68
0.074,-1.074,0.68
0.059,-1.09,0.688
0.027,-1.094,0.68
-0.004,-1.09,0.652
-0.008,-1.047,0.605
0.012,-0.984,0.563
0.031,-0.938,0.523
0.051,-0.887,0.484
0.063,-0.824,0.438
0.066,-0.746,0.375
0.063,-0.68,0.324
0.051,-0.629,0.277
0.039,-0.59,0.234
0.031,-0.566,0.199
0.016,-0.559,0.172
-0.004,-0.563,0.16
-0.008,-0.574,0.152
-0.023,-0.602,0.152
-0.02,-0.652,0.16
-0.016,-0.691,0.164
-0.012,-0.723,0.18
-0.008,-0.758,0.199
-0.008,-0.773,0.23
-0.004,-0.801,0.262
0,-0.84,0.277
0.008,-0.879,0.293
0,-0.91,0.309
-0.004,-0.926,0.313
0.004,-0.934,0.305
0.004,-0.945,0.293
0.004,-0.953,0.281
0,-0.949,0.266
-0.008,-0.957,0.277
-0.012,-0.977,0.277
-0.012,-0.996,0.285
-0.012,-1.02,0.305
-0.004,-1.039,0.328
0.008,-1.047,0.363
0.012,-1.051,0.395
0.016,-1.043,0.41
0.008,-1.016,0.418
-0.004,-0.969,0.418
-0.023,-0.922,0.398
-0.039,-0.906,0.363
-0.039,-0.98,0.352
-0.008,-1.133,0.395
0.047,-1.234,0.457
0.133,-1.242,0.523
0.191,-1.207,0.582
0.203,-1.203,0.648
0.223,-1.203,0.723
0.242,-1.219,0.754
0.246,-1.254,0.754
0.234,-1.301,0.777
0.207,-1.32,0.762
0.184,-1.32,0.734
0.156,-1.313,0.699
0.133,-1.258,0.645
0.102,-1.164,0.563
0.074,-1.059,0.469
0.078,-0.941,0.387
0.086,-0.836,0.324
0.098,-0.742,0.25
0.102,-0.664,0.199
0.098,-0.605,0.152
0.098,-0.555,0.117
0.09,-0.527,0.102
0.082,-0.512,0.094
0.094,-0.516,0.102
0.102,-0.531,0.109
0.117,-0.555,0.125
0.141,-0.582,0.148
0.141,-0.621,0.172
0.145,-0.684,0.191
0.145,-0.754,0.215
0.141,-0.809,0.25
0.141,-0.828,0.285
0.137,-0.84,0.32
0.133,-0.855,0.348
0.133,-0.871,0.359
0.141,-0.875,0.363
0.137,-0.898,0.355
0.137,-0.934,0.34
0.125,-0.969,0.324
0.113,-0.996,0.316
0.094,-1.039,0.316
0.074,-1.074,0.332
0.055,-1.094,0.348
0.039,-1.102,0.371
0.035,-1.102,0.383
0.043,-1.086,0.391
0.066,-1.051,0.395
0.094,-1.02,0.395
0.109,-0.992,0.395
0.125,-0.973,0.395
0.125,-0.996,0.367
0.098,-1.098,0.363
0.039,-1.254,0.414
-0.035,-1.336,0.465
-0.121,-1.336,0.52
-0.168,-1.301,0.605
-0.16,-1.219,0.699
-0.09,-1.086,0.758
0,-1.012,0.816
0.07,-0.988,0.859
0.109,-0.98,0.84
0.09,-1.023,0.801
0.059,-1.066,0.75
0.031,-1.066,0.68
0.023,-1.059,0.602
0.023,-1.059,0.535
0.035,-1.027,0.473
0.035,-0.969,0.418
0.035,-0.887,0.375
0.02,-0.797,0.348
0.012,-0.727,0.324
0.008,-0.664,0.305
0.008,-0.609,0.281
0.023,-0.574,0.266
0.035,-0.559,0.246
0.047,-0.574,0.234
0.043,-0.598,0.234
0.031,-0.641,0.23
0.02,-0.676,0.23
0.016,-0.699,0.238
0.012,-0.719,0.25
0,-0.75,0.266
0.004,-0.777,0.273
0.008,-0.805,0.273
0.012,-0.844,0.281
0.012,-0.875,0.293
0.008,-0.906,0.301
0.012,-0.918,0.305
0.012,-0.914,0.313
0.016,-0.898,0.309
0.008,-0.887,0.305
-0.012,-0.891,0.313
-0.023,-0.887,0.324
-0.023,-0.883,0.348
-0.016,-0.898,0.359
-0.016,-0.922,0.379
-0.008,-0.941,0.406
-0.012,-0.961,0.422
-0.023,-0.98,0.43
-0.023,-1,0.441
-0.035,-0.992,0.438
-0.047,-0.973,0.43
-0.055,-0.961,0.418
-0.055,-0.98,0.398
-0.051,-1.063,0.395
-0.023,-1.195,0.441
0.047,-1.293,0.508
0.129,-1.289,0.563
0.191,-1.223,0.648
0.246,-1.145,0.742
0.262,-1.098,0.813
0.234,-1.07,0.828
0.184,-1.063,0.809
0.141,-1.082,0.773
0.125,-1.129,0.727
0.121,-1.188,0.695
0.113,-1.211,0.633
0.109,-1.184,0.57
0.102,-1.148,0.527
0.094,-1.09,0.48
0.074,-0.992,0.438
0.063,-0.875,0.402
0.051,-0.766,0.367
0.066,-0.688,0.34
0.086,-0.633,0.309
0.098,-0.59,0.27
0.098,-0.559,0.238
0.09,-0.551,0.211
0.09,-0.563,0.207
0.094,-0.59,0.215
0.094,-0.609,0.227
0.098,-0.641,0.254
0.102,-0.664,0.281
0.109,-0.68,0.309
0.113,-0.695,0.328
0.121,-0.723,0.348
0.121,-0.762,0.375
0.121,-0.801,0.395
0.117,-0.832,0.422
0.109,-0.844,0.434
0.102,-0.855,0.438
0.094,-0.863,0.426
0.074,-0.879,0.426
0.063,-0.879,0.43
0.07,-0.891,0.434
0.082,-0.918,0.43
0.09,-0.934,0.422
0.102,-0.961,0.422
0.109,-0.992,0.422
0.098,-1.031,0.426
0.082,-1.063,0.43
0.078,-1.082,0.441
0.09,-1.094,0.449
0.098,-1.09,0.449
0.113,-1.109,0.461
0.117,-1.199,0.504
0.082,-1.313,0.586
0.008,-1.348,0.645
-0.066,-1.266,0.688
-0.098,-1.129,0.707
-0.102,-1.047,0.711
-0.094,-1.023,0.719
-0.059,-1.004,0.719
-0.031,-0.992,0.715
-0.02,-0.988,0.719
-0.023,-1.004,0.727
-0.043,-1.055,0.715
-0.063,-1.059,0.688
-0.063,-1.012,0.656
-0.039,-0.969,0.625
-0.012,-0.941,0.59
0.008,-0.918,0.551
0.012,-0.871,0.512
0.02,-0.82,0.484
0,-0.766,0.445
-0.023,-0.723,0.402
-0.035,-0.676,0.367
-0.031,-0.648,0.344
-0.027,-0.625,0.324
-0.016,-0.609,0.305
-0.012,-0.598,0.285
-0.012,-0.613,0.266
-0.016,-0.656,0.27
-0.031,-0.707,0.273
-0.035,-0.73,0.277
-0.027,-0.746,0.285
-0.016,-0.754,0.289
-0.02,-0.781,0.289
-0.023,-0.805,0.305
-0.023,-0.828,0.316
-0.023,-0.855,0.328
-0.023,-0.863,0.348
-0.035,-0.859,0.363
-0.039,-0.848,0.383
-0.051,-0.809,0.402
-0.063,-0.805,0.414
-0.063,-0.816,0.426
-0.051,-0.832,0.43
-0.043,-0.84,0.434
-0.02,-0.867,0.43
0.008,-0.898,0.41
0.016,-0.918,0.398
0.035,-0.934,0.391
0.043,-0.957,0.383
0.039,-0.992,0.379
0.023,-1.008,0.387
-0.004,-0.992,0.395
-0.035,-0.961,0.41
-0.066,-0.918,0.414
-0.102,-0.895,0.41
-0.137,-0.902,0.391
-0.16,-0.961,0.383
-0.141,-1.094,0.422
-0.074,-1.23,0.504
0.035,-1.313,0.574
0.129,-1.316,0.629
0.191,-1.285,0.699
0.234,-1.211,0.746
0.242,-1.121,0.766
0.227,-1.086,0.77
0.195,-1.109,0.77
0.164,-1.148,0.77
0.137,-1.156,0.742
0.137,-1.152,0.723
0.125,-1.129,0.691
0.113,-1.07,0.641
0.102,-0.984,0.574
0.098,-0.898,0.512
0.094,-0.828,0.453
0.098,-0.77,0.402
0.105,-0.73,0.359
0.105,-0.691,0.32
0.109,-0.648,0.281
0.105,-0.617,0.25
0.102,-0.598,0.23
0.098,-0.598,0.223
0.082,-0.613,0.238
0.082,-0.645,0.266
0.082,-0.68,0.297
0.082,-0.699,0.328
0.09,-0.719,0.371
0.09,-0.723,0.406
0.102,-0.719,0.441
0.105,-0.734,0.461
0.117,-0.746,0.469
0.129,-0.762,0.473
0.141,-0.781,0.488
0.141,-0.785,0.5
0.129,-0.785,0.5
0.105,-0.781,0.496
0.078,-0.797,0.492
0.055,-0.836,0.492
0.035,-0.867,0.496
0.031,-0.898,0.496
0.035,-0.91,0.5
0.027,-0.934,0.504
0.023,-0.965,0.52
0.027,-0.988,0.531
0.043,-0.996,0.535
0.047,-1.008,0.547
0.051,-1.031,0.566
0.039,-1.094,0.609
0.004,-1.188,0.676
-0.055,-1.277,0.75
-0.141,-1.297,0.816
-0.207,-1.191,0.859
-0.223,-1.055,0.887
-0.191,-0.941,0.871
-0.145,-0.867,0.844
-0.105,-0.84,0.801
-0.07,-0.863,0.785
-0.047,-0.898,0.773
-0.035,-0.91,0.762
-0.012,-0.898,0.75
0.004,-0.875,0.734
0.012,-0.852,0.727
0.027,-0.816,0.727
0.043,-0.785,0.723
0.051,-0.762,0.711
0.047,-0.734,0.68
0.039,-0.703,0.641
0.031,-0.668,0.59
0.012,-0.637,0.547
-0.004,-0.625,0.504
-0.016,-0.633,0.473
-0.016,-0.637,0.449
-0.016,-0.641,0.438
-0.016,-0.648,0.438
-0.016,-0.66,0.441
-0.008,-0.672,0.449
0,-0.68,0.469
0.008,-0.691,0.484
0.016,-0.699,0.496
0.016,-0.715,0.5
0.02,-0.734,0.504
0.023,-0.746,0.496
0.02,-0.766,0.492
0,-0.785,0.477
-0.016,-0.801,0.469
-0.031,-0.805,0.465
-0.039,-0.801,0.477
-0.047,-0.789,0.488
-0.051,-0.77,0.508
-0.035,-0.75,0.527
-0.02,-0.742,0.539
-0.004,-0.738,0.559
-0.008,-0.75,0.566
-0.004,-0.773,0.559
-0.008,-0.813,0.559
-0.023,-0.855,0.555
-0.035,-0.887,0.547
-0.047,-0.902,0.543
-0.055,-0.91,0.527
-0.063,-0.914,0.512
-0.07,-0.918,0.496
-0.074,-0.93,0.504
-0.082,-1.008,0.535
-0.074,-1.133,0.578
-0.035,-1.215,0.645
0.035,-1.203,0.699
0.109,-1.125,0.762
0.16,-1.051,0.828
0.184,-0.992,0.852
0.203,-0.949,0.855
0.195,-0.945,0.84
0.191,-0.965,0.816
0.188,-1.012,0.789
0.188,-1.039,0.758
0.176,-1.012,0.715
0.164,-0.957,0.68
0.156,-0.914,0.645
0.141,-0.887,0.605
0.121,-0.836,0.563
0.098,-0.777,0.531
0.082,-0.742,0.516
0.082,-0.703,0.5
0.082,-0.676,0.484
0.086,-0.648,0.469
0.09,-0.633,0.469
0.094,-0.637,0.461
0.105,-0.648,0.465
0.117,-0.668,0.465
0.125,-0.695,0.469
0.129,-0.719,0.477
0.125,-0.73,0.488
0.133,-0.738,0.5
0.125,-0.742,0.516
0.121,-0.754,0.527
0.105,-0.762,0.539
0.102,-0.754,0.547
0.102,-0.746,0.543
0.098,-0.742,0.539
0.09,-0.746,0.539
0.082,-0.742,0.523
0.07,-0.738,0.512
0.059,-0.742,0.504
0.055,-0.742,0.504
0.055,-0.746,0.512
0.059,-0.77,0.516
0.059,-0.805,0.52
0.051,-0.828,0.531
0.035,-0.852,0.551
0.02,-0.871,0.566
0.008,-0.879,0.582
-0.004,-0.883,0.598
0,-0.879,0.613
0.008,-0.867,0.617
0.016,-0.855,0.617
0.031,-0.852,0.613
0.047,-0.852,0.613
0.063,-0.848,0.609
0.074,-0.828,0.586
0.07,-0.828,0.57
0.09,-0.859,0.602
0.086,-0.941,0.652
0.055,-1.055,0.715
-0.012,-1.133,0.777
-0.102,-1.168,0.852
-0.184,-1.145,0.918
-0.238,-1.051,0.953
-0.246,-0.934,0.965
-0.203,-0.809,0.957
-0.148,-0.723,0.953
-0.09,-0.695,0.934
-0.059,-0.707,0.906
-0.043,-0.723,0.883
-0.043,-0.73,0.855
-0.043,-0.727,0.828
-0.051,-0.711,0.809
-0.063,-0.699,0.785
-0.078,-0.691,0.785
-0.09,-0.688,0.785
-0.102,-0.68,0.77
-0.105,-0.676,0.758
-0.105,-0.672,0.742
-0.098,-0.652,0.723
-0.094,-0.645,0.711
-0.09,-0.633,0.707
-0.082,-0.621,0.699
-0.07,-0.633,0.695
-0.066,-0.641,0.688
-0.07,-0.672,0.672
-0.07,-0.703,0.656
-0.086,-0.727,0.633
-0.098,-0.742,0.621
-0.105,-0.754,0.613
-0.109,-0.766,0.598
-0.109,-0.77,0.582
-0.102,-0.777,0.57
-0.086,-0.777,0.57
-0.078,-0.777,0.566
-0.074,-0.777,0.57
-0.078,-0.781,0.574
-0.082,-0.777,0.57
-0.082,-0.777,0.563
-0.09,-0.789,0.555
-0.094,-0.789,0.543
-0.094,-0.785,0.531
-0.09,-0.773,0.516
-0.078,-0.762,0.508
-0.07,-0.77,0.512
-0.066,-0.785,0.523
-0.078,-0.797,0.531
-0.063,-0.801,0.559
-0.066,-0.816,0.566
-0.063,-0.828,0.57
-0.066,-0.832,0.566
-0.074,-0.832,0.578
-0.082,-0.824,0.582
-0.09,-0.824,0.59
-0.086,-0.816,0.582
-0.074,-0.816,0.57
-0.059,-0.824,0.559
-0.047,-0.832,0.547
-0.039,-0.832,0.531
-0.031,-0.832,0.52
-0.031,-0.836,0.516
-0.035,-0.852,0.508
-0.035,-0.867,0.504
-0.039,-0.875,0.5
-0.035,-0.875,0.5
-0.043,-0.875,0.496
-0.07,-0.871,0.504
-0.094,-0.867,0.535
-0.109,-0.887,0.566
-0.113,-0.926,0.613
-0.102,-0.98,0.66
-0.066,-1.035,0.688
-0.016,-1.063,0.707
0.035,-1.063,0.723
0.078,-1.055,0.738
0.102,-1.027,0.758
0.117,-0.984,0.773
0.117,-0.93,0.77
0.121,-0.863,0.754
0.113,-0.816,0.73
0.102,-0.777,0.699
0.102,-0.758,0.66
0.098,-0.75,0.633
0.098,-0.75,0.605
0.102,-0.738,0.59
0.113,-0.738,0.594
0.125,-0.742,0.602
0.133,-0.762,0.621
0.137,-0.781,0.648
0.141,-0.801,0.684
0.129,-0.813,0.719
0.117,-0.809,0.754
0.102,-0.801,0.789
0.09,-0.801,0.813
0.063,-0.805,0.82
0.039,-0.793,0.813
0.02,-0.766,0.781
0.023,-0.75,0.762
0.023,-0.727,0.73
0.023,-0.723,0.703
0.016,-0.711,0.676
0.016,-0.699,0.652
0.023,-0.688,0.629
0.035,-0.676,0.621
0.051,-0.668,0.621
0.063,-0.668,0.633
0.063,-0.668,0.641
0.074,-0.672,0.645
0.078,-0.672,0.648
0.09,-0.668,0.656
0.102,-0.68,0.66
0.109,-0.684,0.664
0.117,-0.68,0.66
0.125,-0.668,0.656
0.133,-0.66,0.656
0.129,-0.66,0.664
0.125,-0.66,0.672
0.121,-0.652,0.668
0.113,-0.652,0.672
0.105,-0.664,0.676
0.098,-0.703,0.699
0.082,-0.754,0.727
0.051,-0.813,0.742
0.023,-0.863,0.75
-0.012,-0.898,0.75
-0.031,-0.91,0.742
-0.051,-0.898,0.715
-0.047,-0.867,0.668
-0.043,-0.84,0.609
-0.031,-0.836,0.559
-0.023,-0.836,0.508
-0.016,-0.84,0.465
-0.008,-0.844,0.441
0.004,-0.855,0.438
0.008,-0.863,0.441
0.008,-0.863,0.453
0.004,-0.852,0.473
0.008,-0.848,0.488
0.012,-0.859,0.5
0.02,-0.875,0.508
0.02,-0.902,0.516
0.016,-0.922,0.52
0.016,-0.938,0.516
0.016,-0.945,0.508
0.012,-0.934,0.496
0.008,-0.926,0.492
-0.012,-0.914,0.48
-0.012,-0.906,0.473
-0.004,-0.902,0.465
0.004,-0.906,0.453
0.016,-0.914,0.461
0.02,-0.906,0.465
0.039,-0.906,0.465
0.051,-0.906,0.465
0.051,-0.914,0.461
0.055,-0.93,0.449
0.047,-0.945,0.441
0.047,-0.953,0.438
0.035,-0.957,0.426
0.027,-0.953,0.406
0.027,-0.957,0.398
0.023,-0.965,0.395
0.023,-0.969,0.398
0.031,-0.961,0.406
0.047,-0.949,0.418
0.063,-0.938,0.43
0.082,-0.93,0.441
0.086,-0.922,0.449
0.078,-0.922,0.449
0.063,-0.93,0.457
0.059,-0.93,0.449
0.055,-0.93,0.441
0.051,-0.922,0.438
0.047,-0.918,0.434
0.047,-0.922,0.43
0.043,-0.93,0.434
0.047,-0.93,0.438
0.039,-0.922,0.445
0.043,-0.914,0.445
0.051,-0.906,0.441
0.059,-0.906,0.441
0.055,-0.902,0.441
0.055,-0.898,0.441
0.043,-0.906,0.449
0.031,-0.902,0.453
0.027,-0.902,0.445
0.023,-0.902,0.434
0.023,-0.906,0.434
0.023,-0.906,0.43
0.023,-0.91,0.434
0.02,-0.914,0.434
0.012,-0.918,0.438
0.016,-0.914,0.441
0.016,-0.918,0.453
0.02,-0.922,0.461
0.023,-0.922,0.449
0.012,-0.926,0.445
0.02,-0.926,0.453
0.023,-0.918,0.449
0.02,-0.918,0.445
0.02,-0.922,0.438
0.023,-0.93,0.434
0.02,-0.926,0.426
0.02,-0.922,0.422
0.023,-0.914,0.41
0.023,-0.91,0.406
0.023,-0.906,0.414
0.027,-0.91,0.422
0.027,-0.914,0.43
0.027,-0.918,0.438
0.031,-0.926,0.434
0.043,-0.926,0.43
0.055,-0.918,0.426
0.059,-0.914,0.426
0.066,-0.914,0.422
0.074,-0.914,0.418
0.074,-0.918,0.41
0.07,-0.922,0.402
0.066,-0.93,0.402
0.059,-0.934,0.395
0.039,-0.938,0.387
0.027,-0.938,0.387
0.027,-0.938,0.402
0.023,-0.941,0.41
0.023,-0.941,0.418
0.023,-0.93,0.418
0.023,-0.926,0.418
0.023,-0.93,0.406
0.023,-0.934,0.402
0.023,-0.938,0.395
0.031,-0.949,0.391
0.035,-0.957,0.391
0.039,-0.965,0.383
0.043,-0.965,0.375
0.047,-0.965,0.363
0.043,-0.961,0.352
0.043,-0.969,0.34
0.035,-0.977,0.336
0.035,-0.98,0.34
0.031,-0.977,0.348
0.027,-0.969,0.352
0.027,-0.965,0.359
0.023,-0.957,0.367
0.023,-0.961,0.371
0.027,-0.953,0.375
0.027,-0.953,0.371
0.016,-0.949,0.371
0.031,-0.957,0.387
0.035,-0.965,0.391
0.031,-0.961,0.391
0.039,-0.965,0.387
0.043,-0.961,0.387
0.039,-0.949,0.391
0.043,-0.941,0.391
0.051,-0.926,0.383
0.047,-0.922,0.379
0.039,-0.934,0.379
0.031,-0.938,0.387
0.035,-0.938,0.387
0.035,-0.941,0.387
0.035,-0.945,0.383
0.035,-0.941,0.383
0.031,-0.945,0.391
0.031,-0.941,0.391
0.027,-0.941,0.402
0.031,-0.93,0.41
0.027,-0.926,0.406
0.027,-0.926,0.402
0.027,-0.922,0.402
0.023,-0.926,0.41
0.027,-0.922,0.414
0.027,-0.918,0.41
0.031,-0.922,0.41
0.027,-0.934,0.41
0.027,-0.941,0.398
0.027,-0.945,0.391
0.027,-0.941,0.379
0.027,-0.934,0.379
0.031,-0.934,0.379
0.027,-0.938,0.383
0.027,-0.945,0.391
0.023,-0.938,0.395
0.02,-0.934,0.395
0.02,-0.93,0.398
0.023,-0.93,0.41
0.023,-0.93,0.414
0.023,-0.938,0.414
0.031,-0.941,0.414
0.035,-0.938,0.41
0.039,-0.938,0.406
0.039,-0.941,0.41
0.047,-0.941,0.402
0.047,-0.938,0.398
0.043,-0.938,0.395
0.039,-0.938,0.398
0.039,-0.941,0.395
0.027,-0.938,0.395
0.035,-0.945,0.402
0.031,-0.938,0.387
0.031,-0.934,0.387
0.031,-0.93,0.395
0.027,-0.938,0.398
0.023,-0.934,0.402
0.023,-0.934,0.406
0.023,-0.93,0.414
0.023,-0.926,0.414
0.023,-0.922,0.418
0.027,-0.922,0.418
0.027,-0.922,0.422
0.031,-0.926,0.426
0.027,-0.926,0.422
0.027,-0.93,0.422
0.027,-0.93,0.422
0.031,-0.93,0.418
0.027,-0.934,0.418
0.023,-0.93,0.414
0.023,-0.934,0.402
0.023,-0.93,0.398
0.027,-0.926,0.398
0.027,-0.926,0.402
0.031,-0.922,0.406
0.031,-0.922,0.414
0.027,-0.918,0.414
0.027,-0.918,0.418
0.031,-0.918,0.418
0.031,-0.918,0.422
0.027,-0.922,0.418
0.027,-0.918,0.418
0.027,-0.914,0.414
0.023,-0.918,0.418
0.023,-0.918,0.414
0.023,-0.922,0.41
0.023,-0.922,0.41
0.023,-0.922,0.406
0.023,-0.93,0.406
0.023,-0.941,0.414
0.023,-0.938,0.414
0.023,-0.938,0.422
0.023,-0.934,0.418
0.023,-0.926,0.41
0.016,-0.914,0.402
0.012,-0.918,0.402
0.012,-0.922,0.402
0.012,-0.926,0.41
0.016,-0.93,0.41
0.016,-0.93,0.406
0,-0.934,0.406
0.008,-0.938,0.414
0.016,-0.938,0.406
0.016,-0.938,0.398
0.02,-0.938,0.402
0.02,-0.945,0.41
0.02,-0.941,0.41
0.027,-0.934,0.41
0.031,-0.934,0.402
0.035,-0.926,0.398
0.031,-0.934,0.391
0.027,-0.941,0.395
0.031,-0.945,0.395
0.027,-0.945,0.395
0.023,-0.949,0.395
0.023,-0.949,0.395
0.02,-0.945,0.398
0.02,-0.941,0.398
0.023,-0.93,0.406
0.023,-0.922,0.406
0.023,-0.926,0.41
0.02,-0.934,0.418
0.023,-0.938,0.426
0.023,-0.938,0.43
0.027,-0.938,0.43
0.027,-0.934,0.422
0.031,-0.926,0.418
0.027,-0.922,0.41
0.027,-0.922,0.41
0.031,-0.922,0.414
0.031,-0.922,0.41
0.027,-0.926,0.402
0.023,-0.922,0.402
0.02,-0.93,0.398
0.016,-0.934,0.398
0.012,-0.93,0.398
0.016,-0.938,0.398
0.016,-0.934,0.406
0.02,-0.938,0.422
0.027,-0.93,0.426
0.027,-0.93,0.43
0.023,-0.934,0.441
0.023,-0.934,0.438
0.027,-0.922,0.438
0.027,-0.922,0.43
0.023,-0.926,0.426
0.031,-0.922,0.418
0.027,-0.926,0.414
0.023,-0.934,0.406
0.02,-0.938,0.406
0.008,-0.934,0.398
0.02,-0.934,0.406
0.02,-0.93,0.395
0.02,-0.934,0.398
0.02,-0.93,0.398
0.02,-0.934,0.406
0.023,-0.934,0.418
0.02,-0.934,0.426
0.023,-0.926,0.43
0.02,-0.922,0.426
0.023,-0.922,0.434
0.027,-0.926,0.434
0.031,-0.922,0.434
0.031,-0.922,0.422
0.031,-0.926,0.422
0.031,-0.93,0.406
0.031,-0.941,0.41
0.027,-0.938,0.41
0.023,-0.941,0.406
0.02,-0.941,0.406
0.016,-0.941,0.414
0.008,-0.938,0.414
0.008,-0.938,0.422
0.008,-0.938,0.43
0.016,-0.93,0.43
0.02,-0.922,0.434
0.02,-0.922,0.43
0.02,-0.918,0.426
0.02,-0.918,0.426
0.02,-0.922,0.426
0.02,-0.922,0.422
0.02,-0.922,0.418
0.02,-0.922,0.418
0.02,-0.922,0.414
0.02,-0.926,0.414
0.016,-0.922,0.418
0.012,-0.922,0.422
0.008,-0.926,0.422
0.012,-0.926,0.426
0.012,-0.926,0.43
0.012,-0.93,0.426
0.016,-0.934,0.43
0.016,-0.934,0.43
0.016,-0.934,0.43
0.02,-0.934,0.426
0.012,-0.934,0.426
0.012,-0.938,0.418
0.008,-0.93,0.418
0.016,-0.93,0.426
0.016,-0.93,0.418
0.008,-0.93,0.414
0.012,-0.934,0.422
0.016,-0.934,0.414
0.016,-0.934,0.422
0.016,-0.934,0.426
0.016,-0.934,0.43
0.02,-0.93,0.43
0.02,-0.922,0.426
0.02,-0.918,0.426
0.02,-0.918,0.426
0.023,-0.922,0.43
0.023,-0.922,0.43
0.02,-0.918,0.434
0.023,-0.918,0.434
0.02,-0.918,0.434
0.02,-0.918,0.434
0.023,-0.918,0.438
0.02,-0.918,0.438
0.016,-0.922,0.434
0.02,-0.918,0.43
0.02,-0.922,0.43
0.02,-0.918,0.43
0.016,-0.918,0.43
0.016,-0.918,0.426
0.016,-0.914,0.426
0.016,-0.918,0.418
0.02,-0.914,0.41
0.027,-0.914,0.402
0.027,-0.918,0.41
0.023,-0.926,0.418
0.027,-0.934,0.43
0.02,-0.938,0.434
0.02,-0.934,0.445
0.023,-0.926,0.441
0.02,-0.922,0.438
0.016,-0.918,0.438
0.012,-0.922,0.43
0.016,-0.926,0.426
0.016,-0.93,0.422
0.02,-0.934,0.418
0.02,-0.941,0.406
0.02,-0.941,0.402
0.02,-0.941,0.406
0.023,-0.945,0.406
0.023,-0.945,0.402
0.023,-0.938,0.406
0.023,-0.93,0.414
0.02,-0.926,0.422
0.012,-0.922,0.426
0.012,-0.918,0.422
-0.008,-0.914,0.426
0,-0.918,0.426
-0.004,-0.922,0.418
0,-0.922,0.422
0.004,-0.922,0.43
0.004,-0.922,0.43
0.008,-0.922,0.438
0.008,-0.918,0.438
0.004,-0.926,0.438
0,-0.922,0.434
0.004,-0.926,0.434
0,-0.934,0.438
0.008,-0.926,0.438
0.008,-0.918,0.438
0.008,-0.922,0.438
0.008,-0.926,0.438
0.012,-0.93,0.438
0.004,-0.93,0.43
0.004,-0.926,0.43
0,-0.926,0.434
0.008,-0.926,0.438
0.004,-0.926,0.43
0.016,-0.922,0.434
0.02,-0.918,0.434
0.016,-0.918,0.43
0.012,-0.922,0.438
0.008,-0.926,0.441
0.004,-0.926,0.438
0.012,-0.922,0.441
0.012,-0.922,0.438
0.016,-0.922,0.438
0.02,-0.918,0.438
0.02,-0.918,0.434
0.02,-0.918,0.43
0.023,-0.914,0.43
0.023,-0.914,0.434
0.023,-0.914,0.43
0.023,-0.914,0.43
0.016,-0.918,0.43
0.02,-0.918,0.426
0.02,-0.922,0.426
0.016,-0.918,0.438
0.02,-0.918,0.441
0.016,-0.926,0.445
0.016,-0.914,0.445
0.012,-0.914,0.445
0.016,-0.918,0.441
0.012,-0.914,0.438
0.016,-0.922,0.441
0.02,-0.93,0.441
0.012,-0.93,0.445
0.02,-0.926,0.449
0.02,-0.922,0.445
0.02,-0.918,0.438
0.016,-0.914,0.438
0.016,-0.918,0.438
0.016,-0.91,0.434
0.02,-0.906,0.438
0.016,-0.906,0.438
0.012,-0.91,0.434
0.016,-0.914,0.434
0.012,-0.914,0.438
0.012,-0.914,0.434
0.012,-0.918,0.434
0.016,-0.922,0.434
0.02,-0.918,0.434
0.02,-0.926,0.441
0.016,-0.918,0.438
0.02,-0.918,0.438
0.02,-0.922,0.438
0.02,-0.918,0.441
0.023,-0.918,0.441
0.023,-0.918,0.445
0.023,-0.918,0.445
0.023,-0.922,0.441
0.023,-0.922,0.441
0.02,-0.922,0.438
0.02,-0.922,0.438
0.02,-0.922,0.438
0.016,-0.922,0.434
0.02,-0.918,0.434
0.02,-0.91,0.434
0.023,-0.91,0.434
0.023,-0.91,0.438
0.023,-0.91,0.438
0.02,-0.918,0.438
0.012,-0.926,0.434
0.016,-0.926,0.434
0.023,-0.934,0.438
0.031,-0.93,0.438
0.031,-0.922,0.438
0.031,-0.918,0.438
0.031,-0.918,0.434
0.031,-0.918,0.434
0.027,-0.918,0.434
0.027,-0.918,0.434
0.023,-0.918,0.434
0.023,-0.918,0.438
0.023,-0.914,0.434
0.027,-0.91,0.441
0.02,-0.91,0.441
0.027,-0.918,0.445
0.027,-0.918,0.441
0.027,-0.918,0.441
0.031,-0.918,0.441
0.035,-0.914,0.438
0.039,-0.918,0.438
0.035,-0.918,0.434
0.035,-0.926,0.434
0.039,-0.922,0.434
0.043,-0.918,0.434
0.035,-0.914,0.434
0.031,-0.918,0.434
0.031,-0.918,0.434
0.031,-0.918,0.43
0.031,-0.918,0.43
0.031,-0.922,0.438
0.031,-0.926,0.438
0.031,-0.926,0.438
0.035,-0.922,0.441
0.035,-0.918,0.441
0.031,-0.918,0.438
0.027,-0.918,0.441
0.027,-0.926,0.441
0.023,-0.93,0.438
0.023,-0.926,0.438
0.023,-0.926,0.434
0.023,-0.922,0.43
0.023,-0.922,0.422
0.023,-0.918,0.426
0.027,-0.926,0.426
0.023,-0.926,0.43
0.023,-0.922,0.43
0.027,-0.922,0.43
0.023,-0.918,0.434
0.031,-0.918,0.434
0.031,-0.918,0.434
0.027,-0.918,0.438
0.027,-0.918,0.438
0.023,-0.922,0.438
0.023,-0.918,0.434
0.023,-0.922,0.434
0.023,-0.918,0.434
0.023,-0.918,0.441
0.027,-0.922,0.441
0.027,-0.922,0.438
0.027,-0.922,0.438
0.031,-0.922,0.438
0.027,-0.918,0.438
0.027,-0.918,0.434
0.02,-0.914,0.434
0.023,-0.914,0.434
0.023,-0.914,0.43
0.02,-0.918,0.426
0.016,-0.922,0.426
0.02,-0.926,0.422
0.023,-0.934,0.43
0.027,-0.926,0.434
0.027,-0.922,0.438
0.039,-0.922,0.434
0.031,-0.918,0.438
0.031,-0.922,0.438
0.027,-0.93,0.441
0.027,-0.922,0.441
0.023,-0.922,0.438
0.023,-0.918,0.438
0.023,-0.914,0.441
0.027,-0.914,0.438
0.023,-0.914,0.438
0.027,-0.918,0.438
0.031,-0.918,0.438
0.031,-0.918,0.434
0.031,-0.918,0.438
0.027,-0.918,0.438
0.023,-0.922,0.438
0.02,-0.914,0.438
0.02,-0.914,0.438
0.02,-0.918,0.434
0.023,-0.918,0.434
0.023,-0.914,0.434
0.023,-0.918,0.434
0.023,-0.918,0.438
0.027,-0.918,0.441
0.027,-0.918,0.438
0.027,-0.922,0.434
0.023,-0.922,0.438
0.027,-0.922,0.438
0.027,-0.918,0.438
0.023,-0.918,0.434
0.023,-0.922,0.43
0.023,-0.926,0.426
0.023,-0.922,0.426
0.023,-0.922,0.426
0.023,-0.922,0.426
0.023,-0.926,0.43
0.023,-0.93,0.434
0.023,-0.926,0.434
0.023,-0.926,0.43
0.027,-0.922,0.434
0.035,-0.914,0.434
0.02,-0.914,0.434
0.023,-0.918,0.441
0.023,-0.918,0.43
0.02,-0.918,0.434
0.023,-0.918,0.434
0.02,-0.918,0.434
0.02,-0.93,0.43
0.023,-0.93,0.426
0.023,-0.926,0.426
0.027,-0.93,0.418
0.027,-0.926,0.422
0.027,-0.926,0.426
0.027,-0.922,0.422
0.023,-0.922,0.422
0.023,-0.926,0.426
0.023,-0.93,0.426
0.023,-0.926,0.434
0.023,-0.926,0.434
0.023,-0.926,0.434
0.023,-0.922,0.438
0.023,-0.93,0.43
0.023,-0.926,0.418
0.023,-0.93,0.41
0.023,-0.934,0.418
0.027,-0.934,0.426
0.027,-0.938,0.43
0.027,-0.926,0.43
0.031,-0.922,0.426
0.035,-0.918,0.422
0.035,-0.918,0.426
0.031,-0.914,0.43
0.023,-0.922,0.426
0.023,-0.918,0.43
0.023,-0.922,0.426
0.02,-0.93,0.422
0.023,-0.934,0.426
0.031,-0.93,0.426
0.027,-0.926,0.422
0.027,-0.922,0.418
0.027,-0.926,0.414
0.027,-0.926,0.414
0.023,-0.934,0.422
0.023,-0.938,0.426
0.027,-0.938,0.426
0.027,-0.93,0.43
0.027,-0.926,0.43
0.027,-0.922,0.43
0.027,-0.918,0.43
0.023,-0.918,0.434
0.023,-0.918,0.434
0.02,-0.918,0.418
0.023,-0.922,0.422
0.023,-0.926,0.414
0.023,-0.93,0.414
0.027,-0.934,0.418
0.027,-0.934,0.414
0.027,-0.93,0.418
0.027,-0.934,0.418
0.027,-0.93,0.422
0.023,-0.93,0.418
0.023,-0.934,0.422
0.023,-0.93,0.426
0.023,-0.926,0.43
0.023,-0.922,0.426
0.023,-0.918,0.43
0.023,-0.93,0.422
0.02,-0.934,0.43
0.023,-0.934,0.426
0.023,-0.934,0.422
