-0.105,-0.836,0.586
-0.109,-0.832,0.582
-0.121,-0.836,0.578
-0.105,-0.832,0.578
-0.109,-0.832,0.582
-0.105,-0.832,0.578
-0.109,-0.828,0.582
-0.109,-0.828,0.582
-0.113,-0.836,0.582
-0.109,-0.836,0.574
-0.105,-0.832,0.574
-0.105,-0.836,0.574
-0.105,-0.836,0.582
-0.102,-0.836,0.582
-0.102,-0.832,0.582
-0.105,-0.832,0.582
-0.102,-0.832,0.582
-0.105,-0.84,0.582
-0.105,-0.84,0.582
-0.102,-0.848,0.574
-0.109,-0.844,0.574
-0.109,-0.836,0.57
-0.109,-0.848,0.566
-0.109,-0.848,0.566
-0.109,-0.844,0.57
-0.109,-0.836,0.566
-0.109,-0.84,0.566
-0.113,-0.836,0.574
-0.109,-0.84,0.57
-0.105,-0.836,0.57
-0.109,-0.844,0.57
-0.105,-0.84,0.574
-0.105,-0.836,0.574
-0.109,-0.84,0.57
-0.109,-0.84,0.57
-0.109,-0.844,0.566
-0.105,-0.836,0.566
-0.109,-0.836,0.566
-0.105,-0.844,0.566
-0.105,-0.844,0.57
-0.102,-0.836,0.57
-0.105,-0.832,0.57
-0.105,-0.832,0.574
-0.113,-0.832,0.574
-0.113,-0.836,0.582
-0.117,-0.832,0.586
-0.113,-0.832,0.586
-0.113,-0.832,0.578
-0.113,-0.832,0.582
-0.113,-0.832,0.574
-0.113,-0.836,0.574
-0.113,-0.832,0.578
-0.121,-0.832,0.574
-0.117,-0.832,0.582
-0.121,-0.828,0.578
-0.117,-0.828,0.582
-0.113,-0.828,0.582
-0.117,-0.832,0.574
-0.117,-0.828,0.578
-0.113,-0.828,0.582
-0.117,-0.828,0.582
-0.113,-0.824,0.586
-0.117,-0.828,0.59
-0.117,-0.824,0.59
-0.117,-0.824,0.59
-0.121,-0.824,0.594
-0.117,-0.82,0.59
-0.121,-0.82,0.594
-0.117,-0.824,0.586
-0.117,-0.828,0.586
-0.121,-0.828,0.586
-0.121,-0.828,0.582
-0.121,-0.832,0.582
-0.117,-0.828,0.586
-0.117,-0.828,0.586
-0.113,-0.828,0.586
-0.113,-0.828,0.582
-0.117,-0.828,0.586
-0.121,-0.824,0.586
-0.121,-0.82,0.586
-0.121,-0.82,0.586
-0.121,-0.82,0.59
-0.117,-0.824,0.594
-0.117,-0.824,0.594
-0.113,-0.82,0.59
-0.113,-0.824,0.59
-0.109,-0.824,0.59
-0.113,-0.824,0.586
-0.113,-0.824,0.59
-0.113,-0.828,0.59
-0.117,-0.828,0.59
-0.113,-0.824,0.586
-0.109,-0.824,0.578
-0.109,-0.824,0.582
-0.109,-0.824,0.586
-0.109,-0.824,0.59
-0.102,-0.828,0.594
-0.105,-0.832,0.598
-0.102,-0.828,0.598
-0.105,-0.828,0.594
-0.105,-0.828,0.59
-0.109,-0.828,0.59
-0.117,-0.828,0.586
-0.105,-0.832,0.59
-0.105,-0.828,0.582
-0.102,-0.824,0.582
-0.102,-0.828,0.582
-0.102,-0.828,0.582
-0.105,-0.832,0.582
-0.102,-0.828,0.586
-0.102,-0.828,0.59
-0.102,-0.824,0.594
-0.105,-0.828,0.594
-0.102,-0.828,0.598
-0.105,-0.828,0.594
-0.109,-0.828,0.594
-0.105,-0.828,0.594
-0.105,-0.828,0.586
-0.102,-0.832,0.586
-0.098,-0.824,0.586
-0.105,-0.82,0.59
-0.105,-0.824,0.586
-0.102,-0.828,0.59
-0.102,-0.828,0.59
-0.105,-0.824,0.59
-0.102,-0.82,0.59
-0.102,-0.824,0.59
-0.105,-0.824,0.586
-0.109,-0.828,0.59
-0.105,-0.832,0.59
-0.105,-0.828,0.594
-0.102,-0.828,0.594
-0.102,-0.832,0.586
-0.105,-0.832,0.586
-0.109,-0.832,0.586
-0.109,-0.828,0.586
-0.105,-0.832,0.586
-0.105,-0.828,0.586
-0.109,-0.828,0.586
-0.113,-0.828,0.586
-0.113,-0.828,0.586
-0.117,-0.828,0.59
-0.121,-0.828,0.586
-0.117,-0.828,0.59
-0.113,-0.832,0.59
-0.113,-0.832,0.586
-0.113,-0.828,0.586
-0.113,-0.832,0.59
-0.117,-0.832,0.586
-0.113,-0.832,0.586
-0.117,-0.828,0.586
-0.117,-0.828,0.59
-0.129,-0.828,0.594
-0.125,-0.828,0.59
-0.125,-0.828,0.586
-0.125,-0.828,0.586
-0.121,-0.828,0.586
-0.117,-0.824,0.586
-0.121,-0.828,0.582
-0.121,-0.828,0.582
-0.121,-0.824,0.582
-0.121,-0.828,0.59
-0.121,-0.828,0.586
-0.121,-0.832,0.59
-0.121,-0.836,0.59
-0.121,-0.832,0.59
-0.121,-0.832,0.59
-0.121,-0.828,0.59
-0.121,-0.828,0.586
-0.121,-0.828,0.586
-0.121,-0.828,0.586
-0.121,-0.828,0.586
-0.125,-0.828,0.586
-0.121,-0.824,0.59
-0.121,-0.828,0.59
-0.125,-0.824,0.594
-0.121,-0.824,0.59
-0.121,-0.828,0.582
-0.121,-0.828,0.59
-0.117,-0.832,0.582
-0.117,-0.836,0.586
-0.109,-0.836,0.59
-0.113,-0.832,0.59
-0.117,-0.828,0.586
-0.121,-0.828,0.59
-0.117,-0.828,0.59
-0.117,-0.832,0.586
-0.117,-0.832,0.586
-0.113,-0.828,0.582
-0.117,-0.82,0.578
-0.121,-0.824,0.578
-0.121,-0.828,0.582
-0.117,-0.828,0.578
-0.117,-0.832,0.582
-0.117,-0.832,0.586
-0.113,-0.828,0.59
-0.113,-0.828,0.59
-0.113,-0.828,0.586
-0.105,-0.824,0.59
-0.105,-0.828,0.594
-0.109,-0.828,0.59
-0.109,-0.828,0.59
-0.117,-0.824,0.59
-0.117,-0.824,0.59
-0.113,-0.824,0.586
-0.113,-0.828,0.586
-0.113,-0.832,0.582
-0.113,-0.836,0.586
-0.105,-0.832,0.59
-0.109,-0.828,0.59
-0.109,-0.824,0.586
-0.109,-0.828,0.59
-0.109,-0.828,0.586
-0.113,-0.828,0.59
-0.105,-0.828,0.586
-0.105,-0.828,0.586
-0.105,-0.828,0.586
-0.109,-0.828,0.59
-0.109,-0.828,0.59
-0.105,-0.824,0.582
-0.109,-0.828,0.582
-0.109,-0.828,0.586
-0.105,-0.824,0.586
-0.109,-0.824,0.586
-0.109,-0.824,0.59
-0.109,-0.824,0.594
-0.109,-0.828,0.594
-0.109,-0.828,0.59
-0.113,-0.832,0.59
-0.113,-0.832,0.59
-0.105,-0.828,0.586
-0.102,-0.832,0.582
-0.105,-0.832,0.586
-0.113,-0.836,0.582
-0.113,-0.836,0.582
-0.113,-0.832,0.582
-0.113,-0.832,0.582
-0.113,-0.836,0.582
-0.113,-0.832,0.578
-0.109,-0.832,0.582
-0.109,-0.832,0.582
-0.113,-0.832,0.586
-0.109,-0.828,0.582
-0.105,-0.832,0.578
-0.109,-0.832,0.578
-0.109,-0.836,0.578
-0.105,-0.84,0.578
-0.109,-0.836,0.574
-0.105,-0.832,0.578
-0.109,-0.832,0.582
-0.109,-0.832,0.578
-0.113,-0.836,0.578
-0.117,-0.832,0.574
-0.113,-0.84,0.578
-0.113,-0.836,0.574
-0.109,-0.832,0.57
-0.105,-0.832,0.57
-0.109,-0.832,0.574
-0.105,-0.832,0.574
-0.105,-0.832,0.578
-0.105,-0.836,0.574
-0.102,-0.832,0.574
-0.102,-0.84,0.574
-0.105,-0.836,0.574
-0.105,-0.836,0.578
-0.105,-0.84,0.582
-0.109,-0.832,0.582
-0.109,-0.832,0.578
-0.109,-0.836,0.574
-0.105,-0.836,0.578
-0.109,-0.836,0.578
-0.105,-0.836,0.57
-0.109,-0.832,0.57
-0.109,-0.832,0.566
-0.105,-0.832,0.566
-0.109,-0.836,0.574
-0.105,-0.84,0.57
-0.113,-0.84,0.578
-0.113,-0.84,0.574
-0.109,-0.836,0.57
-0.109,-0.836,0.57
-0.109,-0.836,0.566
-0.113,-0.832,0.566
-0.109,-0.832,0.566
-0.105,-0.836,0.566
-0.109,-0.832,0.57
-0.109,-0.836,0.578
-0.109,-0.84,0.578
-0.105,-0.836,0.574
-0.109,-0.836,0.57
-0.113,-0.832,0.574
-0.109,-0.832,0.578
-0.117,-0.832,0.574
-0.113,-0.832,0.574
-0.109,-0.832,0.578
-0.113,-0.832,0.578
-0.113,-0.832,0.578
-0.105,-0.832,0.578
-0.105,-0.832,0.574
-0.109,-0.832,0.57
-0.113,-0.828,0.566
-0.113,-0.836,0.566
-0.121,-0.836,0.57
-0.113,-0.836,0.582
-0.113,-0.844,0.574
-0.109,-0.84,0.574
-0.117,-0.844,0.574
-0.109,-0.84,0.57
-0.113,-0.832,0.57
-0.113,-0.836,0.57
-0.113,-0.832,0.566
-0.113,-0.832,0.57
-0.109,-0.836,0.566
-0.109,-0.832,0.574
-0.109,-0.832,0.57
-0.113,-0.832,0.57
-0.109,-0.836,0.57
-0.117,-0.836,0.57
-0.117,-0.84,0.574
-0.113,-0.836,0.57
-0.113,-0.836,0.57
-0.113,-0.832,0.57
-0.113,-0.836,0.566
-0.113,-0.844,0.563
-0.109,-0.848,0.566
-0.109,-0.848,0.566
-0.109,-0.848,0.566
-0.113,-0.848,0.566
-0.113,-0.844,0.566
-0.113,-0.84,0.57
-0.109,-0.836,0.566
-0.109,-0.836,0.566
-0.109,-0.836,0.566
-0.109,-0.836,0.574
-0.113,-0.844,0.57
-0.113,-0.848,0.574
-0.117,-0.852,0.57
-0.113,-0.84,0.566
-0.109,-0.84,0.566
-0.109,-0.844,0.563
-0.105,-0.84,0.563
-0.109,-0.836,0.566
-0.113,-0.844,0.566
-0.105,-0.844,0.566
-0.109,-0.836,0.566
-0.109,-0.832,0.57
-0.109,-0.84,0.57
-0.109,-0.84,0.574
-0.109,-0.84,0.57
-0.109,-0.836,0.566
-0.105,-0.84,0.566
-0.113,-0.844,0.566
-0.125,-0.84,0.566
-0.113,-0.844,0.566
-0.113,-0.84,0.563
-0.105,-0.836,0.57
-0.102,-0.836,0.566
-0.109,-0.84,0.566
-0.113,-0.844,0.57
-0.113,-0.844,0.566
-0.117,-0.844,0.566
-0.117,-0.844,0.566
-0.121,-0.84,0.566
-0.117,-0.836,0.57
-0.117,-0.836,0.566
-0.117,-0.836,0.566
-0.121,-0.84,0.563
-0.121,-0.848,0.566
-0.117,-0.844,0.566
-0.121,-0.848,0.566
-0.117,-0.844,0.57
-0.117,-0.844,0.57
-0.121,-0.844,0.57
-0.121,-0.844,0.566
-0.121,-0.84,0.566
-0.121,-0.844,0.566
-0.121,-0.844,0.563
-0.117,-0.848,0.563
-0.117,-0.844,0.563
-0.117,-0.844,0.563
-0.117,-0.844,0.563
-0.121,-0.848,0.566
-0.117,-0.848,0.559
-0.117,-0.844,0.559
-0.117,-0.844,0.563
-0.117,-0.848,0.563
-0.121,-0.848,0.563
-0.117,-0.84,0.566
-0.113,-0.848,0.566
-0.117,-0.84,0.563
-0.117,-0.844,0.563
-0.117,-0.844,0.555
-0.121,-0.855,0.555
-0.117,-0.852,0.555
-0.113,-0.852,0.559
-0.113,-0.844,0.559
-0.113,-0.844,0.559
-0.113,-0.844,0.563
-0.121,-0.844,0.563
-0.121,-0.844,0.566
-0.117,-0.848,0.566
-0.117,-0.848,0.566
-0.125,-0.848,0.563
-0.117,-0.848,0.566
-0.113,-0.852,0.566
-0.113,-0.852,0.566
-0.109,-0.852,0.566
-0.105,-0.852,0.563
-0.105,-0.852,0.566
-0.109,-0.848,0.566
-0.109,-0.84,0.566
-0.109,-0.84,0.566
-0.109,-0.836,0.566
-0.113,-0.84,0.566
-0.113,-0.84,0.566
-0.117,-0.84,0.566
-0.113,-0.84,0.566
-0.117,-0.844,0.566
-0.113,-0.84,0.566
-0.113,-0.836,0.566
-0.113,-0.836,0.566
-0.109,-0.836,0.57
-0.102,-0.844,0.566
-0.105,-0.844,0.566
-0.105,-0.852,0.566
-0.109,-0.852,0.566
-0.109,-0.844,0.566
-0.113,-0.84,0.566
-0.109,-0.84,0.566
-0.109,-0.84,0.57
-0.109,-0.836,0.566
-0.109,-0.836,0.57
-0.109,-0.836,0.574
-0.109,-0.836,0.57
-0.109,-0.832,0.566
-0.109,-0.832,0.566
-0.109,-0.836,0.57
-0.109,-0.836,0.578
-0.117,-0.832,0.582
-0.113,-0.832,0.582
-0.109,-0.832,0.586
-0.109,-0.824,0.586
-0.105,-0.824,0.586
-0.105,-0.828,0.59
-0.105,-0.824,0.586
-0.113,-0.824,0.59
-0.109,-0.816,0.582
-0.109,-0.813,0.586
-0.117,-0.82,0.586
-0.117,-0.828,0.59
-0.117,-0.828,0.59
-0.113,-0.828,0.59
-0.121,-0.828,0.586
-0.117,-0.832,0.586
-0.117,-0.828,0.586
-0.117,-0.832,0.59
-0.117,-0.832,0.59
-0.121,-0.832,0.59
-0.121,-0.832,0.586
-0.113,-0.824,0.586
-0.113,-0.828,0.586
-0.117,-0.832,0.586
-0.117,-0.828,0.586
-0.113,-0.828,0.59
-0.109,-0.824,0.594
-0.105,-0.816,0.59
-0.113,-0.82,0.59
-0.109,-0.824,0.586
-0.113,-0.828,0.59
-0.117,-0.828,0.59
-0.117,-0.828,0.594
-0.113,-0.82,0.59
-0.113,-0.82,0.586
-0.121,-0.824,0.586
-0.117,-0.824,0.59
-0.121,-0.824,0.582
-0.121,-0.82,0.586
-0.121,-0.82,0.59
-0.121,-0.824,0.59
-0.117,-0.824,0.594
-0.113,-0.824,0.59
-0.113,-0.824,0.594
-0.117,-0.824,0.594
-0.113,-0.828,0.594
-0.117,-0.832,0.598
-0.117,-0.828,0.594
-0.117,-0.824,0.594
-0.117,-0.816,0.594
-0.117,-0.82,0.598
-0.121,-0.816,0.602
-0.117,-0.82,0.602
-0.121,-0.82,0.602
-0.125,-0.816,0.598
-0.121,-0.816,0.602
-0.125,-0.816,0.598
-0.121,-0.816,0.594
-0.121,-0.816,0.586
-0.121,-0.82,0.586
-0.113,-0.828,0.586
-0.109,-0.828,0.582
-0.109,-0.836,0.578
-0.109,-0.836,0.578
-0.121,-0.832,0.574
-0.113,-0.832,0.574
-0.113,-0.836,0.57
-0.113,-0.848,0.574
-0.109,-0.852,0.57
-0.113,-0.848,0.563
-0.113,-0.84,0.551
-0.113,-0.84,0.547
-0.109,-0.859,0.543
-0.105,-0.867,0.539
-0.098,-0.863,0.543
-0.102,-0.859,0.555
-0.105,-0.855,0.57
-0.109,-0.852,0.578
-0.113,-0.84,0.582
-0.113,-0.824,0.586
-0.117,-0.82,0.594
-0.117,-0.813,0.598
-0.117,-0.805,0.602
-0.109,-0.801,0.605
-0.109,-0.805,0.609
-0.105,-0.816,0.605
-0.105,-0.813,0.605
-0.105,-0.813,0.605
-0.105,-0.809,0.609
-0.105,-0.805,0.605
-0.113,-0.797,0.598
-0.113,-0.797,0.594
-0.113,-0.801,0.59
-0.117,-0.805,0.586
-0.117,-0.813,0.582
-0.121,-0.82,0.586
-0.125,-0.82,0.582
-0.125,-0.82,0.574
-0.125,-0.813,0.57
-0.125,-0.813,0.57
-0.117,-0.813,0.563
-0.117,-0.816,0.566
-0.113,-0.82,0.563
-0.113,-0.813,0.566
-0.113,-0.805,0.574
-0.117,-0.797,0.586
-0.121,-0.797,0.598
-0.125,-0.801,0.609
-0.125,-0.801,0.621
-0.137,-0.801,0.629
-0.145,-0.801,0.645
-0.148,-0.797,0.66
-0.152,-0.789,0.668
-0.148,-0.777,0.676
-0.156,-0.77,0.672
-0.145,-0.762,0.68
-0.137,-0.754,0.672
-0.137,-0.766,0.664
-0.133,-0.781,0.66
-0.129,-0.801,0.648
-0.125,-0.816,0.637
-0.125,-0.816,0.625
-0.125,-0.816,0.625
-0.129,-0.816,0.617
-0.133,-0.82,0.617
-0.137,-0.824,0.613
-0.137,-0.824,0.617
-0.137,-0.824,0.621
-0.141,-0.816,0.625
-0.137,-0.805,0.625
-0.133,-0.805,0.629
-0.141,-0.805,0.625
-0.141,-0.805,0.629
-0.145,-0.809,0.625
-0.152,-0.816,0.625
-0.145,-0.805,0.621
-0.137,-0.797,0.613
-0.137,-0.789,0.598
-0.129,-0.797,0.59
-0.133,-0.813,0.578
-0.137,-0.82,0.566
-0.141,-0.832,0.563
-0.145,-0.848,0.563
-0.148,-0.852,0.563
-0.152,-0.844,0.566
-0.152,-0.824,0.578
-0.152,-0.809,0.59
-0.152,-0.801,0.594
-0.152,-0.793,0.598
-0.152,-0.797,0.598
-0.145,-0.797,0.602
-0.137,-0.789,0.602
-0.133,-0.793,0.602
-0.133,-0.789,0.602
-0.133,-0.789,0.602
-0.129,-0.789,0.602
-0.133,-0.801,0.609
-0.129,-0.789,0.613
-0.129,-0.793,0.621
-0.133,-0.789,0.629
-0.133,-0.777,0.633
-0.137,-0.766,0.641
-0.137,-0.766,0.648
-0.145,-0.77,0.652
-0.16,-0.777,0.66
-0.152,-0.777,0.668
-0.148,-0.773,0.664
-0.152,-0.77,0.656
-0.152,-0.77,0.656
-0.156,-0.781,0.656
-0.156,-0.793,0.66
-0.156,-0.801,0.664
-0.156,-0.797,0.668
-0.156,-0.797,0.668
-0.16,-0.781,0.664
-0.172,-0.781,0.652
-0.184,-0.789,0.652
-0.188,-0.813,0.656
-0.195,-0.848,0.66
-0.184,-0.871,0.656
-0.16,-0.855,0.648
-0.137,-0.816,0.645
-0.129,-0.789,0.641
-0.121,-0.789,0.633
-0.113,-0.809,0.633
-0.102,-0.82,0.633
-0.09,-0.816,0.629
-0.078,-0.797,0.621
-0.074,-0.789,0.625
-0.07,-0.785,0.625
-0.07,-0.785,0.629
-0.066,-0.809,0.633
-0.066,-0.824,0.633
-0.066,-0.824,0.641
-0.063,-0.809,0.656
-0.07,-0.805,0.664
-0.086,-0.816,0.672
-0.105,-0.832,0.68
-0.121,-0.828,0.688
-0.125,-0.809,0.68
-0.129,-0.773,0.672
-0.133,-0.754,0.66
-0.137,-0.742,0.641
-0.137,-0.746,0.621
-0.129,-0.754,0.609
-0.121,-0.766,0.605
-0.109,-0.777,0.602
-0.098,-0.785,0.602
-0.082,-0.793,0.605
-0.066,-0.789,0.613
-0.055,-0.781,0.617
-0.059,-0.777,0.629
-0.055,-0.789,0.637
-0.047,-0.797,0.648
-0.055,-0.801,0.664
-0.039,-0.793,0.676
-0.023,-0.773,0.68
-0.02,-0.75,0.68
-0.016,-0.742,0.676
-0.016,-0.754,0.668
-0.012,-0.785,0.66
-0.02,-0.813,0.641
-0.023,-0.816,0.625
-0.023,-0.801,0.609
-0.027,-0.785,0.605
-0.031,-0.777,0.59
-0.031,-0.781,0.582
-0.031,-0.77,0.566
-0.039,-0.766,0.555
-0.051,-0.766,0.555
-0.059,-0.777,0.563
-0.066,-0.801,0.578
-0.07,-0.832,0.594
-0.074,-0.84,0.609
-0.07,-0.828,0.629
-0.066,-0.813,0.648
-0.066,-0.793,0.66
-0.063,-0.777,0.664
-0.063,-0.77,0.668
-0.063,-0.77,0.664
-0.063,-0.77,0.664
-0.051,-0.77,0.664
-0.043,-0.766,0.664
-0.035,-0.758,0.66
-0.027,-0.746,0.652
-0.027,-0.734,0.648
-0.023,-0.723,0.637
-0.02,-0.711,0.633
-0.023,-0.695,0.637
-0.023,-0.688,0.641
-0.023,-0.684,0.652
-0.027,-0.684,0.664
-0.031,-0.688,0.664
-0.043,-0.695,0.664
-0.047,-0.699,0.664
-0.051,-0.703,0.66
-0.051,-0.719,0.664
-0.055,-0.734,0.664
-0.051,-0.75,0.668
-0.047,-0.773,0.672
-0.051,-0.809,0.688
-0.047,-0.844,0.699
-0.063,-0.867,0.707
-0.07,-0.848,0.703
-0.09,-0.82,0.703
-0.09,-0.816,0.707
-0.098,-0.824,0.699
-0.105,-0.832,0.688
-0.105,-0.828,0.676
-0.105,-0.832,0.672
-0.102,-0.844,0.664
-0.098,-0.84,0.652
-0.086,-0.824,0.633
-0.07,-0.793,0.617
-0.047,-0.758,0.598
-0.031,-0.734,0.582
-0.016,-0.715,0.574
-0.008,-0.719,0.582
-0.008,-0.734,0.594
-0.02,-0.762,0.617
-0.031,-0.789,0.645
-0.055,-0.801,0.664
-0.074,-0.785,0.68
-0.086,-0.762,0.691
-0.094,-0.75,0.707
-0.102,-0.766,0.723
-0.109,-0.785,0.742
-0.117,-0.805,0.758
-0.121,-0.805,0.762
-0.125,-0.785,0.762
-0.125,-0.77,0.762
-0.125,-0.773,0.754
-0.117,-0.789,0.738
-0.094,-0.777,0.719
-0.07,-0.746,0.695
-0.055,-0.711,0.668
-0.055,-0.699,0.648
-0.063,-0.703,0.625
-0.07,-0.719,0.605
-0.082,-0.727,0.594
-0.09,-0.727,0.582
-0.09,-0.715,0.574
-0.102,-0.707,0.574
-0.102,-0.707,0.574
-0.109,-0.711,0.578
-0.109,-0.723,0.578
-0.117,-0.73,0.582
-0.125,-0.734,0.586
-0.137,-0.742,0.586
-0.152,-0.746,0.59
-0.172,-0.754,0.598
-0.184,-0.762,0.598
-0.195,-0.77,0.602
-0.191,-0.781,0.605
-0.195,-0.789,0.605
-0.18,-0.805,0.617
-0.18,-0.813,0.617
-0.188,-0.816,0.617
-0.199,-0.816,0.617
-0.203,-0.813,0.621
-0.203,-0.813,0.633
-0.195,-0.813,0.645
-0.191,-0.824,0.656
-0.184,-0.84,0.668
-0.184,-0.852,0.684
-0.184,-0.863,0.688
-0.188,-0.859,0.695
-0.188,-0.852,0.695
-0.188,-0.844,0.688
-0.188,-0.836,0.68
-0.184,-0.84,0.68
-0.18,-0.871,0.672
-0.168,-0.895,0.664
-0.145,-0.891,0.652
-0.121,-0.844,0.645
-0.113,-0.813,0.641
-0.117,-0.82,0.648
-0.125,-0.855,0.66
-0.133,-0.898,0.695
-0.129,-0.945,0.734
-0.109,-0.973,0.762
-0.078,-0.941,0.773
-0.055,-0.867,0.773
-0.043,-0.789,0.762
-0.059,-0.727,0.738
-0.086,-0.691,0.715
-0.117,-0.688,0.691
-0.125,-0.723,0.676
-0.117,-0.762,0.664
-0.094,-0.777,0.645
-0.059,-0.766,0.633
-0.031,-0.746,0.625
-0.012,-0.738,0.617
0.004,-0.734,0.625
0.008,-0.734,0.629
0.008,-0.734,0.629
0.016,-0.723,0.633
0.016,-0.707,0.637
0.012,-0.703,0.641
0.012,-0.703,0.648
0.008,-0.707,0.656
0.004,-0.719,0.656
0.004,-0.723,0.656
0.008,-0.719,0.652
0.008,-0.707,0.641
0.02,-0.719,0.637
0.023,-0.73,0.625
0.016,-0.754,0.621
0.008,-0.773,0.613
-0.004,-0.781,0.605
-0.016,-0.762,0.602
-0.031,-0.742,0.598
-0.047,-0.73,0.59
-0.051,-0.734,0.594
-0.063,-0.754,0.609
-0.078,-0.785,0.625
-0.09,-0.797,0.637
-0.094,-0.77,0.648
-0.078,-0.723,0.656
-0.07,-0.688,0.664
-0.063,-0.68,0.676
-0.063,-0.703,0.68
-0.066,-0.723,0.676
-0.07,-0.738,0.672
-0.066,-0.73,0.668
-0.066,-0.699,0.664
-0.059,-0.688,0.656
-0.047,-0.691,0.656
-0.035,-0.707,0.66
-0.027,-0.73,0.66
-0.027,-0.75,0.664
-0.031,-0.758,0.668
-0.039,-0.746,0.676
-0.043,-0.742,0.688
-0.051,-0.738,0.691
-0.051,-0.734,0.695
-0.043,-0.734,0.695
-0.027,-0.742,0.699
-0.016,-0.754,0.699
-0.008,-0.746,0.695
0,-0.754,0.695
0.004,-0.785,0.695
0,-0.832,0.699
-0.02,-0.863,0.695
-0.027,-0.855,0.684
-0.035,-0.832,0.676
-0.043,-0.832,0.676
-0.035,-0.863,0.676
-0.039,-0.895,0.672
-0.031,-0.91,0.668
-0.027,-0.93,0.684
-0.035,-0.965,0.691
-0.059,-0.973,0.691
-0.09,-0.926,0.684
-0.121,-0.852,0.676
-0.113,-0.801,0.68
-0.105,-0.789,0.672
-0.09,-0.793,0.668
-0.082,-0.797,0.664
-0.082,-0.789,0.664
-0.094,-0.77,0.664
-0.105,-0.754,0.668
-0.121,-0.758,0.672
-0.137,-0.766,0.68
-0.137,-0.766,0.68
-0.145,-0.746,0.68
-0.141,-0.723,0.68
-0.152,-0.723,0.68
-0.156,-0.727,0.672
-0.156,-0.723,0.656
-0.152,-0.707,0.637
-0.152,-0.688,0.629
-0.152,-0.684,0.617
-0.156,-0.695,0.605
-0.156,-0.699,0.594
-0.156,-0.707,0.582
-0.148,-0.707,0.574
-0.141,-0.707,0.57
-0.133,-0.703,0.566
-0.129,-0.699,0.566
-0.125,-0.699,0.566
-0.129,-0.699,0.578
-0.129,-0.703,0.582
-0.129,-0.707,0.582
-0.133,-0.723,0.586
-0.137,-0.73,0.594
-0.145,-0.734,0.598
-0.152,-0.738,0.613
-0.164,-0.738,0.621
-0.176,-0.742,0.629
-0.18,-0.738,0.645
-0.18,-0.73,0.656
-0.176,-0.715,0.66
-0.184,-0.691,0.664
-0.18,-0.668,0.664
-0.184,-0.668,0.652
-0.188,-0.676,0.652
-0.188,-0.715,0.66
-0.184,-0.77,0.668
-0.18,-0.82,0.672
-0.172,-0.848,0.672
-0.172,-0.863,0.684
-0.168,-0.871,0.695
-0.16,-0.875,0.707
-0.16,-0.887,0.723
-0.141,-0.906,0.742
-0.113,-0.91,0.738
-0.094,-0.887,0.734
-0.078,-0.859,0.738
-0.078,-0.867,0.742
-0.078,-0.906,0.73
-0.078,-0.934,0.715
-0.07,-0.91,0.699
-0.055,-0.848,0.684
-0.047,-0.789,0.668
-0.051,-0.766,0.66
-0.063,-0.781,0.656
-0.078,-0.809,0.652
-0.09,-0.836,0.645
-0.102,-0.848,0.637
-0.109,-0.828,0.625
-0.102,-0.793,0.617
-0.09,-0.766,0.613
-0.082,-0.773,0.617
-0.074,-0.805,0.625
-0.07,-0.836,0.629
-0.07,-0.84,0.629
-0.074,-0.813,0.633
-0.07,-0.777,0.633
-0.066,-0.754,0.645
-0.059,-0.758,0.656
-0.055,-0.77,0.66
-0.059,-0.781,0.664
-0.063,-0.758,0.664
-0.074,-0.73,0.656
-0.082,-0.707,0.645
-0.098,-0.699,0.641
-0.109,-0.707,0.637
-0.117,-0.719,0.621
-0.121,-0.723,0.617
-0.113,-0.727,0.613
-0.105,-0.723,0.621
-0.098,-0.719,0.625
-0.086,-0.711,0.625
-0.074,-0.703,0.629
-0.066,-0.699,0.629
-0.059,-0.703,0.629
-0.059,-0.707,0.625
-0.063,-0.711,0.617
-0.066,-0.703,0.617
-0.07,-0.703,0.621
-0.059,-0.699,0.629
-0.051,-0.711,0.633
-0.039,-0.723,0.633
-0.043,-0.723,0.633
-0.039,-0.727,0.633
-0.039,-0.73,0.637
-0.043,-0.734,0.641
-0.039,-0.75,0.648
-0.043,-0.762,0.664
-0.039,-0.777,0.676
-0.047,-0.797,0.688
-0.055,-0.801,0.691
-0.066,-0.785,0.695
-0.074,-0.773,0.699
-0.086,-0.758,0.695
-0.094,-0.746,0.688
-0.102,-0.742,0.68
-0.109,-0.762,0.676
-0.105,-0.797,0.668
-0.105,-0.824,0.668
-0.105,-0.828,0.66
-0.102,-0.805,0.641
-0.102,-0.77,0.633
-0.098,-0.75,0.629
-0.094,-0.773,0.633
-0.094,-0.844,0.648
-0.105,-0.914,0.668
-0.125,-0.969,0.688
-0.148,-0.953,0.707
-0.172,-0.879,0.715
-0.172,-0.813,0.723
-0.148,-0.785,0.734
-0.109,-0.801,0.746
-0.09,-0.828,0.758
-0.09,-0.844,0.766
-0.102,-0.824,0.766
-0.117,-0.809,0.766
-0.125,-0.781,0.758
-0.129,-0.758,0.754
-0.125,-0.727,0.738
-0.121,-0.715,0.723
-0.117,-0.723,0.707
-0.105,-0.73,0.68
-0.094,-0.715,0.652
-0.078,-0.691,0.625
-0.07,-0.676,0.602
-0.074,-0.684,0.578
-0.09,-0.699,0.566
-0.102,-0.719,0.555
-0.113,-0.73,0.555
-0.113,-0.734,0.559
-0.117,-0.73,0.559
-0.121,-0.73,0.566
-0.125,-0.719,0.586
-0.109,-0.707,0.598
-0.105,-0.707,0.613
-0.102,-0.699,0.617
-0.109,-0.688,0.621
-0.121,-0.676,0.629
-0.129,-0.684,0.641
-0.141,-0.695,0.656
-0.156,-0.711,0.66
-0.164,-0.719,0.664
-0.164,-0.719,0.672
-0.16,-0.707,0.672
-0.16,-0.703,0.668
-0.152,-0.719,0.672
-0.152,-0.734,0.676
-0.152,-0.754,0.684
-0.152,-0.766,0.684
-0.152,-0.773,0.688
-0.148,-0.777,0.691
-0.156,-0.781,0.695
-0.156,-0.789,0.695
-0.168,-0.805,0.684
-0.168,-0.82,0.68
-0.168,-0.836,0.68
-0.16,-0.848,0.684
-0.164,-0.863,0.688
-0.156,-0.887,0.684
-0.141,-0.875,0.68
-0.117,-0.824,0.672
-0.098,-0.789,0.668
-0.086,-0.793,0.668
-0.074,-0.828,0.672
-0.066,-0.863,0.68
-0.051,-0.902,0.68
-0.027,-0.91,0.684
-0.008,-0.879,0.676
-0.004,-0.82,0.664
-0.008,-0.754,0.645
-0.023,-0.711,0.637
-0.051,-0.734,0.629
-0.078,-0.809,0.621
-0.09,-0.875,0.613
-0.102,-0.906,0.621
-0.098,-0.895,0.633
-0.086,-0.863,0.652
-0.07,-0.844,0.66
-0.059,-0.836,0.672
-0.043,-0.836,0.684
-0.043,-0.836,0.691
-0.051,-0.832,0.703
-0.059,-0.828,0.715
-0.063,-0.813,0.723
-0.063,-0.793,0.711
-0.063,-0.758,0.695
-0.066,-0.727,0.668
-0.07,-0.711,0.641
-0.07,-0.723,0.617
-0.07,-0.73,0.598
-0.074,-0.742,0.578
-0.074,-0.742,0.563
-0.074,-0.727,0.543
-0.07,-0.711,0.527
-0.078,-0.703,0.527
-0.086,-0.699,0.527
-0.078,-0.699,0.531
-0.07,-0.711,0.535
-0.059,-0.723,0.543
-0.047,-0.723,0.555
-0.039,-0.707,0.57
-0.047,-0.695,0.586
-0.051,-0.688,0.598
-0.055,-0.688,0.613
-0.055,-0.691,0.633
-0.043,-0.691,0.641
-0.031,-0.688,0.652
-0.027,-0.695,0.668
-0.016,-0.715,0.684
-0.016,-0.734,0.699
-0.023,-0.746,0.715
-0.035,-0.75,0.73
-0.051,-0.758,0.734
-0.078,-0.773,0.73
-0.102,-0.789,0.719
-0.125,-0.801,0.703
-0.133,-0.805,0.688
-0.121,-0.801,0.672
-0.094,-0.781,0.66
-0.051,-0.758,0.645
-0.012,-0.742,0.629
0.023,-0.738,0.621
0.047,-0.77,0.629
0.043,-0.828,0.637
0.02,-0.871,0.625
0,-0.852,0.609
-0.008,-0.809,0.625
-0.016,-0.836,0.664
-0.027,-0.938,0.715
-0.066,-1.063,0.758
-0.113,-1.141,0.777
-0.168,-1.09,0.789
-0.207,-0.949,0.789
-0.191,-0.781,0.789
-0.16,-0.676,0.781
-0.117,-0.664,0.781
-0.07,-0.707,0.781
-0.043,-0.762,0.77
-0.031,-0.789,0.746
-0.039,-0.777,0.719
-0.059,-0.75,0.703
-0.078,-0.738,0.691
-0.094,-0.738,0.676
-0.098,-0.742,0.672
-0.105,-0.742,0.668
-0.102,-0.738,0.668
-0.098,-0.734,0.668
-0.082,-0.719,0.664
-0.074,-0.699,0.66
-0.07,-0.68,0.656
-0.07,-0.668,0.648
-0.086,-0.664,0.637
-0.098,-0.664,0.629
-0.105,-0.668,0.613
-0.117,-0.68,0.605
-0.121,-0.703,0.602
-0.117,-0.719,0.602
-0.121,-0.723,0.602
-0.117,-0.707,0.598
-0.117,-0.699,0.586
-0.117,-0.699,0.582
-0.121,-0.707,0.574
-0.121,-0.723,0.57
-0.125,-0.734,0.578
-0.125,-0.742,0.582
-0.133,-0.746,0.59
-0.133,-0.738,0.594
-0.145,-0.723,0.594
-0.16,-0.719,0.598
-0.176,-0.715,0.598
-0.18,-0.723,0.602
-0.172,-0.738,0.598
-0.164,-0.75,0.602
-0.164,-0.746,0.602
-0.168,-0.75,0.613
-0.18,-0.758,0.625
-0.18,-0.785,0.637
-0.18,-0.809,0.645
-0.188,-0.832,0.645
-0.195,-0.844,0.637
-0.207,-0.848,0.629
-0.219,-0.848,0.625
-0.23,-0.855,0.617
-0.219,-0.879,0.621
-0.199,-0.898,0.621
-0.176,-0.926,0.629
-0.152,-0.953,0.645
-0.125,-0.965,0.656
-0.094,-0.93,0.668
-0.074,-0.879,0.684
-0.07,-0.859,0.707
-0.074,-0.883,0.738
-0.078,-0.914,0.758
-0.074,-0.898,0.762
-0.07,-0.832,0.75
-0.066,-0.762,0.746
-0.078,-0.746,0.738
-0.105,-0.801,0.734
-0.133,-0.875,0.727
-0.141,-0.902,0.715
-0.141,-0.879,0.707
-0.141,-0.832,0.691
-0.133,-0.793,0.68
-0.129,-0.793,0.672
-0.125,-0.805,0.668
-0.113,-0.805,0.668
-0.105,-0.789,0.66
-0.105,-0.762,0.664
-0.102,-0.734,0.664
-0.113,-0.727,0.664
-0.121,-0.707,0.66
-0.121,-0.688,0.652
-0.117,-0.672,0.641
-0.109,-0.664,0.629
-0.094,-0.66,0.621
-0.086,-0.668,0.609
-0.082,-0.68,0.602
-0.074,-0.703,0.602
-0.07,-0.723,0.598
-0.066,-0.738,0.59
-0.059,-0.746,0.59
-0.051,-0.742,0.586
-0.043,-0.727,0.582
-0.039,-0.711,0.586
-0.039,-0.711,0.586
-0.039,-0.711,0.578
-0.039,-0.703,0.578
-0.035,-0.691,0.578
-0.031,-0.684,0.582
-0.02,-0.688,0.586
-0.012,-0.695,0.59
-0.008,-0.695,0.594
-0.023,-0.695,0.598
-0.02,-0.707,0.613
-0.023,-0.723,0.621
-0.016,-0.738,0.641
0,-0.742,0.656
0.012,-0.75,0.668
0.02,-0.754,0.691
0.012,-0.75,0.707
0,-0.758,0.711
-0.02,-0.762,0.711
-0.039,-0.758,0.703
-0.055,-0.746,0.688
-0.066,-0.73,0.672
-0.066,-0.742,0.668
-0.066,-0.785,0.668
-0.059,-0.844,0.684
-0.051,-0.902,0.691
-0.047,-0.93,0.695
-0.059,-0.918,0.699
-0.059,-0.898,0.715
-0.063,-0.906,0.734
-0.074,-0.957,0.754
-0.098,-1.02,0.77
-0.133,-1.035,0.77
-0.16,-0.969,0.77
-0.164,-0.863,0.762
-0.141,-0.789,0.746
-0.109,-0.762,0.734
-0.082,-0.781,0.73
-0.07,-0.813,0.711
-0.078,-0.82,0.703
-0.094,-0.801,0.684
-0.117,-0.766,0.672
-0.129,-0.75,0.652
-0.133,-0.738,0.637
-0.141,-0.738,0.633
-0.145,-0.754,0.637
-0.145,-0.766,0.641
-0.141,-0.773,0.637
-0.129,-0.742,0.641
-0.117,-0.688,0.637
-0.102,-0.645,0.625
-0.098,-0.629,0.625
-0.102,-0.637,0.613
-0.117,-0.664,0.605
-0.121,-0.688,0.602
-0.125,-0.703,0.594
-0.133,-0.707,0.59
-0.137,-0.703,0.586
-0.133,-0.699,0.59
-0.141,-0.699,0.59
-0.133,-0.711,0.598
-0.129,-0.711,0.59
-0.133,-0.707,0.594
-0.137,-0.699,0.594
-0.141,-0.695,0.598
-0.152,-0.684,0.605
-0.16,-0.691,0.617
-0.16,-0.699,0.621
-0.168,-0.711,0.625
-0.18,-0.719,0.629
-0.184,-0.715,0.637
-0.188,-0.715,0.633
-0.191,-0.711,0.633
-0.191,-0.715,0.645
-0.191,-0.727,0.652
-0.188,-0.738,0.668
-0.188,-0.754,0.695
-0.184,-0.77,0.715
-0.188,-0.777,0.734
-0.195,-0.781,0.75
-0.215,-0.789,0.758
-0.227,-0.793,0.746
-0.234,-0.789,0.727
-0.234,-0.785,0.703
-0.238,-0.773,0.688
-0.238,-0.797,0.676
-0.238,-0.848,0.668
-0.223,-0.895,0.656
-0.195,-0.898,0.641
-0.172,-0.863,0.637
-0.16,-0.855,0.633
-0.148,-0.891,0.648
-0.129,-0.965,0.68
-0.094,-1.047,0.707
-0.039,-1.07,0.727
0.02,-0.984,0.738
0.07,-0.84,0.73
0.09,-0.711,0.73
0.074,-0.668,0.73
0.031,-0.73,0.734
-0.016,-0.805,0.73
-0.043,-0.832,0.719
-0.055,-0.82,0.711
-0.055,-0.789,0.707
-0.051,-0.77,0.703
-0.043,-0.766,0.688
-0.039,-0.766,0.676
-0.039,-0.758,0.664
-0.035,-0.734,0.652
-0.043,-0.723,0.641
-0.039,-0.719,0.641
-0.035,-0.723,0.625
-0.031,-0.715,0.613
-0.023,-0.707,0.609
-0.016,-0.695,0.602
-0.012,-0.688,0.598
-0.004,-0.684,0.59
-0.004,-0.695,0.582
-0.004,-0.719,0.578
-0.008,-0.73,0.574
-0.02,-0.742,0.566
-0.031,-0.738,0.566
-0.047,-0.738,0.566
-0.059,-0.738,0.578
-0.059,-0.742,0.586
-0.059,-0.762,0.594
-0.063,-0.777,0.605
-0.055,-0.785,0.613
-0.055,-0.773,0.617
-0.043,-0.77,0.621
-0.035,-0.758,0.621
-0.031,-0.75,0.617
-0.027,-0.758,0.617
-0.031,-0.766,0.625
-0.031,-0.77,0.625
-0.031,-0.762,0.617
-0.027,-0.75,0.621
-0.023,-0.738,0.625
-0.012,-0.75,0.637
-0.012,-0.77,0.66
-0.012,-0.793,0.68
-0.035,-0.797,0.691
-0.043,-0.777,0.703
-0.055,-0.754,0.711
-0.063,-0.723,0.707
-0.066,-0.699,0.703
-0.063,-0.688,0.691
-0.051,-0.688,0.676
-0.027,-0.703,0.664
-0.004,-0.754,0.668
0,-0.82,0.68
-0.023,-0.887,0.68
-0.051,-0.891,0.68
-0.074,-0.859,0.684
-0.086,-0.836,0.695
-0.102,-0.871,0.715
-0.125,-0.934,0.738
-0.168,-0.992,0.754
-0.219,-1,0.758
-0.277,-0.941,0.754
-0.293,-0.84,0.75
-0.285,-0.762,0.742
-0.254,-0.734,0.75
-0.219,-0.77,0.762
-0.195,-0.816,0.77
-0.184,-0.824,0.766
-0.176,-0.785,0.746
-0.164,-0.738,0.719
-0.152,-0.699,0.688
-0.141,-0.703,0.668
-0.129,-0.734,0.648
-0.121,-0.762,0.621
-0.113,-0.758,0.59
-0.113,-0.738,0.563
-0.105,-0.699,0.539
-0.109,-0.68,0.516
-0.113,-0.688,0.504
-0.117,-0.703,0.504
-0.121,-0.727,0.512
-0.125,-0.754,0.523
-0.125,-0.777,0.539
-0.133,-0.785,0.551
-0.141,-0.773,0.559
-0.145,-0.754,0.566
-0.145,-0.746,0.574
-0.145,-0.746,0.582
-0.141,-0.742,0.59
-0.141,-0.742,0.598
-0.148,-0.73,0.602
-0.152,-0.715,0.613
-0.152,-0.703,0.613
-0.156,-0.691,0.609
-0.156,-0.688,0.605
-0.156,-0.695,0.602
-0.156,-0.695,0.602
-0.152,-0.707,0.605
-0.148,-0.719,0.602
-0.148,-0.723,0.605
-0.145,-0.734,0.617
-0.141,-0.746,0.633
-0.145,-0.762,0.645
-0.152,-0.789,0.664
-0.164,-0.824,0.688
-0.18,-0.855,0.703
-0.188,-0.867,0.711
-0.203,-0.852,0.707
-0.219,-0.836,0.699
-0.227,-0.832,0.699
-0.234,-0.859,0.688
-0.246,-0.898,0.684
-0.23,-0.941,0.68
-0.203,-0.945,0.668
-0.172,-0.906,0.66
-0.145,-0.859,0.656
-0.137,-0.836,0.66
-0.137,-0.852,0.668
-0.133,-0.891,0.688
-0.113,-0.938,0.727
-0.078,-0.957,0.746
-0.039,-0.902,0.75
0,-0.801,0.758
0.02,-0.715,0.75
0.008,-0.703,0.75
-0.035,-0.754,0.75
-0.07,-0.801,0.738
-0.09,-0.809,0.73
-0.09,-0.785,0.73
-0.078,-0.754,0.727
-0.063,-0.73,0.719
-0.043,-0.723,0.711
-0.027,-0.723,0.703
-0.02,-0.727,0.695
-0.016,-0.73,0.684
-0.023,-0.727,0.668
-0.027,-0.703,0.656
-0.031,-0.672,0.637
-0.039,-0.648,0.617
-0.047,-0.633,0.602
-0.047,-0.637,0.594
-0.043,-0.66,0.594
-0.031,-0.695,0.59
-0.023,-0.711,0.586
-0.02,-0.719,0.582
-0.016,-0.715,0.574
-0.02,-0.707,0.574
-0.027,-0.703,0.578
-0.035,-0.699,0.574
-0.035,-0.695,0.578
-0.043,-0.703,0.578
-0.047,-0.715,0.59
-0.043,-0.727,0.598
-0.039,-0.723,0.609
-0.027,-0.711,0.613
-0.023,-0.703,0.617
-0.02,-0.695,0.625
-0.02,-0.684,0.633
-0.016,-0.684,0.629
-0.016,-0.691,0.629
-0.012,-0.699,0.637
-0.02,-0.715,0.648
-0.012,-0.73,0.668
-0.012,-0.754,0.684
-0.02,-0.766,0.695
-0.031,-0.773,0.711
-0.047,-0.785,0.719
-0.07,-0.793,0.723
-0.09,-0.785,0.723
-0.094,-0.773,0.715
-0.074,-0.754,0.707
-0.043,-0.738,0.699
-0.012,-0.723,0.699
0.012,-0.73,0.703
0.02,-0.785,0.715
-0.004,-0.859,0.711
-0.039,-0.883,0.688
-0.066,-0.844,0.664
-0.074,-0.824,0.664
-0.082,-0.863,0.664
-0.105,-0.965,0.688
-0.117,-1.082,0.703
-0.141,-1.129,0.711
-0.145,-1.051,0.723
-0.133,-0.906,0.73
-0.105,-0.785,0.742
-0.07,-0.758,0.766
-0.047,-0.82,0.777
-0.027,-0.871,0.781
-0.031,-0.855,0.773
-0.035,-0.789,0.766
-0.047,-0.738,0.758
-0.063,-0.715,0.738
-0.078,-0.723,0.73
-0.094,-0.754,0.734
-0.102,-0.789,0.73
-0.105,-0.793,0.715
-0.102,-0.754,0.691
-0.098,-0.707,0.668
-0.094,-0.66,0.641
-0.094,-0.637,0.609
-0.098,-0.648,0.582
-0.102,-0.66,0.563
-0.102,-0.676,0.547
-0.102,-0.691,0.535
-0.109,-0.703,0.535
-0.113,-0.707,0.531
-0.121,-0.707,0.527
-0.125,-0.711,0.527
-0.137,-0.703,0.531
-0.148,-0.699,0.547
-0.176,-0.703,0.559
-0.18,-0.703,0.578
-0.184,-0.707,0.582
-0.184,-0.707,0.594
-0.18,-0.691,0.602
-0.168,-0.68,0.617
-0.164,-0.672,0.625
-0.172,-0.68,0.633
-0.184,-0.707,0.641
-0.195,-0.738,0.648
-0.199,-0.77,0.66
-0.203,-0.789,0.664
-0.203,-0.801,0.684
-0.199,-0.801,0.695
-0.191,-0.805,0.707
-0.188,-0.816,0.719
-0.184,-0.824,0.723
-0.172,-0.824,0.715
-0.164,-0.801,0.699
-0.156,-0.766,0.68
-0.148,-0.742,0.664
-0.156,-0.766,0.648
-0.176,-0.824,0.637
-0.18,-0.887,0.633
-0.176,-0.926,0.621
-0.148,-0.93,0.617
-0.133,-0.91,0.621
-0.121,-0.918,0.641
-0.121,-0.969,0.668
-0.113,-1.023,0.688
-0.086,-1.016,0.695
-0.047,-0.918,0.703
-0.016,-0.793,0.723
-0.016,-0.742,0.742
-0.047,-0.781,0.75
-0.082,-0.832,0.75
-0.105,-0.852,0.738
-0.117,-0.824,0.73
-0.105,-0.785,0.719
-0.094,-0.754,0.711
-0.082,-0.754,0.703
-0.078,-0.766,0.691
-0.07,-0.77,0.688
-0.063,-0.77,0.684
-0.055,-0.754,0.664
-0.059,-0.723,0.648
-0.063,-0.688,0.633
-0.063,-0.66,0.613
-0.07,-0.645,0.598
-0.07,-0.648,0.578
-0.07,-0.668,0.566
-0.051,-0.688,0.563
-0.039,-0.707,0.551
-0.027,-0.719,0.547
-0.027,-0.73,0.551
-0.027,-0.73,0.555
-0.031,-0.73,0.559
-0.031,-0.727,0.563
-0.031,-0.727,0.563
-0.039,-0.727,0.57
-0.043,-0.73,0.57
-0.047,-0.727,0.578
-0.055,-0.707,0.574
-0.059,-0.68,0.582
-0.063,-0.656,0.586
-0.063,-0.664,0.598
-0.055,-0.68,0.617
-0.051,-0.711,0.629
-0.047,-0.727,0.637
-0.039,-0.734,0.648
-0.027,-0.727,0.656
-0.012,-0.715,0.668
-0.004,-0.719,0.688
0.008,-0.738,0.699
0.004,-0.773,0.711
0,-0.797,0.715
-0.012,-0.809,0.719
-0.023,-0.805,0.719
-0.027,-0.793,0.715
-0.031,-0.777,0.707
-0.023,-0.766,0.699
-0.016,-0.785,0.711
-0.016,-0.836,0.727
-0.035,-0.891,0.746
-0.059,-0.918,0.75
-0.082,-0.895,0.746
-0.09,-0.848,0.73
-0.086,-0.836,0.723
-0.086,-0.887,0.727
-0.102,-0.961,0.742
-0.133,-1.023,0.754
-0.172,-1.027,0.758
-0.203,-0.957,0.758
-0.219,-0.871,0.754
-0.211,-0.797,0.754
-0.184,-0.762,0.758
-0.156,-0.766,0.762
-0.133,-0.785,0.758
-0.121,-0.785,0.746
-0.117,-0.773,0.727
-0.129,-0.746,0.707
-0.125,-0.719,0.691
-0.125,-0.711,0.676
-0.121,-0.723,0.668
-0.117,-0.742,0.656
-0.105,-0.742,0.645
-0.086,-0.711,0.629
-0.074,-0.672,0.617
-0.07,-0.629,0.605
-0.074,-0.609,0.594
-0.086,-0.605,0.586
-0.098,-0.621,0.574
-0.113,-0.648,0.574
-0.121,-0.676,0.57
-0.121,-0.688,0.566
-0.133,-0.695,0.566
-0.137,-0.688,0.566
-0.145,-0.684,0.57
-0.148,-0.691,0.578
-0.152,-0.695,0.586
-0.148,-0.699,0.59
-0.152,-0.699,0.594
-0.152,-0.691,0.602
-0.148,-0.688,0.602
-0.141,-0.691,0.605
-0.148,-0.707,0.605
-0.148,-0.723,0.605
-0.145,-0.73,0.609
-0.148,-0.734,0.609
-0.148,-0.73,0.613
-0.152,-0.719,0.625
-0.168,-0.711,0.629
-0.184,-0.727,0.656
-0.188,-0.762,0.676
-0.188,-0.816,0.699
-0.191,-0.863,0.711
-0.195,-0.875,0.723
-0.203,-0.855,0.738
-0.207,-0.816,0.742
-0.195,-0.785,0.734
-0.191,-0.777,0.727
-0.184,-0.805,0.715
-0.188,-0.863,0.723
-0.184,-0.91,0.711
-0.156,-0.918,0.684
-0.125,-0.871,0.672
-0.113,-0.813,0.656
-0.117,-0.797,0.641
-0.129,-0.848,0.66
-0.129,-0.953,0.684
-0.117,-1.035,0.699
-0.051,-1.012,0.73
0.004,-0.906,0.75
0.047,-0.809,0.77
0.055,-0.789,0.781
0.02,-0.84,0.781
-0.027,-0.875,0.777
-0.055,-0.871,0.77
-0.055,-0.824,0.766
-0.051,-0.773,0.762
-0.051,-0.746,0.754
-0.059,-0.734,0.73
-0.063,-0.738,0.703
-0.07,-0.738,0.684
-0.07,-0.734,0.668
-0.07,-0.719,0.645
-0.07,-0.695,0.617
-0.066,-0.668,0.602
-0.066,-0.648,0.59
-0.059,-0.633,0.578
-0.051,-0.621,0.57
-0.051,-0.625,0.57
-0.055,-0.633,0.566
-0.063,-0.652,0.574
-0.063,-0.668,0.582
-0.066,-0.672,0.582
-0.078,-0.664,0.578
-0.078,-0.656,0.586
-0.086,-0.652,0.594
-0.086,-0.664,0.602
-0.086,-0.68,0.609
-0.078,-0.691,0.609
-0.066,-0.695,0.617
-0.059,-0.691,0.625
-0.051,-0.688,0.617
-0.047,-0.695,0.613
-0.039,-0.711,0.617
-0.027,-0.73,0.613
-0.02,-0.738,0.613
-0.02,-0.75,0.621
-0.016,-0.762,0.629
-0.008,-0.781,0.641
0.008,-0.793,0.656
0.016,-0.805,0.676
0.023,-0.82,0.691
0.012,-0.84,0.711
0,-0.855,0.727
-0.02,-0.844,0.73
-0.031,-0.813,0.727
-0.035,-0.773,0.723
-0.031,-0.746,0.719
-0.004,-0.746,0.734
0.004,-0.789,0.746
-0.008,-0.836,0.754
-0.031,-0.84,0.738
-0.043,-0.789,0.727
-0.035,-0.734,0.711
-0.027,-0.742,0.703
-0.035,-0.832,0.719
-0.07,-0.969,0.754
-0.145,-1.094,0.77
-0.223,-1.113,0.785
-0.27,-1.004,0.785
-0.273,-0.852,0.777
-0.234,-0.719,0.773
-0.18,-0.668,0.785
-0.133,-0.695,0.793
-0.109,-0.758,0.797
-0.09,-0.785,0.781
-0.086,-0.758,0.766
-0.094,-0.711,0.738
-0.102,-0.68,0.723
-0.113,-0.688,0.707
-0.113,-0.719,0.688
-0.105,-0.738,0.664
-0.094,-0.727,0.637
-0.078,-0.699,0.613
-0.074,-0.664,0.598
-0.078,-0.648,0.582
-0.09,-0.656,0.57
-0.105,-0.664,0.563
-0.121,-0.68,0.555
-0.129,-0.684,0.555
-0.133,-0.684,0.559
-0.141,-0.699,0.563
-0.141,-0.715,0.559
-0.145,-0.727,0.563
-0.152,-0.73,0.566
-0.156,-0.723,0.566
-0.156,-0.715,0.559
-0.156,-0.711,0.555
-0.16,-0.723,0.559
-0.156,-0.73,0.563
-0.16,-0.734,0.563
-0.16,-0.734,0.574
-0.156,-0.734,0.578
-0.16,-0.738,0.582
-0.172,-0.75,0.59
-0.184,-0.766,0.598
-0.188,-0.781,0.605
-0.203,-0.797,0.613
-0.195,-0.809,0.625
-0.188,-0.801,0.645
-0.176,-0.809,0.66
-0.176,-0.828,0.676
-0.164,-0.848,0.68
-0.16,-0.859,0.684
-0.156,-0.852,0.68
-0.148,-0.832,0.672
-0.145,-0.801,0.648
-0.152,-0.781,0.625
-0.168,-0.793,0.609
-0.191,-0.832,0.602
-0.199,-0.887,0.586
-0.191,-0.93,0.563
-0.172,-0.93,0.543
-0.145,-0.898,0.539
-0.133,-0.887,0.543
-0.121,-0.902,0.57
-0.113,-0.965,0.617
-0.094,-1.039,0.652
-0.055,-1.051,0.676
-0.012,-0.973,0.695
0.027,-0.875,0.727
0.023,-0.828,0.75
-0.004,-0.816,0.77
-0.043,-0.816,0.773
-0.074,-0.82,0.777
-0.098,-0.824,0.766
-0.102,-0.816,0.758
-0.09,-0.813,0.746
-0.078,-0.813,0.73
-0.063,-0.809,0.711
-0.063,-0.805,0.688
-0.063,-0.789,0.672
-0.07,-0.77,0.652
-0.082,-0.75,0.633
-0.09,-0.723,0.613
-0.09,-0.684,0.594
-0.086,-0.664,0.578
-0.074,-0.652,0.574
-0.066,-0.656,0.57
-0.059,-0.664,0.563
-0.059,-0.676,0.551
-0.063,-0.688,0.551
-0.07,-0.695,0.547
-0.078,-0.699,0.547
-0.086,-0.703,0.551
-0.094,-0.703,0.559
-0.082,-0.691,0.566
-0.082,-0.672,0.57
-0.07,-0.672,0.582
-0.051,-0.68,0.586
-0.039,-0.703,0.59
-0.035,-0.723,0.602
-0.035,-0.738,0.609
-0.031,-0.734,0.629
-0.023,-0.719,0.645
-0.016,-0.699,0.645
0,-0.691,0.648
0.016,-0.695,0.656
0.031,-0.711,0.664
0.027,-0.738,0.672
0.02,-0.758,0.688
0.004,-0.777,0.695
-0.02,-0.793,0.695
-0.043,-0.801,0.695
-0.063,-0.789,0.688
-0.07,-0.762,0.676
-0.07,-0.746,0.68
-0.051,-0.766,0.691
-0.039,-0.82,0.719
-0.039,-0.879,0.746
-0.059,-0.91,0.762
-0.082,-0.895,0.789
-0.102,-0.875,0.813
-0.109,-0.871,0.84
-0.117,-0.902,0.871
-0.133,-0.953,0.891
-0.164,-0.949,0.891
-0.191,-0.898,0.887
-0.199,-0.832,0.867
-0.195,-0.781,0.848
-0.172,-0.754,0.84
-0.137,-0.742,0.824
-0.113,-0.746,0.805
-0.102,-0.758,0.785
-0.102,-0.762,0.766
-0.109,-0.742,0.73
-0.113,-0.715,0.703
-0.105,-0.68,0.68
-0.102,-0.66,0.668
-0.098,-0.672,0.66
-0.094,-0.688,0.645
-0.082,-0.684,0.637
-0.07,-0.656,0.625
-0.055,-0.617,0.621
-0.063,-0.586,0.609
-0.078,-0.582,0.609
-0.102,-0.598,0.609
-0.117,-0.617,0.605
-0.121,-0.633,0.609
-0.125,-0.637,0.605
-0.133,-0.641,0.605
-0.137,-0.645,0.602
-0.133,-0.645,0.605
-0.125,-0.652,0.602
-0.129,-0.672,0.602
-0.141,-0.699,0.598
-0.141,-0.719,0.602
-0.148,-0.727,0.598
-0.152,-0.723,0.605
-0.152,-0.719,0.621
-0.156,-0.715,0.629
-0.16,-0.719,0.641
-0.164,-0.707,0.648
-0.16,-0.691,0.672
-0.172,-0.691,0.684
-0.184,-0.703,0.691
-0.188,-0.715,0.707
-0.195,-0.723,0.719
-0.203,-0.723,0.746
-0.211,-0.738,0.758
-0.215,-0.766,0.766
-0.219,-0.797,0.766
-0.223,-0.813,0.758
-0.223,-0.809,0.738
-0.223,-0.785,0.727
-0.223,-0.77,0.707
-0.238,-0.781,0.688
-0.262,-0.836,0.688
-0.27,-0.895,0.68
-0.242,-0.922,0.672
-0.191,-0.883,0.668
-0.152,-0.813,0.664
-0.137,-0.77,0.668
-0.129,-0.793,0.691
-0.129,-0.875,0.734
-0.113,-0.953,0.762
-0.066,-0.945,0.781
-0.008,-0.859,0.793
0.051,-0.77,0.816
0.082,-0.738,0.82
0.074,-0.785,0.805
0.035,-0.832,0.797
0.012,-0.848,0.781
0,-0.828,0.77
0,-0.793,0.758
0.012,-0.754,0.746
0.012,-0.734,0.727
-0.008,-0.723,0.703
-0.016,-0.727,0.688
-0.031,-0.711,0.664
-0.047,-0.695,0.645
-0.059,-0.668,0.621
-0.066,-0.637,0.605
-0.07,-0.617,0.594
-0.063,-0.605,0.582
-0.047,-0.609,0.582
-0.035,-0.625,0.59
-0.031,-0.652,0.598
-0.031,-0.672,0.605
-0.031,-0.68,0.617
-0.027,-0.672,0.629
-0.027,-0.656,0.629
-0.031,-0.641,0.637
-0.047,-0.629,0.641
-0.055,-0.637,0.641
-0.063,-0.656,0.637
-0.066,-0.684,0.633
-0.07,-0.703,0.629
-0.07,-0.719,0.629
-0.066,-0.719,0.629
-0.063,-0.707,0.625
-0.051,-0.699,0.629
-0.039,-0.707,0.629
-0.027,-0.719,0.637
-0.012,-0.723,0.645
0.004,-0.727,0.652
0.02,-0.727,0.66
0.023,-0.73,0.676
0.023,-0.738,0.695
0.023,-0.754,0.707
0.016,-0.762,0.719
0.008,-0.758,0.73
0,-0.758,0.727
-0.012,-0.742,0.719
-0.012,-0.715,0.711
-0.008,-0.711,0.723
-0.004,-0.742,0.742
-0.004,-0.805,0.754
-0.02,-0.855,0.742
-0.031,-0.836,0.738
-0.043,-0.797,0.746
-0.047,-0.809,0.766
-0.059,-0.883,0.809
-0.094,-1.012,0.852
-0.152,-1.117,0.875
-0.215,-1.105,0.879
-0.242,-0.977,0.871
-0.246,-0.813,0.859
-0.207,-0.711,0.859
-0.164,-0.703,0.848
-0.129,-0.758,0.832
-0.102,-0.801,0.805
-0.086,-0.797,0.77
-0.074,-0.766,0.73
-0.07,-0.727,0.699
-0.07,-0.703,0.668
-0.07,-0.695,0.641
-0.074,-0.699,0.617
-0.074,-0.715,0.586
-0.066,-0.699,0.563
-0.063,-0.676,0.535
-0.063,-0.656,0.504
-0.066,-0.645,0.484
-0.078,-0.664,0.477
-0.098,-0.711,0.48
-0.113,-0.758,0.492
-0.121,-0.777,0.508
-0.125,-0.766,0.535
-0.125,-0.734,0.559
-0.125,-0.699,0.582
-0.133,-0.684,0.609
-0.133,-0.676,0.621
-0.137,-0.672,0.641
-0.145,-0.668,0.648
-0.152,-0.664,0.66
-0.152,-0.66,0.66
-0.152,-0.645,0.656
-0.156,-0.648,0.664
-0.168,-0.664,0.668
-0.176,-0.684,0.664
-0.184,-0.691,0.664
-0.188,-0.699,0.664
-0.188,-0.699,0.664
-0.195,-0.711,0.668
-0.207,-0.727,0.68
-0.219,-0.734,0.691
-0.227,-0.746,0.707
-0.23,-0.758,0.715
-0.223,-0.773,0.715
-0.203,-0.785,0.715
-0.191,-0.789,0.715
-0.184,-0.781,0.719
-0.168,-0.781,0.727
-0.168,-0.816,0.738
-0.164,-0.867,0.727
-0.141,-0.895,0.711
-0.113,-0.871,0.707
-0.102,-0.867,0.734
-0.098,-0.941,0.766
-0.09,-1.043,0.777
-0.066,-1.07,0.781
-0.035,-0.984,0.773
-0.008,-0.855,0.781
-0.004,-0.754,0.793
-0.016,-0.73,0.793
-0.035,-0.773,0.789
-0.066,-0.809,0.766
-0.086,-0.801,0.746
-0.09,-0.762,0.727
-0.082,-0.723,0.715
-0.066,-0.703,0.703
-0.047,-0.688,0.691
-0.039,-0.688,0.684
-0.035,-0.695,0.676
-0.035,-0.695,0.676
-0.031,-0.695,0.68
-0.031,-0.691,0.684
-0.031,-0.688,0.68
-0.035,-0.672,0.672
-0.047,-0.645,0.664
-0.055,-0.621,0.664
-0.055,-0.613,0.668
-0.047,-0.609,0.668
-0.047,-0.617,0.664
-0.051,-0.625,0.664
-0.051,-0.637,0.668
-0.059,-0.648,0.668
-0.066,-0.648,0.656
-0.07,-0.652,0.648
-0.078,-0.652,0.637
-0.074,-0.652,0.633
-0.078,-0.656,0.629
-0.082,-0.664,0.621
-0.082,-0.668,0.613
-0.078,-0.656,0.609
-0.074,-0.648,0.602
-0.066,-0.652,0.602
-0.063,-0.668,0.602
-0.059,-0.703,0.602
-0.051,-0.727,0.609
-0.043,-0.75,0.621
-0.039,-0.754,0.637
-0.027,-0.742,0.656
-0.012,-0.738,0.68
0,-0.746,0.703
0,-0.77,0.723
-0.012,-0.789,0.738
-0.035,-0.805,0.75
-0.035,-0.793,0.762
-0.035,-0.77,0.762
-0.027,-0.738,0.758
-0.02,-0.711,0.742
0.004,-0.691,0.73
0.027,-0.699,0.727
0.043,-0.746,0.727
0.031,-0.809,0.738
0,-0.859,0.742
-0.039,-0.848,0.746
-0.059,-0.816,0.758
-0.07,-0.836,0.793
-0.098,-0.922,0.84
-0.172,-1.035,0.863
-0.25,-1.043,0.863
-0.309,-0.938,0.859
-0.332,-0.793,0.852
-0.305,-0.688,0.832
-0.238,-0.66,0.828
-0.172,-0.703,0.824
-0.125,-0.77,0.813
-0.102,-0.82,0.785
-0.09,-0.813,0.754
-0.094,-0.77,0.719
-0.102,-0.719,0.688
-0.109,-0.691,0.668
-0.109,-0.699,0.652
-0.102,-0.719,0.641
-0.09,-0.727,0.625
-0.07,-0.703,0.609
-0.063,-0.656,0.605
-0.066,-0.625,0.598
-0.082,-0.613,0.594
-0.098,-0.621,0.59
-0.125,-0.645,0.598
-0.145,-0.66,0.598
-0.152,-0.672,0.598
-0.156,-0.672,0.598
-0.145,-0.672,0.598
-0.133,-0.668,0.605
-0.129,-0.668,0.617
-0.117,-0.672,0.625
-0.109,-0.672,0.633
-0.102,-0.672,0.633
-0.102,-0.672,0.633
-0.109,-0.672,0.633
-0.121,-0.68,0.633
-0.141,-0.688,0.633
-0.16,-0.707,0.629
-0.184,-0.715,0.629
-0.191,-0.719,0.633
-0.191,-0.719,0.617
-0.191,-0.715,0.613
-0.195,-0.711,0.621
-0.199,-0.715,0.629
-0.211,-0.727,0.641
-0.215,-0.754,0.668
-0.215,-0.789,0.688
-0.211,-0.82,0.695
-0.207,-0.82,0.699
-0.203,-0.805,0.699
-0.203,-0.785,0.699
-0.199,-0.773,0.695
-0.195,-0.785,0.691
-0.195,-0.824,0.695
-0.195,-0.875,0.699
-0.184,-0.906,0.695
-0.168,-0.887,0.691
-0.145,-0.844,0.703
-0.141,-0.832,0.734
-0.141,-0.875,0.777
-0.137,-0.949,0.813
-0.109,-0.961,0.82
-0.07,-0.875,0.816
-0.035,-0.77,0.813
-0.031,-0.719,0.809
-0.055,-0.754,0.797
-0.094,-0.836,0.781
-0.121,-0.867,0.762
-0.137,-0.844,0.734
-0.133,-0.809,0.719
-0.117,-0.785,0.707
-0.105,-0.777,0.695
-0.094,-0.773,0.68
-0.082,-0.77,0.668
-0.074,-0.762,0.645
-0.066,-0.754,0.629
-0.066,-0.762,0.625
-0.07,-0.766,0.625
-0.086,-0.754,0.613
-0.09,-0.73,0.602
-0.094,-0.699,0.598
-0.09,-0.684,0.594
-0.078,-0.688,0.598
-0.066,-0.684,0.602
-0.063,-0.691,0.609
-0.063,-0.695,0.613
-0.066,-0.691,0.621
-0.066,-0.691,0.621
-0.082,-0.688,0.625
-0.074,-0.688,0.637
-0.078,-0.699,0.633
-0.082,-0.711,0.641
-0.086,-0.711,0.637
-0.082,-0.707,0.633
-0.082,-0.695,0.633
-0.078,-0.68,0.633
-0.074,-0.672,0.637
-0.07,-0.676,0.645
-0.063,-0.688,0.652
-0.055,-0.699,0.656
-0.047,-0.707,0.648
-0.039,-0.695,0.652
-0.031,-0.684,0.648
-0.027,-0.676,0.648
-0.023,-0.676,0.656
-0.023,-0.691,0.668
-0.027,-0.715,0.676
-0.043,-0.734,0.68
-0.059,-0.742,0.676
-0.07,-0.73,0.668
-0.086,-0.734,0.672
-0.094,-0.742,0.676
-0.105,-0.766,0.688
-0.105,-0.805,0.715
-0.113,-0.871,0.742
-0.133,-0.91,0.754
-0.156,-0.898,0.77
-0.172,-0.879,0.785
-0.18,-0.898,0.813
-0.191,-0.945,0.832
-0.215,-0.961,0.816
-0.23,-0.918,0.789
-0.23,-0.852,0.766
-0.227,-0.809,0.746
-0.219,-0.797,0.734
-0.203,-0.813,0.707
-0.184,-0.82,0.691
-0.176,-0.797,0.68
-0.168,-0.762,0.668
-0.176,-0.746,0.664
-0.191,-0.734,0.66
-0.203,-0.727,0.664
-0.215,-0.727,0.668
-0.223,-0.734,0.68
-0.219,-0.723,0.672
-0.211,-0.699,0.668
-0.199,-0.664,0.652
-0.191,-0.641,0.645
-0.195,-0.637,0.645
-0.199,-0.652,0.645
-0.211,-0.66,0.637
-0.227,-0.668,0.633
-0.242,-0.668,0.625
-0.258,-0.672,0.617
-0.27,-0.688,0.609
-0.277,-0.699,0.605
-0.277,-0.699,0.602
-0.27,-0.695,0.598
-0.262,-0.691,0.598
-0.254,-0.691,0.598
-0.25,-0.699,0.598
-0.25,-0.703,0.598
-0.254,-0.707,0.598
-0.262,-0.707,0.598
-0.27,-0.723,0.602
-0.277,-0.73,0.605
-0.277,-0.738,0.605
-0.277,-0.734,0.598
-0.262,-0.723,0.59
-0.258,-0.711,0.586
-0.254,-0.707,0.574
-0.25,-0.703,0.566
-0.238,-0.699,0.566
-0.234,-0.715,0.566
-0.23,-0.734,0.582
-0.223,-0.754,0.59
-0.219,-0.773,0.594
-0.207,-0.785,0.613
-0.199,-0.793,0.625
-0.195,-0.805,0.629
-0.207,-0.809,0.629
-0.219,-0.82,0.625
-0.23,-0.82,0.617
-0.238,-0.824,0.605
-0.246,-0.836,0.594
-0.25,-0.844,0.578
-0.25,-0.855,0.57
-0.25,-0.863,0.563
-0.242,-0.855,0.555
-0.242,-0.844,0.555
-0.246,-0.863,0.57
-0.25,-0.898,0.578
-0.238,-0.895,0.586
-0.219,-0.859,0.598
-0.199,-0.855,0.633
-0.203,-0.906,0.684
-0.18,-0.973,0.758
-0.141,-1.016,0.805
-0.09,-0.977,0.82
-0.016,-0.875,0.816
0.023,-0.762,0.793
-0.008,-0.703,0.758
-0.066,-0.699,0.738
-0.121,-0.746,0.734
-0.16,-0.805,0.738
-0.176,-0.832,0.742
-0.172,-0.824,0.734
-0.16,-0.797,0.719
-0.156,-0.781,0.703
-0.16,-0.785,0.691
-0.172,-0.797,0.676
-0.168,-0.797,0.66
-0.172,-0.785,0.641
-0.164,-0.773,0.617
-0.164,-0.77,0.605
-0.168,-0.781,0.598
-0.176,-0.797,0.594
-0.184,-0.801,0.59
-0.188,-0.793,0.578
-0.188,-0.785,0.578
-0.176,-0.785,0.578
-0.168,-0.785,0.57
-0.16,-0.785,0.578
-0.16,-0.785,0.582
-0.172,-0.781,0.582
-0.184,-0.785,0.59
-0.188,-0.793,0.594
-0.18,-0.789,0.59
-0.18,-0.793,0.594
-0.172,-0.801,0.594
-0.168,-0.809,0.602
-0.164,-0.82,0.605
-0.152,-0.816,0.602
-0.145,-0.813,0.598
-0.148,-0.801,0.598
-0.141,-0.781,0.598
-0.141,-0.766,0.594
-0.141,-0.758,0.586
-0.141,-0.758,0.582
-0.137,-0.762,0.578
-0.133,-0.758,0.578
-0.129,-0.746,0.57
-0.129,-0.738,0.574
-0.133,-0.738,0.586
-0.145,-0.734,0.594
-0.148,-0.723,0.602
-0.145,-0.711,0.613
-0.141,-0.703,0.629
-0.156,-0.699,0.641
-0.141,-0.699,0.656
-0.133,-0.703,0.66
-0.129,-0.715,0.66
-0.113,-0.719,0.66
-0.102,-0.723,0.656
-0.082,-0.719,0.641
-0.059,-0.703,0.633
-0.039,-0.699,0.629
-0.016,-0.719,0.629
0,-0.738,0.645
0.016,-0.762,0.656
0.023,-0.801,0.668
0.008,-0.836,0.684
-0.031,-0.867,0.715
-0.078,-0.949,0.793
-0.133,-1.082,0.875
-0.215,-1.117,0.859
-0.289,-1.012,0.816
-0.313,-0.875,0.813
-0.324,-0.797,0.801
-0.316,-0.785,0.793
-0.293,-0.781,0.773
-0.266,-0.762,0.742
-0.238,-0.727,0.707
-0.227,-0.695,0.684
-0.234,-0.688,0.668
-0.254,-0.691,0.664
-0.281,-0.695,0.664
-0.297,-0.699,0.664
-0.301,-0.695,0.664
-0.309,-0.684,0.664
-0.301,-0.664,0.668
-0.297,-0.652,0.68
-0.293,-0.652,0.691
-0.285,-0.648,0.691
-0.273,-0.641,0.691
-0.262,-0.629,0.691
-0.254,-0.633,0.695
-0.25,-0.648,0.691
-0.258,-0.664,0.676
-0.266,-0.68,0.664
-0.281,-0.691,0.652
-0.281,-0.695,0.648
-0.293,-0.699,0.641
-0.297,-0.699,0.637
-0.301,-0.699,0.633
-0.301,-0.699,0.633
-0.309,-0.699,0.641
-0.309,-0.711,0.648
-0.32,-0.723,0.66
-0.316,-0.734,0.664
-0.316,-0.734,0.66
-0.316,-0.734,0.652
-0.328,-0.734,0.641
-0.336,-0.73,0.633
-0.34,-0.734,0.629
-0.332,-0.738,0.629
-0.328,-0.734,0.629
-0.328,-0.734,0.625
-0.324,-0.73,0.625
-0.313,-0.723,0.617
-0.309,-0.719,0.605
-0.301,-0.727,0.605
-0.289,-0.734,0.602
-0.297,-0.754,0.605
-0.305,-0.762,0.613
-0.313,-0.766,0.625
-0.316,-0.77,0.633
-0.332,-0.766,0.645
-0.344,-0.754,0.652
-0.352,-0.742,0.668
-0.359,-0.738,0.676
-0.371,-0.734,0.684
-0.379,-0.734,0.691
-0.387,-0.73,0.684
-0.387,-0.715,0.676
-0.379,-0.699,0.672
-0.375,-0.688,0.668
-0.367,-0.68,0.66
-0.359,-0.672,0.648
-0.355,-0.668,0.637
-0.359,-0.668,0.621
-0.359,-0.68,0.609
-0.355,-0.703,0.605
-0.348,-0.723,0.613
-0.328,-0.762,0.648
-0.297,-0.852,0.699
-0.246,-0.941,0.742
-0.18,-0.965,0.754
-0.129,-0.875,0.734
-0.109,-0.73,0.723
-0.117,-0.629,0.727
-0.137,-0.605,0.746
-0.148,-0.664,0.77
-0.152,-0.73,0.789
-0.145,-0.781,0.801
-0.129,-0.781,0.813
-0.117,-0.773,0.824
-0.113,-0.758,0.824
-0.121,-0.742,0.813
-0.117,-0.742,0.805
-0.113,-0.738,0.781
-0.117,-0.738,0.75
-0.125,-0.742,0.73
-0.137,-0.746,0.715
-0.148,-0.738,0.695
-0.152,-0.73,0.676
-0.156,-0.707,0.648
-0.152,-0.691,0.637
-0.145,-0.691,0.629
-0.129,-0.695,0.625
-0.125,-0.715,0.629
-0.129,-0.73,0.629
-0.133,-0.734,0.637
-0.141,-0.727,0.652
-0.152,-0.719,0.66
-0.164,-0.707,0.668
-0.168,-0.691,0.68
-0.164,-0.691,0.688
-0.16,-0.695,0.695
-0.156,-0.707,0.695
-0.164,-0.727,0.695
-0.18,-0.734,0.699
-0.191,-0.734,0.691
-0.195,-0.727,0.684
-0.195,-0.719,0.684
-0.188,-0.711,0.676
-0.172,-0.699,0.676
-0.152,-0.695,0.676
-0.129,-0.684,0.672
-0.109,-0.684,0.668
-0.094,-0.691,0.668
-0.086,-0.695,0.668
-0.09,-0.711,0.664
-0.09,-0.707,0.668
-0.09,-0.695,0.672
-0.078,-0.676,0.684
-0.07,-0.66,0.699
-0.063,-0.66,0.715
-0.051,-0.66,0.742
-0.047,-0.668,0.754
-0.031,-0.676,0.754
-0.016,-0.672,0.762
0,-0.652,0.773
0.023,-0.629,0.781
0.051,-0.633,0.789
0.063,-0.676,0.801
0.055,-0.738,0.813
0.027,-0.801,0.816
-0.012,-0.816,0.816
-0.035,-0.797,0.824
-0.063,-0.797,0.832
-0.086,-0.832,0.832
-0.117,-0.879,0.832
-0.148,-0.898,0.828
-0.18,-0.867,0.813
-0.203,-0.805,0.789
-0.211,-0.727,0.762
-0.199,-0.672,0.742
-0.188,-0.664,0.723
-0.184,-0.684,0.707
-0.168,-0.699,0.691
-0.168,-0.707,0.684
-0.176,-0.707,0.68
-0.188,-0.711,0.684
-0.203,-0.707,0.688
-0.223,-0.695,0.691
-0.238,-0.68,0.695
-0.246,-0.668,0.703
-0.25,-0.672,0.711
-0.254,-0.695,0.719
-0.254,-0.707,0.711
-0.246,-0.699,0.699
-0.234,-0.684,0.688
-0.223,-0.652,0.676
-0.219,-0.652,0.664
-0.219,-0.656,0.641
-0.219,-0.672,0.625
-0.227,-0.688,0.617
-0.223,-0.703,0.605
-0.223,-0.719,0.598
-0.223,-0.727,0.582
-0.219,-0.727,0.574
-0.207,-0.723,0.574
-0.203,-0.715,0.574
-0.207,-0.711,0.57
-0.207,-0.707,0.57
-0.203,-0.703,0.57
-0.199,-0.703,0.574
-0.191,-0.703,0.582
-0.195,-0.719,0.582
-0.203,-0.738,0.578
-0.211,-0.758,0.574
-0.219,-0.758,0.57
-0.215,-0.75,0.566
-0.207,-0.742,0.566
-0.199,-0.738,0.566
-0.195,-0.75,0.574
-0.207,-0.762,0.59
-0.215,-0.77,0.59
-0.219,-0.766,0.609
-0.219,-0.754,0.621
-0.219,-0.754,0.637
-0.219,-0.77,0.66
-0.211,-0.789,0.68
-0.203,-0.809,0.703
-0.203,-0.816,0.719
-0.203,-0.805,0.742
-0.215,-0.793,0.762
-0.219,-0.805,0.777
-0.23,-0.84,0.789
-0.238,-0.879,0.793
-0.227,-0.91,0.805
-0.203,-0.926,0.801
-0.18,-0.906,0.797
-0.164,-0.859,0.797
-0.16,-0.816,0.785
-0.156,-0.797,0.785
-0.156,-0.805,0.793
-0.141,-0.828,0.801
-0.121,-0.836,0.809
-0.094,-0.813,0.82
-0.07,-0.766,0.813
-0.059,-0.719,0.809
-0.07,-0.699,0.805
-0.094,-0.715,0.805
-0.117,-0.742,0.801
-0.125,-0.746,0.797
-0.125,-0.727,0.801
-0.125,-0.707,0.801
-0.125,-0.688,0.797
-0.125,-0.672,0.793
-0.125,-0.66,0.785
-0.113,-0.645,0.773
-0.102,-0.629,0.766
-0.098,-0.621,0.75
-0.098,-0.629,0.727
-0.098,-0.625,0.707
-0.098,-0.621,0.695
-0.098,-0.613,0.68
-0.098,-0.605,0.664
-0.094,-0.605,0.652
-0.086,-0.602,0.645
-0.074,-0.609,0.641
-0.066,-0.621,0.652
-0.059,-0.629,0.66
-0.051,-0.641,0.672
-0.047,-0.645,0.676
-0.039,-0.645,0.684
-0.043,-0.648,0.684
-0.031,-0.652,0.688
-0.035,-0.672,0.676
-0.035,-0.691,0.672
-0.043,-0.703,0.676
-0.039,-0.707,0.672
-0.043,-0.699,0.672
-0.039,-0.68,0.68
-0.031,-0.664,0.691
-0.023,-0.656,0.703
-0.008,-0.648,0.711
0.012,-0.641,0.707
0.02,-0.633,0.703
0.031,-0.613,0.707
0.035,-0.598,0.703
0.035,-0.605,0.695
0.031,-0.625,0.684
0.02,-0.656,0.672
0.008,-0.668,0.664
-0.008,-0.676,0.648
-0.023,-0.68,0.629
-0.027,-0.695,0.629
-0.031,-0.73,0.648
-0.031,-0.801,0.68
-0.047,-0.879,0.711
-0.066,-0.914,0.734
-0.09,-0.91,0.773
-0.117,-0.934,0.82
-0.16,-0.984,0.863
-0.211,-1.016,0.879
-0.238,-0.957,0.883
-0.223,-0.848,0.879
-0.18,-0.762,0.871
-0.129,-0.742,0.871
-0.086,-0.777,0.859
-0.063,-0.82,0.836
-0.055,-0.832,0.801
-0.059,-0.805,0.773
-0.078,-0.758,0.734
-0.082,-0.719,0.707
-0.09,-0.723,0.684
-0.086,-0.75,0.656
-0.078,-0.766,0.633
-0.07,-0.746,0.613
-0.066,-0.711,0.594
-0.066,-0.668,0.574
-0.074,-0.637,0.559
-0.09,-0.629,0.551
-0.105,-0.637,0.551
-0.105,-0.656,0.555
-0.117,-0.668,0.555
-0.109,-0.688,0.566
-0.109,-0.695,0.57
-0.109,-0.688,0.57
-0.117,-0.676,0.566
-0.121,-0.672,0.566
-0.121,-0.676,0.57
-0.117,-0.684,0.566
-0.121,-0.703,0.566
-0.129,-0.719,0.57
-0.133,-0.727,0.578
-0.145,-0.73,0.59
-0.152,-0.727,0.602
-0.152,-0.715,0.613
-0.156,-0.715,0.629
-0.156,-0.719,0.641
-0.156,-0.738,0.652
-0.156,-0.758,0.664
-0.172,-0.773,0.672
-0.188,-0.793,0.691
-0.195,-0.816,0.711
-0.203,-0.84,0.727
-0.203,-0.859,0.727
-0.195,-0.863,0.727
-0.191,-0.844,0.719
-0.191,-0.836,0.715
-0.188,-0.836,0.703
-0.191,-0.867,0.703
-0.191,-0.914,0.711
-0.184,-0.961,0.703
-0.164,-0.957,0.707
-0.133,-0.906,0.73
-0.109,-0.875,0.77
-0.09,-0.91,0.809
-0.066,-0.969,0.84
-0.027,-0.961,0.844
0.012,-0.863,0.84
0.031,-0.766,0.84
0.02,-0.727,0.84
-0.02,-0.742,0.84
-0.055,-0.777,0.832
-0.074,-0.773,0.82
-0.074,-0.742,0.805
-0.066,-0.703,0.789
-0.059,-0.672,0.773
-0.063,-0.652,0.758
-0.066,-0.648,0.742
-0.066,-0.645,0.73
-0.063,-0.648,0.727
-0.055,-0.637,0.719
-0.063,-0.617,0.707
-0.055,-0.602,0.703
-0.055,-0.59,0.688
-0.043,-0.578,0.68
-0.035,-0.566,0.676
-0.031,-0.551,0.672
-0.02,-0.547,0.672
-0.02,-0.559,0.668
-0.027,-0.574,0.664
-0.031,-0.59,0.66
-0.047,-0.598,0.656
-0.059,-0.602,0.645
-0.063,-0.602,0.637
-0.07,-0.617,0.633
-0.066,-0.641,0.637
-0.066,-0.656,0.637
-0.059,-0.672,0.633
-0.051,-0.684,0.637
-0.039,-0.688,0.633
-0.031,-0.684,0.633
-0.02,-0.668,0.641
-0.004,-0.652,0.641
0.008,-0.641,0.648
0.027,-0.648,0.652
0.043,-0.656,0.668
0.055,-0.664,0.68
0.063,-0.668,0.695
0.063,-0.676,0.703
0.055,-0.691,0.715
0.039,-0.707,0.723
0.023,-0.715,0.723
0.008,-0.707,0.715
0,-0.688,0.695
-0.004,-0.664,0.676
0.004,-0.664,0.684
0.016,-0.715,0.73
0.016,-0.816,0.766
-0.02,-0.906,0.77
-0.063,-0.926,0.773
-0.109,-0.898,0.801
-0.141,-0.918,0.848
-0.188,-1.023,0.887
-0.258,-1.121,0.906
-0.316,-1.113,0.906
-0.328,-0.988,0.898
-0.289,-0.824,0.891
-0.223,-0.715,0.883
-0.168,-0.699,0.883
-0.133,-0.754,0.867
-0.113,-0.813,0.836
-0.113,-0.824,0.797
-0.105,-0.777,0.758
-0.109,-0.723,0.707
-0.109,-0.691,0.676
-0.113,-0.695,0.641
-0.102,-0.719,0.609
-0.082,-0.727,0.578
-0.055,-0.719,0.559
-0.035,-0.691,0.543
-0.035,-0.664,0.531
-0.047,-0.648,0.523
-0.07,-0.648,0.523
-0.094,-0.652,0.52
-0.109,-0.66,0.52
-0.125,-0.668,0.527
-0.125,-0.676,0.539
-0.125,-0.672,0.555
-0.117,-0.66,0.57
-0.109,-0.652,0.578
-0.109,-0.645,0.594
-0.109,-0.641,0.605
-0.113,-0.637,0.605
-0.109,-0.637,0.605
-0.117,-0.629,0.609
-0.125,-0.633,0.613
-0.133,-0.633,0.621
-0.145,-0.656,0.625
-0.152,-0.68,0.629
-0.16,-0.703,0.629
-0.176,-0.723,0.625
-0.184,-0.742,0.625
-0.199,-0.754,0.629
-0.219,-0.785,0.645
-0.23,-0.84,0.668
-0.234,-0.91,0.695
-0.227,-0.957,0.711
-0.211,-0.957,0.719
-0.191,-0.914,0.723
-0.18,-0.863,0.723
-0.18,-0.824,0.719
-0.188,-0.824,0.711
-0.199,-0.855,0.707
-0.199,-0.879,0.699
-0.18,-0.887,0.691
-0.145,-0.863,0.688
-0.117,-0.855,0.715
-0.098,-0.926,0.762
-0.059,-1.035,0.785
0.008,-1.066,0.801
0.082,-0.992,0.809
0.117,-0.898,0.832
0.102,-0.863,0.844
0.047,-0.879,0.848
-0.004,-0.895,0.852
-0.039,-0.891,0.844
-0.055,-0.859,0.836
-0.055,-0.813,0.82
-0.051,-0.762,0.797
-0.051,-0.719,0.77
-0.066,-0.691,0.738
-0.078,-0.676,0.707
-0.09,-0.652,0.676
-0.098,-0.625,0.641
-0.102,-0.598,0.613
-0.102,-0.578,0.586
-0.086,-0.57,0.551
-0.066,-0.574,0.539
-0.043,-0.59,0.535
-0.02,-0.613,0.539
-0.008,-0.637,0.547
0.004,-0.66,0.559
0.008,-0.672,0.566
0.008,-0.668,0.57
0,-0.668,0.574
-0.004,-0.664,0.586
0,-0.676,0.602
-0.008,-0.688,0.617
-0.012,-0.695,0.633
-0.008,-0.691,0.645
-0.008,-0.68,0.656
-0.012,-0.656,0.656
-0.008,-0.645,0.652
-0.004,-0.637,0.656
0.004,-0.656,0.656
0.016,-0.684,0.656
0.035,-0.695,0.652
0.047,-0.707,0.652
0.055,-0.715,0.66
0.055,-0.727,0.668
0.051,-0.742,0.676
0.043,-0.766,0.684
0.023,-0.785,0.691
-0.004,-0.797,0.691
-0.035,-0.785,0.684
-0.055,-0.75,0.676
-0.063,-0.707,0.66
-0.047,-0.68,0.66
-0.02,-0.684,0.676
0,-0.738,0.703
-0.004,-0.809,0.707
-0.031,-0.82,0.695
-0.043,-0.785,0.703
-0.055,-0.805,0.723
-0.07,-0.918,0.777
-0.113,-1.086,0.824
-0.18,-1.215,0.844
-0.238,-1.191,0.848
-0.254,-1.031,0.852
-0.223,-0.824,0.855
-0.168,-0.68,0.852
-0.109,-0.656,0.855
-0.063,-0.734,0.859
-0.035,-0.824,0.84
-0.023,-0.859,0.805
-0.02,-0.813,0.766
-0.027,-0.738,0.73
-0.039,-0.691,0.703
-0.043,-0.695,0.68
-0.047,-0.734,0.645
-0.039,-0.75,0.613
-0.031,-0.738,0.586
-0.031,-0.699,0.555
-0.043,-0.656,0.531
-0.063,-0.633,0.516
-0.078,-0.633,0.508
-0.094,-0.648,0.508
-0.109,-0.664,0.508
-0.125,-0.68,0.512
-0.133,-0.688,0.516
-0.137,-0.695,0.52
-0.141,-0.699,0.52
-0.148,-0.715,0.527
-0.141,-0.723,0.535
-0.133,-0.727,0.551
-0.137,-0.727,0.578
-0.137,-0.719,0.598
-0.129,-0.691,0.625
-0.133,-0.668,0.641
-0.141,-0.645,0.648
-0.152,-0.645,0.656
-0.172,-0.656,0.664
-0.184,-0.676,0.668
-0.191,-0.703,0.672
-0.195,-0.723,0.668
-0.199,-0.746,0.672
-0.211,-0.773,0.68
-0.219,-0.797,0.684
-0.219,-0.816,0.691
-0.223,-0.824,0.68
-0.23,-0.82,0.672
-0.25,-0.809,0.668
-0.246,-0.801,0.664
-0.246,-0.805,0.668
-0.242,-0.82,0.676
-0.234,-0.859,0.691
-0.207,-0.906,0.711
-0.172,-0.922,0.762
-0.141,-0.941,0.832
-0.105,-0.992,0.875
-0.051,-1.008,0.895
-0.008,-0.926,0.898
0.016,-0.816,0.898
0.008,-0.754,0.895
-0.031,-0.781,0.887
-0.082,-0.852,0.875
-0.117,-0.891,0.863
-0.133,-0.887,0.848
-0.129,-0.848,0.832
-0.125,-0.805,0.813
-0.105,-0.77,0.793
-0.105,-0.734,0.762
-0.102,-0.715,0.734
-0.109,-0.703,0.711
-0.117,-0.691,0.688
-0.121,-0.684,0.664
-0.125,-0.672,0.637
-0.121,-0.652,0.609
-0.105,-0.617,0.59
-0.082,-0.594,0.566
-0.066,-0.59,0.563
-0.059,-0.598,0.563
-0.047,-0.617,0.563
-0.039,-0.629,0.555
-0.047,-0.633,0.547
-0.059,-0.641,0.551
-0.07,-0.641,0.547
-0.078,-0.652,0.547
-0.082,-0.664,0.555
-0.082,-0.676,0.563
-0.078,-0.684,0.566
-0.078,-0.688,0.574
-0.07,-0.68,0.586
-0.066,-0.676,0.598
-0.063,-0.672,0.609
-0.055,-0.676,0.629
-0.035,-0.672,0.645
-0.016,-0.676,0.652
0.004,-0.68,0.668
0.02,-0.68,0.688
0.023,-0.684,0.707
0.012,-0.684,0.719
0.004,-0.707,0.734
0.004,-0.73,0.746
-0.012,-0.766,0.754
-0.02,-0.801,0.754
-0.02,-0.809,0.754
-0.016,-0.793,0.742
0,-0.766,0.73
0.027,-0.742,0.723
0.055,-0.75,0.73
0.063,-0.809,0.754
0.035,-0.887,0.773
0,-0.926,0.77
-0.027,-0.879,0.766
-0.047,-0.832,0.77
-0.055,-0.844,0.781
-0.078,-0.902,0.813
-0.121,-0.977,0.844
-0.188,-1.016,0.855
-0.242,-0.969,0.859
-0.262,-0.863,0.855
-0.242,-0.746,0.852
-0.191,-0.672,0.852
-0.141,-0.676,0.852
-0.113,-0.742,0.84
-0.098,-0.797,0.809
-0.082,-0.793,0.781
-0.074,-0.742,0.742
-0.07,-0.691,0.707
-0.07,-0.672,0.676
-0.074,-0.691,0.652
-0.078,-0.711,0.633
-0.074,-0.703,0.609
-0.066,-0.672,0.594
-0.066,-0.633,0.578
-0.074,-0.602,0.57
-0.086,-0.59,0.566
-0.102,-0.598,0.566
-0.117,-0.617,0.566
-0.133,-0.645,0.57
-0.137,-0.66,0.57
-0.141,-0.664,0.57
-0.129,-0.652,0.57
-0.121,-0.648,0.578
-0.113,-0.66,0.59
-0.109,-0.676,0.59
-0.113,-0.684,0.594
-0.121,-0.68,0.598
-0.125,-0.668,0.598
-0.133,-0.652,0.602
-0.148,-0.645,0.609
-0.152,-0.656,0.621
-0.152,-0.672,0.629
-0.156,-0.699,0.645
-0.156,-0.727,0.652
-0.156,-0.734,0.656
-0.16,-0.73,0.672
-0.172,-0.723,0.699
-0.184,-0.723,0.727
-0.199,-0.746,0.758
-0.207,-0.793,0.777
-0.215,-0.836,0.793
-0.219,-0.855,0.801
-0.219,-0.844,0.789
-0.223,-0.809,0.766
-0.227,-0.77,0.738
-0.227,-0.754,0.703
-0.242,-0.758,0.668
-0.242,-0.777,0.645
-0.234,-0.813,0.629
-0.211,-0.828,0.609
-0.176,-0.813,0.598
-0.145,-0.805,0.613
-0.109,-0.844,0.664
-0.086,-0.953,0.719
-0.039,-1.063,0.766
0.039,-1.074,0.809
0.105,-0.996,0.852
0.129,-0.891,0.895
0.094,-0.809,0.918
0.012,-0.766,0.926
-0.07,-0.758,0.93
-0.129,-0.758,0.926
-0.156,-0.754,0.914
-0.152,-0.742,0.887
-0.141,-0.727,0.852
-0.133,-0.711,0.805
-0.129,-0.703,0.766
-0.129,-0.703,0.715
-0.137,-0.695,0.668
-0.133,-0.68,0.617
-0.121,-0.66,0.582
-0.102,-0.637,0.551
-0.082,-0.613,0.523
-0.059,-0.605,0.508
-0.039,-0.598,0.504
-0.016,-0.609,0.504
-0.008,-0.625,0.508
-0.004,-0.648,0.516
-0.008,-0.66,0.523
-0.035,-0.668,0.531
-0.047,-0.656,0.551
-0.059,-0.656,0.566
-0.066,-0.652,0.586
-0.074,-0.652,0.598
-0.07,-0.66,0.617
-0.066,-0.668,0.641
-0.059,-0.676,0.656
-0.051,-0.668,0.668
-0.031,-0.66,0.68
-0.016,-0.656,0.691
0.008,-0.668,0.699
0.031,-0.688,0.699
0.055,-0.711,0.699
0.074,-0.73,0.691
0.082,-0.746,0.684
0.074,-0.758,0.684
0.051,-0.773,0.68
0.016,-0.785,0.68
-0.012,-0.797,0.668
-0.043,-0.777,0.645
-0.055,-0.742,0.621
-0.043,-0.711,0.613
-0.012,-0.711,0.633
0.016,-0.77,0.668
0.02,-0.867,0.703
-0.004,-0.945,0.715
-0.035,-0.961,0.73
-0.059,-0.953,0.766
-0.094,-1.008,0.828
-0.156,-1.109,0.875
-0.223,-1.156,0.895
-0.242,-1.078,0.895
-0.219,-0.926,0.883
-0.172,-0.781,0.887
-0.125,-0.719,0.891
-0.105,-0.75,0.879
-0.094,-0.813,0.852
-0.086,-0.844,0.813
-0.09,-0.824,0.77
-0.094,-0.766,0.723
-0.098,-0.719,0.684
-0.102,-0.707,0.652
-0.098,-0.715,0.621
-0.094,-0.723,0.594
-0.082,-0.699,0.57
-0.074,-0.668,0.547
-0.07,-0.637,0.539
-0.07,-0.613,0.531
-0.082,-0.605,0.535
-0.102,-0.609,0.531
-0.117,-0.617,0.539
-0.129,-0.629,0.551
-0.137,-0.637,0.574
-0.133,-0.645,0.586
-0.129,-0.652,0.594
-0.125,-0.66,0.609
-0.125,-0.66,0.629
-0.129,-0.664,0.645
-0.129,-0.66,0.656
-0.137,-0.645,0.664
-0.141,-0.629,0.668
-0.141,-0.605,0.672
-0.141,-0.594,0.672
-0.148,-0.598,0.668
-0.152,-0.621,0.66
-0.156,-0.656,0.645
-0.168,-0.695,0.641
-0.176,-0.734,0.633
-0.184,-0.766,0.633
-0.199,-0.813,0.633
-0.223,-0.855,0.645
-0.242,-0.898,0.66
-0.25,-0.914,0.664
-0.246,-0.895,0.668
-0.23,-0.855,0.672
-0.203,-0.809,0.672
-0.188,-0.789,0.684
-0.184,-0.809,0.691
-0.172,-0.848,0.695
-0.141,-0.855,0.684
-0.105,-0.824,0.68
-0.078,-0.789,0.688
-0.059,-0.82,0.73
-0.047,-0.941,0.777
-0.008,-1.082,0.809
0.074,-1.121,0.82
0.145,-1.039,0.828
0.188,-0.938,0.836
0.164,-0.848,0.832
0.102,-0.824,0.832
0.031,-0.84,0.828
-0.027,-0.852,0.816
-0.055,-0.844,0.801
-0.063,-0.809,0.777
-0.055,-0.758,0.754
-0.043,-0.711,0.727
-0.047,-0.684,0.691
-0.055,-0.672,0.664
-0.059,-0.672,0.637
-0.07,-0.664,0.605
-0.063,-0.652,0.598
-0.059,-0.621,0.578
-0.047,-0.602,0.559
-0.035,-0.582,0.559
-0.031,-0.582,0.555
-0.027,-0.602,0.563
-0.031,-0.629,0.574
-0.047,-0.648,0.586
-0.059,-0.645,0.59
-0.063,-0.637,0.59
-0.07,-0.637,0.59
-0.066,-0.641,0.594
-0.07,-0.656,0.602
-0.074,-0.676,0.605
-0.078,-0.691,0.613
-0.074,-0.688,0.617
-0.059,-0.68,0.621
-0.047,-0.672,0.637
-0.027,-0.676,0.648
-0.004,-0.688,0.66
0.012,-0.699,0.664
0.023,-0.719,0.672
0.023,-0.73,0.68
0.027,-0.734,0.688
0.023,-0.742,0.707
0.02,-0.75,0.73
0.016,-0.77,0.746
-0.004,-0.789,0.742
-0.031,-0.801,0.734
-0.059,-0.789,0.715
-0.07,-0.746,0.699
-0.059,-0.719,0.684
-0.035,-0.719,0.691
-0.012,-0.758,0.715
0.004,-0.816,0.738
-0.004,-0.859,0.754
-0.02,-0.852,0.766
-0.035,-0.832,0.797
-0.063,-0.852,0.828
-0.098,-0.926,0.875
-0.148,-1.004,0.91
-0.203,-1.02,0.926
-0.227,-0.941,0.926
-0.207,-0.816,0.914
-0.16,-0.715,0.91
-0.109,-0.684,0.902
-0.074,-0.711,0.891
-0.051,-0.754,0.863
-0.039,-0.773,0.824
-0.055,-0.746,0.777
-0.055,-0.707,0.734
-0.063,-0.676,0.695
-0.066,-0.676,0.672
-0.066,-0.691,0.645
-0.059,-0.707,0.617
-0.051,-0.703,0.598
-0.043,-0.676,0.578
-0.043,-0.641,0.566
-0.059,-0.617,0.555
-0.082,-0.613,0.559
-0.102,-0.625,0.563
-0.121,-0.645,0.566
-0.129,-0.66,0.574
-0.133,-0.664,0.582
-0.129,-0.66,0.59
-0.125,-0.648,0.598
-0.125,-0.645,0.609
-0.125,-0.652,0.621
-0.129,-0.652,0.633
-0.133,-0.652,0.645
-0.129,-0.648,0.648
-0.133,-0.645,0.648
-0.145,-0.641,0.66
-0.152,-0.648,0.66
-0.16,-0.66,0.664
-0.164,-0.664,0.664
-0.172,-0.668,0.668
-0.172,-0.668,0.664
-0.172,-0.676,0.656
-0.18,-0.676,0.652
-0.191,-0.68,0.656
-0.207,-0.695,0.668
-0.223,-0.73,0.684
-0.23,-0.781,0.699
-0.234,-0.828,0.715
-0.242,-0.855,0.719
-0.246,-0.855,0.719
-0.242,-0.824,0.711
-0.238,-0.789,0.707
-0.246,-0.785,0.707
-0.242,-0.832,0.723
-0.215,-0.891,0.73
-0.168,-0.898,0.727
-0.117,-0.836,0.738
-0.082,-0.777,0.738
-0.07,-0.77,0.742
-0.066,-0.828,0.758
-0.055,-0.918,0.777
-0.012,-0.961,0.797
0.031,-0.945,0.816
0.078,-0.914,0.844
0.086,-0.895,0.859
0.059,-0.879,0.871
0.02,-0.855,0.871
-0.012,-0.816,0.867
-0.023,-0.781,0.855
-0.027,-0.754,0.836
-0.035,-0.742,0.813
-0.051,-0.738,0.781
-0.063,-0.734,0.742
-0.074,-0.734,0.699
-0.09,-0.719,0.664
-0.094,-0.707,0.629
-0.102,-0.688,0.598
-0.098,-0.676,0.582
-0.09,-0.664,0.566
-0.074,-0.645,0.559
-0.055,-0.617,0.551
-0.047,-0.602,0.547
-0.043,-0.598,0.551
-0.047,-0.609,0.555
-0.063,-0.625,0.563
-0.074,-0.629,0.574
-0.082,-0.637,0.586
-0.082,-0.645,0.59
-0.074,-0.648,0.602
-0.074,-0.664,0.617
-0.07,-0.684,0.625
-0.074,-0.703,0.633
-0.07,-0.715,0.645
-0.07,-0.707,0.652
-0.063,-0.691,0.66
-0.047,-0.68,0.66
-0.031,-0.691,0.66
-0.004,-0.703,0.668
0.012,-0.715,0.676
0.023,-0.719,0.688
0.027,-0.723,0.691
0.031,-0.734,0.691
0.023,-0.746,0.695
0.016,-0.742,0.699
0.012,-0.738,0.699
0.008,-0.738,0.691
0.004,-0.723,0.684
0.008,-0.703,0.672
0.023,-0.684,0.652
0.043,-0.656,0.641
0.066,-0.641,0.641
0.098,-0.66,0.656
0.09,-0.723,0.684
0.063,-0.824,0.707
0.012,-0.883,0.715
-0.035,-0.879,0.734
-0.074,-0.902,0.777
-0.125,-0.992,0.84
-0.203,-1.117,0.887
-0.266,-1.168,0.898
-0.293,-1.063,0.898
-0.285,-0.875,0.898
-0.246,-0.719,0.91
-0.199,-0.656,0.922
-0.156,-0.703,0.926
-0.133,-0.773,0.902
-0.117,-0.805,0.871
-0.105,-0.77,0.824
-0.102,-0.715,0.77
-0.098,-0.68,0.723
-0.098,-0.684,0.676
-0.09,-0.695,0.625
-0.07,-0.699,0.574
-0.051,-0.695,0.535
-0.039,-0.68,0.5
-0.043,-0.672,0.477
-0.055,-0.664,0.465
-0.078,-0.672,0.469
-0.105,-0.688,0.469
-0.125,-0.707,0.484
-0.141,-0.719,0.496
-0.148,-0.723,0.512
-0.148,-0.711,0.531
-0.145,-0.703,0.555
-0.141,-0.688,0.578
-0.133,-0.68,0.602
-0.129,-0.676,0.617
-0.133,-0.672,0.629
-0.141,-0.668,0.629
-0.16,-0.66,0.633
-0.18,-0.656,0.641
-0.195,-0.66,0.645
-0.203,-0.672,0.656
-0.199,-0.695,0.664
-0.195,-0.715,0.672
-0.191,-0.73,0.688
-0.191,-0.746,0.699
-0.191,-0.773,0.715
-0.195,-0.82,0.73
-0.203,-0.844,0.742
-0.191,-0.848,0.746
-0.176,-0.828,0.746
-0.164,-0.789,0.734
-0.141,-0.758,0.719
-0.141,-0.73,0.695
-0.152,-0.734,0.684
-0.176,-0.762,0.676
-0.188,-0.805,0.672
-0.184,-0.84,0.668
-0.156,-0.855,0.684
-0.137,-0.887,0.738
-0.113,-0.992,0.789
-0.074,-1.094,0.813
-0.008,-1.066,0.836
0.059,-0.941,0.855
0.105,-0.824,0.875
0.102,-0.77,0.883
0.055,-0.777,0.879
-0.012,-0.824,0.871
-0.066,-0.848,0.855
-0.09,-0.824,0.836
-0.078,-0.777,0.805
-0.063,-0.727,0.766
-0.043,-0.695,0.73
-0.051,-0.688,0.688
-0.063,-0.695,0.645
-0.082,-0.688,0.602
-0.098,-0.668,0.574
-0.105,-0.641,0.547
-0.102,-0.617,0.527
-0.086,-0.605,0.516
-0.066,-0.605,0.52
-0.051,-0.617,0.523
-0.039,-0.645,0.531
-0.035,-0.672,0.543
-0.031,-0.688,0.555
-0.031,-0.691,0.574
-0.035,-0.684,0.594
-0.043,-0.676,0.609
-0.047,-0.664,0.625
-0.059,-0.668,0.637
-0.063,-0.676,0.652
-0.066,-0.676,0.664
-0.066,-0.676,0.676
-0.063,-0.676,0.676
-0.059,-0.676,0.672
-0.051,-0.676,0.672
-0.039,-0.688,0.676
-0.031,-0.699,0.672
-0.016,-0.699,0.664
-0.008,-0.691,0.664
0.008,-0.684,0.668
0.012,-0.688,0.676
0.027,-0.715,0.691
0.031,-0.742,0.707
0.023,-0.766,0.715
0.012,-0.773,0.715
-0.004,-0.766,0.711
-0.02,-0.746,0.703
-0.023,-0.711,0.695
-0.004,-0.68,0.691
0.027,-0.668,0.707
0.039,-0.727,0.742
0.016,-0.828,0.762
-0.035,-0.875,0.758
-0.086,-0.82,0.754
-0.102,-0.77,0.773
-0.117,-0.816,0.809
-0.148,-0.941,0.848
-0.207,-1.066,0.875
-0.262,-1.094,0.883
-0.301,-1.02,0.883
-0.301,-0.871,0.871
-0.273,-0.738,0.867
-0.227,-0.684,0.863
-0.184,-0.715,0.863
-0.152,-0.773,0.84
-0.133,-0.813,0.805
-0.121,-0.785,0.766
-0.117,-0.734,0.73
-0.117,-0.699,0.699
-0.109,-0.695,0.676
-0.105,-0.719,0.648
-0.098,-0.734,0.621
-0.082,-0.715,0.602
-0.066,-0.668,0.578
-0.063,-0.621,0.559
-0.063,-0.59,0.547
-0.074,-0.582,0.543
-0.086,-0.598,0.551
-0.105,-0.625,0.559
-0.125,-0.652,0.57
-0.145,-0.664,0.582
-0.152,-0.676,0.594
-0.156,-0.668,0.602
-0.16,-0.664,0.609
-0.152,-0.664,0.621
-0.148,-0.668,0.625
-0.148,-0.672,0.633
-0.148,-0.672,0.629
-0.148,-0.664,0.633
-0.152,-0.645,0.633
-0.172,-0.645,0.641
-0.18,-0.652,0.648
-0.195,-0.672,0.637
-0.203,-0.691,0.637
-0.211,-0.707,0.637
-0.211,-0.715,0.633
-0.211,-0.723,0.629
-0.219,-0.73,0.637
-0.23,-0.758,0.645
-0.242,-0.801,0.656
-0.246,-0.844,0.68
-0.246,-0.867,0.691
-0.238,-0.863,0.695
-0.215,-0.84,0.699
-0.203,-0.801,0.699
-0.203,-0.773,0.688
-0.219,-0.75,0.676
-0.238,-0.73,0.668
-0.266,-0.734,0.668
-0.262,-0.777,0.664
-0.223,-0.809,0.648
-0.164,-0.789,0.637
-0.125,-0.785,0.656
-0.105,-0.848,0.699
-0.078,-0.98,0.746
-0.02,-1.09,0.777
0.074,-1.074,0.805
0.152,-0.988,0.836
0.188,-0.906,0.867
0.156,-0.859,0.879
0.078,-0.844,0.879
0.008,-0.848,0.871
-0.043,-0.852,0.855
-0.066,-0.844,0.832
-0.07,-0.824,0.809
-0.063,-0.801,0.773
-0.063,-0.781,0.727
-0.066,-0.766,0.688
-0.07,-0.75,0.648
-0.082,-0.734,0.613
-0.094,-0.723,0.586
-0.094,-0.695,0.559
-0.094,-0.672,0.539
-0.078,-0.637,0.531
-0.063,-0.617,0.531
-0.039,-0.609,0.539
-0.023,-0.617,0.547
-0.023,-0.641,0.559
-0.031,-0.652,0.566
-0.043,-0.664,0.574
-0.074,-0.664,0.586
-0.078,-0.656,0.605
-0.086,-0.656,0.617
-0.09,-0.66,0.625
-0.09,-0.672,0.633
-0.094,-0.684,0.648
-0.094,-0.691,0.652
-0.09,-0.684,0.66
-0.082,-0.664,0.664
-0.07,-0.648,0.672
-0.047,-0.656,0.68
-0.023,-0.668,0.688
0,-0.688,0.688
0.02,-0.695,0.691
0.031,-0.699,0.695
0.035,-0.711,0.695
0.031,-0.723,0.691
0.027,-0.738,0.703
0.008,-0.758,0.715
-0.016,-0.773,0.719
-0.043,-0.758,0.711
-0.063,-0.723,0.699
-0.07,-0.68,0.695
-0.07,-0.66,0.695
-0.059,-0.684,0.699
-0.051,-0.742,0.715
-0.055,-0.801,0.711
-0.066,-0.797,0.695
-0.07,-0.766,0.691
-0.082,-0.766,0.703
-0.105,-0.836,0.734
-0.133,-0.973,0.773
-0.203,-1.086,0.797
-0.254,-1.074,0.816
-0.273,-0.965,0.832
-0.262,-0.848,0.852
-0.219,-0.785,0.871
-0.164,-0.801,0.891
-0.117,-0.852,0.895
-0.086,-0.867,0.891
-0.07,-0.82,0.871
-0.078,-0.754,0.844
-0.09,-0.715,0.805
-0.102,-0.73,0.766
-0.109,-0.762,0.715
-0.094,-0.758,0.668
-0.078,-0.73,0.617
-0.074,-0.684,0.566
-0.078,-0.645,0.535
-0.09,-0.637,0.512
-0.117,-0.648,0.496
-0.129,-0.668,0.496
-0.145,-0.684,0.492
-0.16,-0.695,0.5
-0.172,-0.695,0.504
-0.188,-0.691,0.516
-0.191,-0.676,0.527
-0.188,-0.668,0.535
-0.18,-0.66,0.551
-0.168,-0.656,0.563
-0.16,-0.664,0.57
-0.16,-0.664,0.582
-0.164,-0.66,0.59
-0.172,-0.66,0.59
-0.176,-0.664,0.594
-0.18,-0.668,0.602
-0.184,-0.68,0.613
-0.191,-0.703,0.617
-0.195,-0.723,0.613
-0.195,-0.73,0.609
-0.188,-0.73,0.605
-0.188,-0.738,0.605
-0.195,-0.77,0.609
-0.195,-0.809,0.621
-0.195,-0.855,0.637
-0.191,-0.883,0.652
-0.188,-0.906,0.664
-0.188,-0.902,0.664
-0.195,-0.883,0.664
-0.211,-0.871,0.664
-0.234,-0.863,0.668
-0.246,-0.848,0.668
-0.266,-0.828,0.672
-0.277,-0.852,0.691
-0.27,-0.898,0.699
-0.223,-0.914,0.695
-0.18,-0.871,0.688
-0.145,-0.844,0.707
-0.121,-0.883,0.746
-0.098,-0.953,0.785
-0.043,-0.992,0.813
0.023,-0.961,0.828
0.078,-0.879,0.84
0.109,-0.797,0.855
0.082,-0.75,0.855
0.02,-0.766,0.859
-0.047,-0.801,0.863
-0.098,-0.816,0.855
-0.125,-0.801,0.836
-0.133,-0.766,0.813
-0.133,-0.73,0.785
-0.113,-0.715,0.762
-0.109,-0.711,0.73
-0.105,-0.703,0.699
-0.113,-0.695,0.668
-0.125,-0.68,0.645
-0.129,-0.672,0.617
-0.129,-0.656,0.59
-0.117,-0.641,0.574
-0.094,-0.625,0.566
-0.063,-0.613,0.563
-0.047,-0.609,0.559
-0.035,-0.617,0.559
-0.035,-0.645,0.566
-0.039,-0.664,0.574
-0.051,-0.672,0.582
-0.059,-0.66,0.582
-0.066,-0.645,0.59
-0.066,-0.645,0.598
-0.066,-0.648,0.605
-0.066,-0.66,0.617
-0.066,-0.684,0.629
-0.063,-0.691,0.629
-0.063,-0.695,0.633
-0.055,-0.691,0.637
-0.047,-0.68,0.645
-0.027,-0.672,0.648
-0.012,-0.68,0.648
0,-0.691,0.652
0.012,-0.703,0.652
0.016,-0.699,0.656
0.023,-0.688,0.664
0.023,-0.684,0.672
0.02,-0.707,0.688
0.012,-0.742,0.695
0.004,-0.762,0.707
0,-0.766,0.715
-0.004,-0.75,0.719
0.004,-0.723,0.723
0.031,-0.695,0.723
0.066,-0.676,0.734
0.102,-0.68,0.758
0.109,-0.742,0.797
0.082,-0.84,0.816
0.031,-0.902,0.813
-0.012,-0.891,0.816
-0.047,-0.867,0.848
-0.086,-0.902,0.895
-0.145,-1,0.93
-0.223,-1.063,0.941
-0.293,-1.031,0.926
-0.305,-0.891,0.906
-0.281,-0.727,0.879
-0.227,-0.625,0.867
-0.168,-0.625,0.863
-0.121,-0.699,0.855
-0.094,-0.777,0.824
-0.078,-0.801,0.781
-0.07,-0.762,0.742
-0.066,-0.703,0.707
-0.066,-0.66,0.688
-0.066,-0.652,0.668
-0.074,-0.676,0.652
-0.074,-0.688,0.625
-0.07,-0.676,0.602
-0.063,-0.641,0.582
-0.059,-0.602,0.57
-0.063,-0.582,0.559
-0.078,-0.59,0.559
-0.094,-0.621,0.559
-0.113,-0.656,0.566
-0.121,-0.672,0.578
-0.133,-0.668,0.59
-0.137,-0.652,0.594
-0.137,-0.641,0.598
-0.141,-0.637,0.605
-0.145,-0.652,0.621
-0.152,-0.672,0.637
-0.148,-0.688,0.648
-0.148,-0.68,0.648
-0.152,-0.668,0.648
-0.156,-0.664,0.648
-0.16,-0.676,0.652
-0.16,-0.688,0.656
-0.156,-0.688,0.66
-0.164,-0.688,0.672
-0.176,-0.707,0.695
-0.184,-0.738,0.707
-0.191,-0.77,0.719
-0.188,-0.797,0.727
-0.176,-0.801,0.73
-0.16,-0.801,0.738
-0.141,-0.813,0.734
-0.125,-0.797,0.723
-0.117,-0.785,0.691
-0.121,-0.77,0.664
-0.152,-0.766,0.648
-0.191,-0.785,0.645
-0.23,-0.832,0.645
-0.23,-0.879,0.641
-0.203,-0.883,0.645
-0.137,-0.863,0.688
-0.098,-0.852,0.758
-0.082,-0.902,0.816
-0.055,-0.949,0.836
0.008,-0.914,0.848
0.063,-0.816,0.867
0.082,-0.742,0.887
0.063,-0.727,0.891
-0.004,-0.758,0.895
-0.074,-0.801,0.883
-0.125,-0.805,0.871
-0.145,-0.781,0.855
-0.137,-0.754,0.832
-0.121,-0.73,0.801
-0.105,-0.723,0.777
-0.09,-0.715,0.746
-0.098,-0.711,0.719
-0.109,-0.699,0.691
-0.125,-0.68,0.664
-0.141,-0.652,0.625
-0.152,-0.633,0.594
-0.148,-0.633,0.574
-0.137,-0.656,0.559
-0.109,-0.672,0.547
-0.078,-0.672,0.543
-0.051,-0.672,0.555
-0.039,-0.676,0.57
-0.035,-0.68,0.586
-0.051,-0.688,0.594
-0.055,-0.691,0.602
-0.059,-0.699,0.605
-0.059,-0.715,0.625
-0.051,-0.727,0.633
-0.051,-0.719,0.637
-0.047,-0.711,0.648
-0.051,-0.703,0.652
-0.051,-0.691,0.656
-0.047,-0.691,0.66
-0.039,-0.703,0.676
-0.035,-0.719,0.688
-0.023,-0.707,0.691
-0.016,-0.688,0.691
-0.008,-0.656,0.688
0,-0.637,0.684
0.004,-0.633,0.684
0.004,-0.648,0.684
-0.016,-0.68,0.668
-0.047,-0.707,0.656
-0.078,-0.711,0.637
-0.113,-0.699,0.621
-0.113,-0.672,0.617
-0.094,-0.641,0.629
-0.047,-0.637,0.676
-0.012,-0.699,0.734
0.004,-0.789,0.75
-0.008,-0.832,0.742
-0.027,-0.82,0.766
-0.066,-0.859,0.852
-0.125,-1,0.949
-0.211,-1.18,1.012
-0.316,-1.254,1.008
-0.383,-1.121,0.98
-0.375,-0.867,0.949
-0.32,-0.66,0.926
-0.25,-0.594,0.902
-0.18,-0.656,0.883
-0.129,-0.762,0.844
-0.09,-0.824,0.797
-0.07,-0.809,0.754
-0.063,-0.734,0.719
-0.059,-0.66,0.676
-0.063,-0.621,0.645
-0.066,-0.621,0.621
-0.07,-0.648,0.609
-0.082,-0.676,0.594
-0.102,-0.684,0.578
-0.121,-0.66,0.578
-0.133,-0.629,0.586
-0.152,-0.609,0.59
-0.176,-0.602,0.605
-0.195,-0.621,0.629
-0.207,-0.652,0.652
-0.215,-0.68,0.664
-0.219,-0.691,0.676
-0.219,-0.691,0.68
-0.207,-0.68,0.68
-0.184,-0.664,0.672
-0.164,-0.648,0.668
-0.148,-0.641,0.66
-0.133,-0.648,0.652
-0.129,-0.66,0.652
-0.137,-0.676,0.66
-0.152,-0.707,0.664
-0.168,-0.727,0.668
-0.172,-0.723,0.672
-0.172,-0.707,0.672
-0.164,-0.688,0.668
-0.16,-0.684,0.668
-0.156,-0.691,0.66
-0.16,-0.695,0.648
-0.152,-0.699,0.656
-0.148,-0.695,0.656
-0.156,-0.691,0.66
-0.16,-0.695,0.672
-0.172,-0.707,0.68
-0.184,-0.727,0.688
-0.203,-0.746,0.691
-0.215,-0.758,0.688
-0.215,-0.758,0.688
-0.215,-0.758,0.688
-0.203,-0.762,0.688
-0.199,-0.777,0.695
-0.199,-0.816,0.707
-0.195,-0.852,0.715
-0.168,-0.859,0.723
-0.141,-0.836,0.734
-0.117,-0.844,0.777
-0.102,-0.906,0.82
-0.078,-0.969,0.832
-0.043,-0.957,0.828
0,-0.879,0.82
0.035,-0.781,0.809
0.043,-0.715,0.785
0.02,-0.695,0.754
-0.008,-0.711,0.727
-0.031,-0.742,0.711
-0.043,-0.777,0.695
-0.047,-0.801,0.672
-0.043,-0.793,0.66
-0.035,-0.758,0.66
-0.027,-0.723,0.664
-0.02,-0.707,0.668
-0.012,-0.715,0.688
-0.008,-0.727,0.707
-0.004,-0.719,0.727
0.004,-0.691,0.738
0,-0.668,0.754
-0.008,-0.645,0.758
-0.023,-0.637,0.758
-0.039,-0.645,0.75
-0.051,-0.648,0.746
-0.047,-0.648,0.73
-0.039,-0.641,0.715
-0.035,-0.641,0.695
-0.031,-0.656,0.688
-0.02,-0.684,0.676
-0.016,-0.707,0.672
-0.023,-0.727,0.676
-0.023,-0.73,0.68
-0.031,-0.727,0.688
-0.016,-0.715,0.695
-0.012,-0.703,0.691
-0.016,-0.691,0.691
-0.027,-0.684,0.688
-0.031,-0.672,0.684
-0.031,-0.656,0.68
-0.027,-0.645,0.684
-0.016,-0.648,0.691
-0.008,-0.66,0.695
0,-0.676,0.703
0.004,-0.676,0.703
0,-0.664,0.699
0,-0.652,0.699
0,-0.664,0.684
0.004,-0.68,0.672
0.004,-0.703,0.664
0.004,-0.719,0.668
0.004,-0.727,0.668
0.004,-0.73,0.668
0.008,-0.719,0.672
0,-0.715,0.684
-0.012,-0.707,0.695
-0.023,-0.703,0.699
-0.027,-0.691,0.703
-0.027,-0.691,0.703
-0.023,-0.699,0.699
-0.016,-0.715,0.703
-0.008,-0.734,0.719
-0.008,-0.762,0.738
-0.02,-0.793,0.746
-0.043,-0.793,0.75
-0.059,-0.773,0.77
-0.078,-0.785,0.805
-0.094,-0.824,0.84
-0.117,-0.883,0.863
-0.145,-0.902,0.859
-0.156,-0.844,0.844
-0.156,-0.762,0.828
-0.137,-0.703,0.828
-0.105,-0.711,0.828
-0.078,-0.762,0.809
-0.059,-0.793,0.781
-0.043,-0.777,0.762
-0.047,-0.742,0.742
-0.059,-0.707,0.727
-0.059,-0.691,0.711
-0.059,-0.676,0.703
-0.059,-0.676,0.699
-0.059,-0.676,0.699
-0.074,-0.684,0.699
-0.082,-0.688,0.707
-0.102,-0.691,0.715
-0.117,-0.688,0.723
-0.125,-0.672,0.742
-0.137,-0.656,0.754
-0.141,-0.648,0.777
-0.148,-0.656,0.789
-0.152,-0.664,0.793
-0.145,-0.66,0.781
-0.133,-0.645,0.766
-0.121,-0.637,0.746
-0.113,-0.641,0.727
-0.117,-0.668,0.707
-0.117,-0.695,0.691
-0.121,-0.715,0.691
-0.125,-0.727,0.699
-0.117,-0.719,0.703
-0.109,-0.699,0.715
-0.117,-0.668,0.727
-0.125,-0.656,0.75
-0.129,-0.656,0.762
-0.141,-0.668,0.766
-0.148,-0.668,0.773
-0.152,-0.664,0.773
-0.156,-0.664,0.766
-0.168,-0.656,0.758
-0.176,-0.656,0.754
-0.184,-0.66,0.742
-0.184,-0.66,0.734
-0.184,-0.664,0.723
-0.188,-0.66,0.715
-0.188,-0.664,0.707
-0.184,-0.664,0.703
-0.18,-0.66,0.699
-0.18,-0.652,0.699
-0.184,-0.652,0.699
-0.188,-0.652,0.699
-0.188,-0.656,0.695
-0.191,-0.656,0.695
-0.199,-0.66,0.699
-0.207,-0.664,0.699
-0.215,-0.668,0.703
-0.219,-0.668,0.707
-0.219,-0.672,0.699
-0.211,-0.672,0.699
-0.207,-0.68,0.707
-0.207,-0.703,0.73
-0.203,-0.754,0.758
-0.18,-0.805,0.777
-0.156,-0.813,0.781
-0.109,-0.777,0.777
-0.07,-0.719,0.762
-0.063,-0.68,0.734
-0.066,-0.68,0.715
-0.082,-0.703,0.695
-0.09,-0.723,0.684
-0.098,-0.73,0.668
-0.105,-0.723,0.664
-0.102,-0.715,0.664
-0.102,-0.719,0.664
-0.102,-0.727,0.664
-0.105,-0.734,0.676
-0.102,-0.734,0.68
-0.098,-0.727,0.691
-0.098,-0.723,0.703
-0.098,-0.719,0.707
-0.094,-0.719,0.715
-0.098,-0.723,0.727
-0.105,-0.73,0.727
-0.105,-0.734,0.727
-0.109,-0.746,0.727
-0.117,-0.75,0.727
-0.117,-0.758,0.719
-0.117,-0.766,0.711
-0.121,-0.77,0.699
-0.117,-0.77,0.691
-0.117,-0.766,0.68
-0.113,-0.762,0.672
-0.105,-0.758,0.668
-0.102,-0.75,0.66
-0.098,-0.746,0.66
-0.098,-0.742,0.656
-0.098,-0.738,0.66
-0.098,-0.738,0.664
-0.098,-0.738,0.664
-0.094,-0.738,0.664
-0.094,-0.738,0.664
-0.086,-0.738,0.668
-0.074,-0.742,0.684
-0.074,-0.758,0.688
-0.07,-0.762,0.695
-0.078,-0.766,0.703
-0.074,-0.77,0.703
-0.086,-0.785,0.703
-0.09,-0.801,0.715
-0.09,-0.793,0.715
-0.094,-0.777,0.707
-0.094,-0.758,0.703
-0.094,-0.746,0.703
-0.109,-0.742,0.699
-0.102,-0.738,0.695
-0.098,-0.746,0.691
-0.094,-0.742,0.684
-0.09,-0.742,0.676
-0.082,-0.746,0.668
-0.07,-0.754,0.66
-0.07,-0.777,0.648
-0.059,-0.789,0.633
-0.051,-0.793,0.625
-0.043,-0.789,0.629
-0.039,-0.781,0.629
-0.043,-0.781,0.641
-0.039,-0.781,0.648
-0.039,-0.77,0.656
-0.047,-0.75,0.664
-0.059,-0.734,0.676
-0.063,-0.723,0.68
-0.063,-0.715,0.688
-0.063,-0.699,0.691
-0.066,-0.695,0.695
-0.063,-0.688,0.699
-0.066,-0.684,0.703
-0.063,-0.676,0.703
-0.059,-0.676,0.703
-0.055,-0.684,0.707
-0.055,-0.699,0.715
-0.047,-0.723,0.715
-0.051,-0.742,0.719
-0.051,-0.758,0.719
-0.059,-0.762,0.707
-0.063,-0.762,0.699
-0.066,-0.754,0.688
-0.07,-0.758,0.68
-0.07,-0.773,0.672
-0.074,-0.785,0.664
-0.078,-0.789,0.645
-0.086,-0.789,0.637
-0.09,-0.781,0.617
-0.086,-0.773,0.605
-0.074,-0.781,0.594
-0.07,-0.797,0.59
-0.063,-0.82,0.59
-0.059,-0.832,0.602
-0.059,-0.828,0.605
-0.059,-0.82,0.621
-0.063,-0.809,0.641
-0.063,-0.797,0.656
-0.066,-0.789,0.668
-0.07,-0.785,0.676
-0.082,-0.781,0.684
-0.078,-0.777,0.68
-0.078,-0.773,0.676
-0.074,-0.766,0.672
-0.074,-0.762,0.664
-0.07,-0.762,0.66
-0.07,-0.762,0.652
-0.066,-0.766,0.641
-0.066,-0.766,0.633
-0.066,-0.766,0.633
-0.066,-0.77,0.633
-0.066,-0.773,0.633
-0.066,-0.773,0.633
-0.07,-0.773,0.629
-0.07,-0.781,0.633
-0.066,-0.785,0.641
-0.07,-0.785,0.648
-0.078,-0.789,0.656
-0.086,-0.789,0.652
-0.09,-0.785,0.641
-0.09,-0.789,0.641
-0.094,-0.793,0.637
-0.098,-0.793,0.633
-0.098,-0.793,0.629
-0.098,-0.797,0.625
-0.098,-0.801,0.617
-0.105,-0.797,0.613
-0.109,-0.797,0.613
-0.109,-0.797,0.605
-0.117,-0.793,0.602
-0.113,-0.801,0.602
-0.113,-0.801,0.598
-0.113,-0.809,0.594
-0.109,-0.809,0.594
-0.109,-0.816,0.598
-0.117,-0.82,0.598
-0.121,-0.82,0.602
-0.129,-0.82,0.602
-0.133,-0.824,0.598
-0.137,-0.82,0.598
-0.137,-0.824,0.598
-0.133,-0.824,0.598
-0.129,-0.816,0.602
-0.133,-0.816,0.598
-0.133,-0.82,0.594
-0.133,-0.828,0.594
-0.133,-0.832,0.59
-0.133,-0.828,0.586
-0.129,-0.828,0.578
-0.125,-0.828,0.57
-0.133,-0.832,0.57
-0.121,-0.836,0.57
-0.121,-0.84,0.57
-0.121,-0.836,0.574
-0.125,-0.836,0.582
-0.121,-0.844,0.582
-0.121,-0.848,0.582
-0.117,-0.84,0.578
-0.117,-0.836,0.578
-0.113,-0.832,0.578
-0.109,-0.832,0.574
-0.109,-0.836,0.57
-0.105,-0.832,0.574
-0.102,-0.832,0.57
-0.098,-0.832,0.574
-0.105,-0.832,0.582
-0.105,-0.836,0.582
-0.102,-0.832,0.586
-0.098,-0.832,0.59
-0.09,-0.828,0.586
-0.086,-0.836,0.586
-0.078,-0.844,0.586
-0.078,-0.844,0.582
-0.07,-0.844,0.578
-0.07,-0.84,0.578
-0.066,-0.836,0.574
-0.074,-0.836,0.578
-0.078,-0.844,0.582
-0.074,-0.844,0.578
-0.074,-0.836,0.578
-0.078,-0.836,0.586
-0.078,-0.832,0.582
-0.074,-0.828,0.578
-0.074,-0.828,0.582
-0.082,-0.816,0.582
-0.086,-0.816,0.586
-0.09,-0.816,0.582
-0.09,-0.809,0.586
-0.086,-0.805,0.594
-0.078,-0.797,0.598
-0.074,-0.797,0.602
-0.078,-0.805,0.602
-0.086,-0.816,0.609
-0.09,-0.813,0.609
-0.094,-0.809,0.605
-0.094,-0.813,0.609
-0.094,-0.813,0.609
-0.094,-0.813,0.609
-0.094,-0.813,0.609
-0.098,-0.809,0.602
-0.102,-0.809,0.594
-0.098,-0.816,0.598
-0.098,-0.82,0.594
-0.098,-0.82,0.594
-0.094,-0.824,0.594
-0.098,-0.824,0.59
-0.094,-0.816,0.59
-0.094,-0.82,0.582
-0.094,-0.824,0.586
-0.094,-0.824,0.586
-0.094,-0.828,0.59
-0.094,-0.824,0.594
-0.094,-0.828,0.598
-0.094,-0.824,0.594
-0.094,-0.828,0.594
-0.098,-0.828,0.594
-0.098,-0.82,0.594
-0.098,-0.824,0.594
-0.098,-0.828,0.594
-0.098,-0.828,0.586
-0.09,-0.832,0.586
-0.09,-0.832,0.586
-0.086,-0.84,0.586
-0.09,-0.848,0.586
-0.094,-0.852,0.578
-0.09,-0.848,0.574
-0.086,-0.844,0.578
-0.09,-0.844,0.578
-0.09,-0.848,0.57
-0.09,-0.848,0.57
-0.09,-0.848,0.57
-0.09,-0.852,0.566
-0.094,-0.852,0.574
-0.094,-0.848,0.57
-0.094,-0.844,0.57
-0.094,-0.844,0.566
-0.102,-0.844,0.566
-0.098,-0.844,0.57
-0.098,-0.844,0.57
-0.09,-0.848,0.57
-0.094,-0.84,0.574
-0.094,-0.836,0.578
-0.098,-0.832,0.57
-0.105,-0.832,0.57
-0.109,-0.832,0.57
-0.105,-0.832,0.57
-0.105,-0.832,0.57
-0.105,-0.832,0.57
-0.102,-0.832,0.57
-0.098,-0.832,0.566
-0.105,-0.836,0.566
-0.098,-0.84,0.566
-0.102,-0.844,0.563
-0.098,-0.844,0.563
-0.098,-0.84,0.563
-0.102,-0.844,0.566
-0.102,-0.852,0.563
-0.102,-0.848,0.563
-0.102,-0.852,0.566
-0.102,-0.848,0.566
-0.105,-0.844,0.566
-0.102,-0.84,0.566
-0.098,-0.84,0.566
-0.098,-0.84,0.563
-0.098,-0.848,0.566
-0.094,-0.852,0.566
-0.098,-0.852,0.566
-0.098,-0.848,0.563
-0.098,-0.848,0.559
-0.098,-0.852,0.555
-0.098,-0.852,0.559
-0.094,-0.852,0.559
-0.094,-0.855,0.559
-0.09,-0.852,0.563
-0.094,-0.855,0.563
-0.094,-0.855,0.563
-0.098,-0.852,0.555
-0.098,-0.848,0.559
-0.098,-0.848,0.559
-0.094,-0.848,0.563
-0.09,-0.844,0.566
-0.094,-0.844,0.566
-0.098,-0.844,0.566
-0.098,-0.844,0.563
-0.098,-0.84,0.563
-0.094,-0.848,0.563
-0.09,-0.848,0.555
-0.09,-0.848,0.551
-0.09,-0.848,0.547
-0.086,-0.855,0.555
-0.082,-0.852,0.555
-0.086,-0.852,0.555
-0.09,-0.848,0.555
-0.09,-0.852,0.559
-0.09,-0.855,0.559
-0.094,-0.852,0.559
-0.09,-0.848,0.559
-0.094,-0.844,0.563
-0.094,-0.844,0.566
-0.094,-0.848,0.563
-0.098,-0.852,0.551
-0.09,-0.852,0.555
-0.082,-0.855,0.551
-0.082,-0.859,0.543
-0.082,-0.859,0.543
-0.078,-0.859,0.543
-0.082,-0.863,0.547
-0.086,-0.863,0.547
-0.086,-0.863,0.547
-0.086,-0.863,0.551
-0.078,-0.863,0.555
-0.074,-0.863,0.551
-0.074,-0.863,0.555
-0.074,-0.859,0.559
-0.074,-0.859,0.547
-0.07,-0.859,0.555
-0.074,-0.859,0.551
-0.082,-0.859,0.559
-0.082,-0.859,0.555
-0.09,-0.855,0.551
-0.086,-0.852,0.547
-0.082,-0.852,0.551
-0.086,-0.848,0.559
-0.082,-0.844,0.555
-0.09,-0.84,0.555
-0.082,-0.844,0.559
-0.09,-0.848,0.563
-0.094,-0.848,0.563
-0.094,-0.852,0.555
-0.094,-0.848,0.559
-0.094,-0.836,0.563
-0.094,-0.836,0.559
-0.094,-0.844,0.559
-0.098,-0.848,0.555
-0.094,-0.852,0.559
-0.09,-0.852,0.559
-0.094,-0.848,0.555
-0.094,-0.844,0.559
-0.094,-0.848,0.559
-0.094,-0.848,0.559
-0.098,-0.848,0.559
-0.094,-0.848,0.563
-0.098,-0.848,0.559
-0.098,-0.848,0.555
-0.098,-0.848,0.555
-0.098,-0.852,0.555
-0.098,-0.852,0.559
-0.098,-0.848,0.555
-0.098,-0.84,0.555
-0.098,-0.848,0.551
-0.105,-0.844,0.555
-0.102,-0.848,0.551
-0.098,-0.848,0.551
-0.102,-0.848,0.547
-0.102,-0.848,0.559
-0.098,-0.852,0.551
-0.098,-0.852,0.551
-0.098,-0.852,0.551
-0.098,-0.855,0.555
-0.098,-0.855,0.555
-0.102,-0.855,0.551
-0.098,-0.855,0.551
-0.094,-0.855,0.543
-0.094,-0.855,0.547
-0.094,-0.855,0.551
-0.09,-0.855,0.555
-0.09,-0.859,0.559
-0.09,-0.852,0.559
-0.094,-0.852,0.559
-0.094,-0.848,0.559
-0.094,-0.848,0.555
-0.094,-0.852,0.563
-0.094,-0.848,0.563
-0.094,-0.852,0.563
-0.094,-0.852,0.559
-0.094,-0.848,0.551
-0.094,-0.852,0.551
-0.09,-0.852,0.551
-0.09,-0.855,0.551
-0.09,-0.859,0.555
-0.094,-0.859,0.559
-0.094,-0.852,0.559
-0.09,-0.848,0.559
-0.09,-0.848,0.559
-0.09,-0.855,0.559
-0.086,-0.855,0.559
-0.086,-0.852,0.551
-0.09,-0.855,0.551
-0.094,-0.852,0.555
-0.098,-0.852,0.555
-0.098,-0.848,0.551
-0.098,-0.848,0.559
-0.098,-0.848,0.559
-0.098,-0.844,0.555
-0.098,-0.848,0.559
-0.094,-0.844,0.563
-0.098,-0.844,0.566
-0.098,-0.848,0.566
-0.098,-0.852,0.566
-0.094,-0.852,0.563
-0.102,-0.852,0.563
-0.098,-0.848,0.559
-0.098,-0.852,0.551
-0.098,-0.852,0.547
-0.102,-0.855,0.547
-0.098,-0.855,0.547
-0.098,-0.855,0.547
-0.094,-0.855,0.543
-0.094,-0.855,0.551
-0.098,-0.852,0.555
-0.102,-0.855,0.559
-0.098,-0.855,0.559
-0.098,-0.852,0.563
-0.102,-0.848,0.559
-0.098,-0.852,0.559
-0.102,-0.848,0.563
-0.102,-0.848,0.563
-0.102,-0.852,0.563
-0.098,-0.848,0.555
-0.098,-0.848,0.555
-0.098,-0.848,0.555
-0.102,-0.852,0.551
-0.102,-0.852,0.559
-0.098,-0.855,0.555
-0.098,-0.852,0.555
-0.098,-0.852,0.555
-0.102,-0.855,0.555
-0.098,-0.855,0.555
-0.102,-0.859,0.555
-0.102,-0.859,0.559
-0.098,-0.859,0.559
-0.102,-0.859,0.551
-0.102,-0.859,0.547
-0.098,-0.855,0.551
-0.098,-0.855,0.551
-0.102,-0.855,0.555
-0.098,-0.855,0.551
-0.105,-0.855,0.555
-0.102,-0.855,0.555
-0.098,-0.852,0.563
-0.098,-0.855,0.566
-0.098,-0.848,0.566
-0.098,-0.852,0.559
-0.098,-0.848,0.555
-0.098,-0.852,0.559
-0.098,-0.852,0.559
-0.094,-0.852,0.551
-0.098,-0.852,0.559
-0.098,-0.852,0.563
-0.098,-0.848,0.563
-0.105,-0.852,0.559
-0.098,-0.848,0.563
-0.098,-0.848,0.563
-0.094,-0.852,0.563
-0.094,-0.844,0.566
-0.09,-0.84,0.566
-0.09,-0.84,0.563
-0.09,-0.84,0.563
-0.094,-0.852,0.566
-0.094,-0.844,0.566
-0.098,-0.836,0.563
-0.098,-0.836,0.559
-0.098,-0.836,0.566
-0.098,-0.84,0.566
-0.098,-0.848,0.566
-0.098,-0.848,0.566
-0.098,-0.852,0.563
-0.098,-0.848,0.566
-0.098,-0.852,0.563
-0.098,-0.852,0.563
-0.098,-0.855,0.563
-0.098,-0.848,0.563
-0.098,-0.844,0.566
-0.094,-0.84,0.563
-0.098,-0.84,0.566
-0.098,-0.852,0.563
-0.098,-0.852,0.563
-0.098,-0.855,0.563
-0.098,-0.852,0.551
-0.102,-0.852,0.551
-0.098,-0.852,0.551
-0.105,-0.852,0.551
-0.102,-0.848,0.555
-0.102,-0.848,0.555
-0.098,-0.848,0.563
-0.098,-0.848,0.563
-0.098,-0.852,0.566
-0.102,-0.852,0.566
-0.098,-0.852,0.563
-0.098,-0.848,0.566
-0.098,-0.848,0.566
-0.098,-0.852,0.563
-0.098,-0.844,0.566
-0.098,-0.848,0.563
-0.098,-0.852,0.555
-0.098,-0.852,0.555
-0.094,-0.848,0.559
-0.094,-0.852,0.559
-0.094,-0.855,0.559
-0.094,-0.852,0.555
-0.102,-0.844,0.559
-0.098,-0.848,0.563
-0.098,-0.852,0.559
-0.094,-0.852,0.559
-0.094,-0.852,0.555
-0.098,-0.852,0.555
-0.094,-0.852,0.555
-0.094,-0.852,0.555
-0.094,-0.852,0.551
-0.094,-0.852,0.551
-0.094,-0.852,0.555
-0.09,-0.852,0.555
-0.086,-0.844,0.555
-0.09,-0.844,0.559
-0.094,-0.848,0.563
-0.094,-0.852,0.555
-0.09,-0.852,0.551
-0.094,-0.855,0.551
-0.094,-0.859,0.559
-0.094,-0.855,0.551
-0.098,-0.859,0.555
-0.094,-0.859,0.551
-0.094,-0.859,0.547
-0.094,-0.855,0.547
-0.094,-0.855,0.547
-0.098,-0.859,0.551
-0.094,-0.859,0.555
-0.094,-0.859,0.547
-0.094,-0.859,0.547
-0.094,-0.859,0.551
-0.094,-0.859,0.551
-0.094,-0.855,0.547
-0.094,-0.852,0.547
-0.094,-0.859,0.551
-0.098,-0.855,0.551
-0.094,-0.855,0.547
-0.094,-0.855,0.543
-0.098,-0.859,0.547
-0.094,-0.852,0.551
-0.094,-0.855,0.555
-0.094,-0.852,0.547
-0.094,-0.852,0.547
-0.09,-0.852,0.547
-0.09,-0.852,0.543
-0.094,-0.855,0.543
-0.094,-0.855,0.543
-0.094,-0.859,0.543
-0.102,-0.859,0.539
-0.094,-0.855,0.543
-0.094,-0.855,0.551
-0.105,-0.859,0.551
-0.094,-0.855,0.547
-0.094,-0.859,0.543
-0.094,-0.859,0.547
-0.094,-0.859,0.551
-0.094,-0.859,0.551
-0.094,-0.859,0.551
-0.094,-0.859,0.551
-0.094,-0.852,0.547
-0.098,-0.855,0.551
-0.098,-0.855,0.551
-0.094,-0.859,0.551
-0.094,-0.855,0.547
-0.098,-0.852,0.543
-0.098,-0.852,0.543
-0.098,-0.852,0.543
-0.102,-0.852,0.543
-0.098,-0.852,0.547
-0.098,-0.855,0.547
-0.102,-0.855,0.551
-0.098,-0.852,0.555
-0.102,-0.852,0.555
-0.098,-0.852,0.559
-0.098,-0.852,0.555
-0.098,-0.852,0.555
-0.098,-0.859,0.559
-0.102,-0.859,0.555
-0.102,-0.855,0.555
-0.098,-0.852,0.551
-0.098,-0.848,0.543
-0.098,-0.848,0.543
-0.094,-0.852,0.543
-0.094,-0.852,0.547
-0.094,-0.859,0.551
-0.094,-0.852,0.555
-0.098,-0.848,0.559
-0.098,-0.852,0.555
-0.098,-0.855,0.559
-0.098,-0.859,0.555
-0.094,-0.859,0.551
-0.094,-0.855,0.551
-0.094,-0.852,0.551
-0.094,-0.852,0.555
-0.094,-0.852,0.555
-0.094,-0.852,0.555
-0.094,-0.852,0.559
-0.094,-0.844,0.551
-0.098,-0.852,0.551
-0.098,-0.852,0.555
-0.094,-0.855,0.555
-0.105,-0.852,0.555
-0.094,-0.855,0.559
-0.094,-0.852,0.551
-0.094,-0.855,0.555
-0.094,-0.852,0.555
-0.098,-0.852,0.555
-0.102,-0.852,0.555
-0.098,-0.855,0.555
-0.098,-0.855,0.551
-0.098,-0.852,0.559
-0.102,-0.859,0.555
-0.102,-0.855,0.551
-0.098,-0.852,0.555
-0.098,-0.852,0.555
-0.098,-0.852,0.555
-0.098,-0.852,0.551
-0.098,-0.848,0.551
-0.098,-0.852,0.547
-0.098,-0.859,0.543
-0.098,-0.855,0.547
-0.098,-0.852,0.547
-0.098,-0.855,0.547
-0.098,-0.859,0.543
-0.098,-0.855,0.547
-0.098,-0.859,0.555
-0.098,-0.859,0.551
-0.098,-0.852,0.547
-0.102,-0.852,0.551
-0.098,-0.852,0.551
-0.098,-0.852,0.555
-0.098,-0.852,0.555
-0.098,-0.852,0.555
-0.098,-0.852,0.551
-0.098,-0.859,0.555
-0.098,-0.859,0.555
-0.098,-0.855,0.555
-0.098,-0.855,0.551
-0.098,-0.855,0.547
-0.098,-0.855,0.551
-0.102,-0.852,0.547
-0.098,-0.852,0.555
-0.098,-0.855,0.559
-0.102,-0.855,0.563
-0.105,-0.855,0.563
-0.105,-0.848,0.559
-0.102,-0.852,0.559
-0.098,-0.852,0.559
-0.098,-0.855,0.555
-0.102,-0.852,0.555
-0.102,-0.855,0.559
-0.109,-0.852,0.551
-0.102,-0.852,0.551
-0.098,-0.855,0.555
-0.102,-0.848,0.551
-0.102,-0.852,0.555
-0.102,-0.852,0.559
-0.098,-0.852,0.559
-0.098,-0.855,0.563
-0.102,-0.852,0.563
-0.102,-0.852,0.563
-0.102,-0.855,0.559
-0.098,-0.848,0.551
-0.098,-0.852,0.555
-0.098,-0.852,0.555
-0.098,-0.855,0.547
-0.098,-0.852,0.543
-0.102,-0.855,0.543
-0.102,-0.859,0.543
-0.098,-0.855,0.547
-0.098,-0.859,0.547
-0.098,-0.855,0.547
-0.098,-0.855,0.551
-0.102,-0.855,0.551
-0.098,-0.852,0.555
-0.098,-0.855,0.555
-0.098,-0.859,0.555
-0.098,-0.859,0.559
-0.098,-0.855,0.555
-0.098,-0.852,0.551
-0.098,-0.852,0.547
-0.098,-0.855,0.547
-0.098,-0.855,0.543
-0.102,-0.855,0.547
-0.098,-0.855,0.551
-0.098,-0.852,0.551
-0.098,-0.852,0.555
-0.098,-0.852,0.555
-0.098,-0.852,0.555
-0.098,-0.852,0.555
-0.098,-0.852,0.555
-0.098,-0.852,0.555
-0.098,-0.852,0.555
-0.098,-0.855,0.555
-0.098,-0.855,0.551
-0.098,-0.852,0.551
-0.098,-0.855,0.547
-0.105,-0.852,0.547
-0.109,-0.855,0.547
-0.102,-0.855,0.547
-0.102,-0.855,0.547
-0.109,-0.852,0.551
-0.102,-0.855,0.559
