-0.047,-0.609,0.832
-0.047,-0.613,0.832
-0.043,-0.613,0.828
-0.043,-0.617,0.828
-0.039,-0.617,0.824
-0.039,-0.609,0.824
-0.039,-0.613,0.824
-0.039,-0.609,0.824
-0.039,-0.613,0.828
-0.039,-0.605,0.832
-0.035,-0.605,0.836
-0.039,-0.609,0.832
-0.039,-0.609,0.836
-0.039,-0.613,0.836
-0.039,-0.609,0.836
-0.043,-0.621,0.832
-0.039,-0.617,0.828
-0.043,-0.613,0.828
-0.039,-0.613,0.828
-0.039,-0.613,0.836
-0.043,-0.613,0.836
-0.043,-0.613,0.84
-0.043,-0.613,0.836
-0.043,-0.613,0.832
-0.039,-0.609,0.832
-0.043,-0.609,0.832
-0.043,-0.609,0.84
-0.043,-0.609,0.84
-0.043,-0.617,0.836
-0.043,-0.617,0.84
-0.055,-0.613,0.836
-0.047,-0.617,0.84
-0.047,-0.617,0.832
-0.051,-0.617,0.828
-0.051,-0.617,0.828
-0.047,-0.617,0.824
-0.043,-0.613,0.824
-0.047,-0.621,0.832
-0.051,-0.629,0.832
-0.047,-0.625,0.832
-0.043,-0.613,0.84
-0.043,-0.609,0.84
-0.043,-0.605,0.84
-0.043,-0.609,0.836
-0.043,-0.609,0.84
-0.047,-0.613,0.832
-0.039,-0.609,0.828
-0.043,-0.613,0.828
-0.043,-0.613,0.828
-0.043,-0.613,0.836
-0.043,-0.613,0.832
-0.043,-0.613,0.828
-0.043,-0.605,0.836
-0.043,-0.609,0.832
-0.043,-0.609,0.84
-0.043,-0.613,0.844
-0.043,-0.613,0.844
-0.039,-0.613,0.848
-0.043,-0.613,0.844
-0.043,-0.609,0.84
-0.043,-0.613,0.84
-0.039,-0.609,0.84
-0.039,-0.605,0.84
-0.043,-0.605,0.84
-0.039,-0.605,0.84
-0.043,-0.602,0.84
-0.043,-0.602,0.84
-0.043,-0.602,0.848
-0.047,-0.598,0.848
-0.043,-0.594,0.848
-0.043,-0.598,0.848
-0.043,-0.598,0.836
-0.043,-0.598,0.844
-0.047,-0.598,0.844
-0.043,-0.594,0.84
-0.043,-0.594,0.844
-0.043,-0.598,0.852
-0.043,-0.598,0.848
-0.043,-0.594,0.84
-0.043,-0.594,0.844
-0.059,-0.594,0.844
-0.047,-0.598,0.848
-0.047,-0.602,0.844
-0.047,-0.602,0.844
-0.047,-0.602,0.844
-0.051,-0.602,0.844
-0.051,-0.602,0.844
-0.047,-0.605,0.844
-0.047,-0.605,0.844
-0.047,-0.605,0.844
-0.047,-0.609,0.84
-0.047,-0.609,0.836
-0.043,-0.605,0.836
-0.043,-0.602,0.836
-0.043,-0.602,0.84
-0.043,-0.605,0.836
-0.047,-0.609,0.832
-0.047,-0.609,0.828
-0.047,-0.602,0.84
-0.043,-0.602,0.844
-0.043,-0.605,0.848
-0.043,-0.605,0.844
-0.043,-0.602,0.844
-0.043,-0.602,0.84
-0.039,-0.605,0.836
-0.039,-0.602,0.836
-0.043,-0.602,0.84
-0.043,-0.602,0.84
-0.043,-0.598,0.844
-0.047,-0.598,0.852
-0.047,-0.598,0.848
-0.047,-0.602,0.848
-0.047,-0.598,0.848
-0.047,-0.594,0.852
-0.043,-0.594,0.848
-0.043,-0.594,0.844
-0.047,-0.594,0.84
-0.051,-0.598,0.844
-0.043,-0.598,0.84
-0.047,-0.605,0.844
-0.047,-0.602,0.844
-0.043,-0.602,0.84
-0.043,-0.598,0.844
-0.051,-0.598,0.836
-0.051,-0.602,0.832
-0.047,-0.605,0.836
-0.043,-0.609,0.832
-0.047,-0.605,0.836
-0.047,-0.605,0.836
-0.047,-0.605,0.84
-0.055,-0.602,0.84
-0.047,-0.609,0.844
-0.047,-0.609,0.836
-0.047,-0.605,0.836
-0.047,-0.605,0.836
-0.047,-0.602,0.844
-0.047,-0.602,0.84
-0.043,-0.602,0.84
-0.043,-0.605,0.84
-0.047,-0.605,0.84
-0.047,-0.602,0.836
-0.047,-0.602,0.836
-0.043,-0.602,0.844
-0.039,-0.602,0.844
-0.043,-0.602,0.84
-0.047,-0.598,0.844
-0.043,-0.602,0.844
-0.039,-0.605,0.844
-0.039,-0.613,0.836
-0.039,-0.617,0.836
-0.039,-0.617,0.832
-0.039,-0.617,0.836
-0.039,-0.613,0.836
-0.039,-0.613,0.836
-0.039,-0.613,0.832
-0.039,-0.617,0.828
-0.035,-0.613,0.828
-0.035,-0.609,0.824
-0.035,-0.609,0.828
-0.035,-0.605,0.828
-0.039,-0.609,0.828
-0.035,-0.605,0.828
-0.039,-0.609,0.836
-0.039,-0.609,0.832
-0.043,-0.605,0.828
-0.043,-0.613,0.836
-0.039,-0.613,0.844
-0.035,-0.613,0.84
-0.039,-0.609,0.832
-0.039,-0.621,0.832
-0.043,-0.621,0.832
-0.043,-0.621,0.836
-0.039,-0.617,0.84
-0.035,-0.613,0.844
-0.035,-0.609,0.836
-0.035,-0.609,0.836
-0.035,-0.609,0.84
-0.035,-0.613,0.836
-0.031,-0.617,0.832
-0.031,-0.609,0.828
-0.047,-0.609,0.828
-0.035,-0.613,0.84
-0.035,-0.613,0.836
-0.035,-0.609,0.828
-0.035,-0.613,0.828
-0.039,-0.613,0.828
-0.035,-0.609,0.832
-0.031,-0.609,0.828
-0.031,-0.609,0.832
-0.035,-0.613,0.836
-0.039,-0.613,0.832
-0.039,-0.605,0.836
-0.039,-0.609,0.84
-0.039,-0.617,0.836
-0.039,-0.613,0.84
-0.039,-0.613,0.84
-0.035,-0.609,0.844
-0.039,-0.605,0.84
-0.039,-0.613,0.84
-0.039,-0.613,0.836
-0.039,-0.617,0.832
-0.043,-0.617,0.836
-0.043,-0.613,0.836
-0.043,-0.613,0.84
-0.039,-0.613,0.84
-0.039,-0.617,0.84
-0.043,-0.613,0.84
-0.035,-0.613,0.844
-0.035,-0.613,0.844
-0.039,-0.605,0.848
-0.039,-0.605,0.844
-0.043,-0.605,0.844
-0.043,-0.605,0.844
-0.039,-0.605,0.844
-0.039,-0.605,0.836
-0.039,-0.605,0.84
-0.039,-0.605,0.84
-0.039,-0.602,0.84
-0.039,-0.602,0.844
-0.043,-0.602,0.844
-0.043,-0.598,0.844
-0.043,-0.602,0.844
-0.043,-0.598,0.84
-0.043,-0.598,0.844
-0.043,-0.598,0.836
-0.039,-0.605,0.84
-0.039,-0.605,0.844
-0.039,-0.602,0.844
-0.035,-0.602,0.844
-0.035,-0.598,0.844
-0.047,-0.59,0.844
-0.035,-0.594,0.852
-0.035,-0.598,0.848
-0.039,-0.605,0.844
-0.035,-0.602,0.844
-0.031,-0.602,0.844
-0.035,-0.598,0.84
-0.035,-0.598,0.84
-0.035,-0.602,0.852
-0.031,-0.602,0.848
-0.035,-0.598,0.848
-0.035,-0.598,0.848
-0.035,-0.598,0.844
-0.035,-0.598,0.844
-0.031,-0.602,0.84
-0.035,-0.605,0.836
-0.035,-0.602,0.84
-0.035,-0.598,0.844
-0.031,-0.598,0.844
-0.031,-0.598,0.84
-0.031,-0.602,0.84
-0.027,-0.602,0.848
-0.031,-0.598,0.844
-0.035,-0.598,0.844
-0.031,-0.602,0.84
-0.035,-0.598,0.844
-0.039,-0.598,0.844
-0.031,-0.602,0.84
-0.031,-0.602,0.844
-0.031,-0.605,0.836
-0.035,-0.609,0.836
-0.031,-0.605,0.832
-0.035,-0.605,0.832
-0.035,-0.609,0.836
-0.039,-0.609,0.84
-0.031,-0.605,0.84
-0.027,-0.602,0.832
-0.027,-0.605,0.828
-0.027,-0.602,0.836
-0.027,-0.609,0.836
-0.027,-0.609,0.84
-0.027,-0.609,0.84
-0.027,-0.613,0.836
-0.031,-0.609,0.836
-0.031,-0.613,0.836
-0.031,-0.617,0.832
-0.027,-0.617,0.832
-0.027,-0.613,0.836
-0.027,-0.609,0.832
-0.027,-0.617,0.832
-0.031,-0.617,0.832
-0.02,-0.621,0.836
-0.02,-0.621,0.828
-0.023,-0.621,0.828
-0.023,-0.617,0.836
-0.023,-0.617,0.836
-0.02,-0.617,0.836
-0.016,-0.609,0.832
-0.02,-0.609,0.828
-0.023,-0.617,0.828
-0.02,-0.621,0.832
-0.016,-0.617,0.832
-0.012,-0.613,0.832
-0.012,-0.613,0.828
-0.012,-0.617,0.828
-0.02,-0.621,0.832
-0.02,-0.617,0.828
-0.02,-0.617,0.828
-0.02,-0.617,0.824
-0.023,-0.617,0.828
-0.027,-0.613,0.828
-0.027,-0.617,0.832
-0.027,-0.625,0.836
-0.02,-0.617,0.844
-0.02,-0.613,0.848
-0.02,-0.605,0.848
-0.016,-0.602,0.844
-0.016,-0.602,0.836
-0.023,-0.602,0.836
-0.02,-0.609,0.832
-0.016,-0.605,0.836
-0.02,-0.609,0.828
-0.016,-0.609,0.824
-0.023,-0.613,0.828
-0.027,-0.613,0.828
-0.023,-0.613,0.832
-0.023,-0.609,0.836
-0.027,-0.605,0.844
-0.027,-0.602,0.844
-0.027,-0.602,0.848
-0.027,-0.602,0.844
-0.023,-0.602,0.844
-0.02,-0.598,0.848
-0.023,-0.598,0.852
-0.016,-0.598,0.848
-0.023,-0.602,0.848
-0.023,-0.605,0.848
-0.02,-0.602,0.852
-0.016,-0.602,0.855
-0.012,-0.598,0.852
-0.02,-0.594,0.848
-0.016,-0.594,0.852
-0.02,-0.59,0.844
-0.023,-0.59,0.832
-0.027,-0.594,0.836
-0.027,-0.594,0.84
-0.035,-0.598,0.84
-0.031,-0.598,0.836
-0.035,-0.598,0.836
-0.027,-0.598,0.832
-0.02,-0.598,0.836
-0.016,-0.602,0.84
-0.012,-0.602,0.844
-0.012,-0.605,0.844
-0.008,-0.609,0.844
-0.016,-0.605,0.844
-0.016,-0.609,0.84
-0.016,-0.605,0.836
-0.023,-0.602,0.836
-0.027,-0.609,0.832
-0.027,-0.609,0.836
-0.027,-0.613,0.84
-0.027,-0.613,0.832
-0.027,-0.617,0.832
-0.023,-0.617,0.832
-0.027,-0.617,0.832
-0.023,-0.621,0.828
-0.023,-0.625,0.824
-0.023,-0.621,0.824
-0.023,-0.621,0.824
-0.02,-0.625,0.832
-0.023,-0.629,0.836
-0.023,-0.625,0.84
-0.016,-0.621,0.84
-0.023,-0.617,0.844
-0.023,-0.617,0.844
-0.031,-0.617,0.84
-0.027,-0.617,0.836
-0.023,-0.613,0.84
-0.027,-0.609,0.84
-0.031,-0.605,0.848
-0.031,-0.602,0.848
-0.035,-0.602,0.844
-0.031,-0.598,0.84
-0.027,-0.598,0.84
-0.027,-0.598,0.844
-0.02,-0.594,0.84
-0.023,-0.594,0.84
-0.027,-0.598,0.836
-0.023,-0.598,0.836
-0.039,-0.598,0.832
-0.027,-0.602,0.84
-0.023,-0.602,0.832
-0.023,-0.605,0.832
-0.027,-0.605,0.832
-0.023,-0.605,0.832
-0.023,-0.605,0.836
-0.023,-0.609,0.832
-0.023,-0.609,0.832
-0.023,-0.613,0.828
-0.027,-0.617,0.828
-0.027,-0.617,0.832
-0.027,-0.617,0.836
-0.023,-0.617,0.832
-0.027,-0.617,0.828
-0.027,-0.621,0.832
-0.031,-0.629,0.828
-0.031,-0.625,0.828
-0.035,-0.629,0.828
-0.031,-0.629,0.824
-0.031,-0.625,0.82
-0.035,-0.633,0.828
-0.039,-0.633,0.836
-0.039,-0.629,0.828
-0.031,-0.629,0.824
-0.035,-0.633,0.824
-0.031,-0.629,0.824
-0.027,-0.625,0.832
-0.023,-0.617,0.836
-0.016,-0.613,0.84
-0.016,-0.613,0.836
-0.023,-0.617,0.84
-0.02,-0.617,0.832
-0.023,-0.613,0.832
-0.027,-0.617,0.832
-0.027,-0.613,0.836
-0.031,-0.617,0.836
-0.023,-0.621,0.832
-0.027,-0.625,0.832
-0.027,-0.621,0.836
-0.031,-0.621,0.832
-0.027,-0.617,0.832
-0.031,-0.621,0.836
-0.031,-0.629,0.832
-0.023,-0.613,0.832
-0.027,-0.609,0.836
-0.031,-0.609,0.836
-0.027,-0.613,0.84
-0.023,-0.613,0.84
-0.023,-0.613,0.844
-0.031,-0.609,0.844
-0.027,-0.605,0.848
-0.027,-0.605,0.84
-0.02,-0.602,0.844
-0.023,-0.602,0.844
-0.023,-0.594,0.844
-0.02,-0.582,0.84
-0.02,-0.582,0.844
-0.023,-0.578,0.848
-0.035,-0.586,0.852
-0.035,-0.586,0.848
-0.035,-0.586,0.848
-0.035,-0.586,0.852
-0.039,-0.582,0.852
-0.039,-0.582,0.852
-0.043,-0.582,0.848
-0.043,-0.578,0.852
-0.047,-0.582,0.848
-0.047,-0.586,0.852
-0.051,-0.594,0.852
-0.055,-0.594,0.848
-0.051,-0.594,0.852
-0.051,-0.594,0.855
-0.051,-0.598,0.848
-0.055,-0.602,0.848
-0.047,-0.605,0.848
-0.043,-0.605,0.852
-0.043,-0.602,0.848
-0.039,-0.609,0.844
-0.043,-0.617,0.844
-0.043,-0.617,0.84
-0.043,-0.617,0.84
-0.039,-0.617,0.844
-0.035,-0.617,0.844
-0.039,-0.621,0.844
-0.039,-0.621,0.844
-0.039,-0.625,0.844
-0.039,-0.625,0.844
-0.035,-0.617,0.844
-0.035,-0.621,0.832
-0.039,-0.625,0.832
-0.039,-0.617,0.828
-0.039,-0.617,0.832
-0.039,-0.613,0.84
-0.035,-0.609,0.84
-0.031,-0.605,0.84
-0.027,-0.602,0.844
-0.031,-0.602,0.844
-0.031,-0.602,0.848
-0.031,-0.602,0.848
-0.039,-0.602,0.848
-0.027,-0.609,0.852
-0.031,-0.609,0.844
-0.027,-0.613,0.836
-0.023,-0.617,0.832
-0.016,-0.613,0.832
-0.012,-0.605,0.836
-0.012,-0.602,0.84
-0.004,-0.605,0.844
-0.004,-0.613,0.844
-0.008,-0.609,0.848
-0.012,-0.609,0.855
-0.027,-0.625,0.852
-0.027,-0.633,0.855
-0.031,-0.625,0.848
-0.027,-0.613,0.848
-0.02,-0.598,0.848
-0.008,-0.582,0.848
0.004,-0.563,0.848
0.008,-0.559,0.848
0.012,-0.555,0.852
0.008,-0.543,0.859
0.004,-0.531,0.859
0.008,-0.52,0.863
0.004,-0.508,0.867
-0.004,-0.512,0.863
-0.012,-0.52,0.848
-0.012,-0.523,0.832
-0.023,-0.527,0.828
-0.043,-0.523,0.828
-0.07,-0.523,0.836
-0.094,-0.531,0.848
-0.105,-0.539,0.852
-0.113,-0.551,0.855
-0.113,-0.555,0.852
-0.113,-0.547,0.855
-0.121,-0.539,0.855
-0.133,-0.535,0.863
-0.145,-0.531,0.875
-0.152,-0.535,0.895
-0.152,-0.551,0.91
-0.145,-0.57,0.922
-0.125,-0.59,0.93
-0.102,-0.602,0.93
-0.07,-0.602,0.93
-0.039,-0.59,0.926
-0.023,-0.586,0.914
-0.02,-0.59,0.906
-0.02,-0.59,0.898
-0.027,-0.586,0.887
-0.047,-0.574,0.871
-0.043,-0.57,0.867
-0.051,-0.566,0.852
-0.059,-0.555,0.84
-0.066,-0.547,0.832
-0.07,-0.539,0.828
-0.074,-0.531,0.828
-0.086,-0.531,0.824
-0.102,-0.527,0.824
-0.109,-0.527,0.824
-0.117,-0.516,0.828
-0.125,-0.508,0.836
-0.133,-0.504,0.836
-0.137,-0.504,0.84
-0.137,-0.504,0.828
-0.141,-0.508,0.824
-0.141,-0.516,0.824
-0.141,-0.523,0.816
-0.141,-0.527,0.809
-0.141,-0.531,0.793
-0.141,-0.531,0.797
-0.137,-0.539,0.809
-0.137,-0.551,0.813
-0.141,-0.57,0.824
-0.152,-0.59,0.824
-0.164,-0.598,0.824
-0.172,-0.617,0.832
-0.176,-0.629,0.832
-0.168,-0.641,0.844
-0.156,-0.66,0.852
-0.145,-0.676,0.863
-0.141,-0.691,0.883
-0.148,-0.699,0.898
-0.164,-0.723,0.914
-0.18,-0.754,0.93
-0.195,-0.785,0.941
-0.207,-0.816,0.953
-0.223,-0.832,0.969
-0.227,-0.832,0.984
-0.227,-0.855,0.996
-0.203,-0.895,0.988
-0.16,-0.922,0.965
-0.113,-0.914,0.965
-0.082,-0.906,0.988
-0.059,-0.914,1
-0.031,-0.898,0.988
-0.004,-0.844,0.977
-0.004,-0.742,0.957
-0.027,-0.621,0.945
-0.059,-0.523,0.941
-0.082,-0.457,0.91
-0.059,-0.395,0.879
-0.051,-0.332,0.848
-0.043,-0.27,0.832
-0.027,-0.223,0.844
0.004,-0.207,0.867
0.055,-0.219,0.891
0.125,-0.25,0.906
0.184,-0.289,0.926
0.242,-0.328,0.938
0.273,-0.363,0.953
0.289,-0.383,0.969
0.281,-0.379,0.992
0.246,-0.367,1.004
0.191,-0.355,1.004
0.137,-0.336,0.996
0.102,-0.324,0.992
0.086,-0.313,0.977
0.098,-0.316,0.961
0.117,-0.32,0.945
0.133,-0.336,0.918
0.133,-0.344,0.902
0.129,-0.359,0.883
0.121,-0.367,0.867
0.117,-0.383,0.855
0.121,-0.395,0.852
0.121,-0.41,0.844
0.129,-0.406,0.828
0.137,-0.402,0.816
0.137,-0.383,0.805
0.133,-0.371,0.793
0.117,-0.359,0.785
0.105,-0.359,0.785
0.109,-0.379,0.789
0.125,-0.402,0.789
0.148,-0.422,0.797
0.164,-0.445,0.82
0.176,-0.461,0.859
0.184,-0.48,0.895
0.199,-0.496,0.914
0.207,-0.5,0.918
0.207,-0.5,0.918
0.199,-0.492,0.922
0.18,-0.48,0.914
0.16,-0.473,0.91
0.148,-0.477,0.902
0.137,-0.488,0.895
0.125,-0.492,0.883
0.125,-0.496,0.875
0.117,-0.496,0.879
0.105,-0.496,0.891
0.105,-0.5,0.91
0.109,-0.492,0.914
0.109,-0.488,0.926
0.117,-0.48,0.93
0.113,-0.484,0.922
0.102,-0.492,0.918
0.102,-0.492,0.906
0.098,-0.504,0.898
0.098,-0.504,0.898
0.129,-0.492,0.906
0.164,-0.492,0.922
0.195,-0.496,0.93
0.219,-0.5,0.93
0.23,-0.504,0.93
0.219,-0.504,0.93
0.203,-0.492,0.934
0.188,-0.477,0.957
0.168,-0.5,1.027
0.156,-0.625,1.156
0.105,-0.848,1.09
-0.023,-0.949,1.016
-0.141,-0.848,1.066
-0.227,-0.609,1.117
-0.301,-0.305,1.176
-0.352,-0.063,1.246
-0.375,-0.012,1.25
-0.363,-0.09,1.211
-0.332,-0.223,1.168
-0.293,-0.352,1.125
-0.238,-0.453,1.094
-0.184,-0.527,1.078
-0.141,-0.543,1.051
-0.105,-0.512,1.02
-0.059,-0.473,0.988
-0.008,-0.449,0.949
0.051,-0.41,0.902
0.098,-0.363,0.852
0.117,-0.32,0.809
0.121,-0.301,0.777
0.102,-0.309,0.762
0.066,-0.336,0.738
0.031,-0.375,0.723
-0.012,-0.414,0.707
-0.035,-0.441,0.695
-0.043,-0.453,0.684
-0.043,-0.457,0.691
-0.027,-0.461,0.707
-0.02,-0.461,0.711
-0.012,-0.461,0.715
-0.023,-0.461,0.715
-0.027,-0.469,0.715
-0.051,-0.473,0.719
-0.082,-0.484,0.727
-0.102,-0.496,0.723
-0.105,-0.512,0.719
-0.102,-0.516,0.715
-0.09,-0.523,0.719
-0.082,-0.555,0.727
-0.078,-0.613,0.73
-0.078,-0.684,0.738
-0.082,-0.734,0.746
-0.094,-0.777,0.762
-0.105,-0.801,0.793
-0.113,-0.824,0.859
-0.113,-0.871,0.93
-0.109,-0.898,0.988
-0.102,-0.898,1.035
-0.109,-0.875,1.066
-0.137,-0.859,1.082
-0.176,-0.875,1.074
-0.203,-0.914,1.078
-0.219,-0.992,1.09
-0.203,-1.09,1.066
-0.133,-1.137,1.039
-0.063,-1.137,1.066
0.004,-1.078,1.059
0.066,-0.941,1.031
0.109,-0.742,1.004
0.129,-0.527,1.008
0.129,-0.324,1.008
0.125,-0.184,0.973
0.133,-0.102,0.934
0.117,-0.086,0.895
0.082,-0.145,0.875
0.066,-0.246,0.898
0.07,-0.348,0.914
0.094,-0.43,0.922
0.109,-0.449,0.918
0.098,-0.422,0.926
0.066,-0.371,0.93
0.012,-0.328,0.922
-0.043,-0.277,0.91
-0.074,-0.227,0.918
-0.07,-0.195,0.922
-0.055,-0.211,0.918
-0.035,-0.266,0.91
-0.023,-0.313,0.871
-0.016,-0.344,0.844
-0.02,-0.371,0.832
-0.027,-0.371,0.82
-0.02,-0.375,0.801
-0.016,-0.379,0.781
-0.004,-0.383,0.75
0.012,-0.371,0.727
0.016,-0.348,0.711
0.02,-0.32,0.695
0.023,-0.293,0.699
0.027,-0.277,0.719
0.039,-0.277,0.727
0.055,-0.305,0.746
0.07,-0.336,0.777
0.07,-0.375,0.793
0.066,-0.41,0.809
0.063,-0.453,0.816
0.063,-0.488,0.84
0.074,-0.52,0.867
0.086,-0.559,0.895
0.082,-0.598,0.93
0.07,-0.621,0.98
0.051,-0.629,1.039
0.027,-0.629,1.09
0,-0.613,1.133
-0.02,-0.602,1.16
-0.035,-0.582,1.164
-0.055,-0.57,1.141
-0.063,-0.566,1.109
-0.043,-0.602,1.105
-0.008,-0.691,1.098
0.004,-0.809,1.07
-0.035,-0.883,1.063
-0.113,-0.879,1.098
-0.195,-0.801,1.09
-0.27,-0.633,1.059
-0.313,-0.418,1.051
-0.316,-0.23,1.059
-0.313,-0.133,1.047
-0.301,-0.164,1.031
-0.273,-0.273,1.023
-0.223,-0.41,1.02
-0.156,-0.555,1.031
-0.078,-0.676,1.027
-0.012,-0.676,1.02
0.023,-0.594,1
0.051,-0.473,0.961
0.09,-0.367,0.922
0.125,-0.301,0.895
0.129,-0.293,0.855
0.117,-0.328,0.816
0.098,-0.371,0.77
0.051,-0.414,0.734
0.016,-0.441,0.723
-0.016,-0.453,0.711
-0.039,-0.461,0.711
-0.047,-0.461,0.707
-0.039,-0.457,0.707
-0.02,-0.461,0.699
0,-0.469,0.688
0.012,-0.48,0.676
-0.008,-0.484,0.672
-0.039,-0.477,0.676
-0.066,-0.469,0.68
-0.086,-0.465,0.699
-0.102,-0.461,0.711
-0.109,-0.457,0.738
-0.113,-0.465,0.785
-0.117,-0.488,0.824
-0.113,-0.516,0.855
-0.109,-0.547,0.891
-0.109,-0.602,0.914
-0.113,-0.652,0.938
-0.121,-0.688,0.973
-0.133,-0.723,1.016
-0.141,-0.762,1.051
-0.16,-0.793,1.055
-0.184,-0.82,1.035
-0.227,-0.844,1.008
-0.266,-0.863,1.008
-0.297,-0.941,1.051
-0.293,-1.098,1.035
-0.211,-1.199,0.961
-0.082,-1.188,0.984
0.043,-1.094,0.996
0.137,-0.879,0.98
0.184,-0.617,1.004
0.199,-0.371,1.027
0.211,-0.203,1.004
0.219,-0.121,0.98
0.23,-0.094,0.961
0.223,-0.121,0.941
0.195,-0.188,0.957
0.172,-0.277,1.004
0.148,-0.375,1.043
0.141,-0.453,1.047
0.129,-0.465,1.012
0.086,-0.422,0.98
0.023,-0.367,0.957
-0.031,-0.305,0.93
-0.043,-0.258,0.91
-0.02,-0.25,0.883
0,-0.266,0.84
0.035,-0.285,0.805
0.043,-0.301,0.766
0.031,-0.309,0.75
0.012,-0.32,0.75
-0.004,-0.332,0.758
-0.008,-0.355,0.77
-0.008,-0.375,0.758
0.008,-0.391,0.742
0.02,-0.402,0.73
0.027,-0.426,0.719
0.031,-0.449,0.711
0.031,-0.457,0.711
0.043,-0.457,0.715
0.051,-0.441,0.727
0.063,-0.418,0.754
0.074,-0.387,0.789
0.078,-0.363,0.82
0.09,-0.367,0.844
0.09,-0.402,0.863
0.082,-0.457,0.863
0.09,-0.52,0.875
0.102,-0.59,0.887
0.121,-0.664,0.895
0.125,-0.727,0.895
0.109,-0.75,0.91
0.078,-0.73,0.957
0.051,-0.684,1.02
0.027,-0.637,1.07
0.02,-0.609,1.094
0.031,-0.598,1.098
0.055,-0.578,1.09
0.09,-0.563,1.094
0.117,-0.637,1.137
0.125,-0.797,1.152
0.078,-0.973,1.086
-0.023,-1.023,1.063
-0.121,-0.902,1.082
-0.195,-0.672,1.105
-0.266,-0.406,1.117
-0.309,-0.18,1.117
-0.324,-0.051,1.113
-0.313,-0.047,1.094
-0.289,-0.176,1.078
-0.266,-0.352,1.07
-0.219,-0.52,1.051
-0.16,-0.629,1.023
-0.109,-0.648,1.012
-0.086,-0.586,0.992
-0.047,-0.492,0.957
0,-0.391,0.91
0.059,-0.313,0.871
0.086,-0.281,0.836
0.082,-0.297,0.797
0.066,-0.34,0.758
0.051,-0.387,0.723
0.031,-0.422,0.695
0.008,-0.441,0.68
-0.004,-0.441,0.672
-0.02,-0.43,0.664
-0.035,-0.426,0.672
-0.039,-0.426,0.668
-0.035,-0.422,0.664
-0.027,-0.418,0.656
-0.02,-0.406,0.656
-0.02,-0.406,0.664
-0.031,-0.414,0.676
-0.055,-0.43,0.688
-0.066,-0.453,0.691
-0.082,-0.48,0.695
-0.102,-0.516,0.711
-0.125,-0.547,0.727
-0.145,-0.59,0.734
-0.16,-0.637,0.758
-0.152,-0.684,0.785
-0.148,-0.719,0.82
-0.16,-0.73,0.883
-0.18,-0.754,0.969
-0.195,-0.777,1.039
-0.207,-0.797,1.09
-0.219,-0.805,1.113
-0.234,-0.832,1.105
-0.27,-0.875,1.063
-0.313,-0.918,1.047
-0.344,-1.008,1.094
-0.324,-1.16,1.098
-0.219,-1.297,1.055
-0.039,-1.32,1.043
0.125,-1.176,1.008
0.215,-0.902,1.016
0.258,-0.637,1.066
0.273,-0.418,1.074
0.285,-0.227,1.059
0.285,-0.098,1.043
0.254,-0.066,1.016
0.203,-0.105,0.988
0.16,-0.18,0.992
0.137,-0.27,1
0.125,-0.352,0.988
0.098,-0.391,0.957
0.043,-0.375,0.918
-0.004,-0.359,0.902
-0.059,-0.32,0.879
-0.109,-0.262,0.859
-0.125,-0.215,0.859
-0.113,-0.195,0.871
-0.078,-0.223,0.871
-0.047,-0.266,0.852
-0.031,-0.309,0.828
-0.035,-0.348,0.805
-0.047,-0.355,0.797
-0.066,-0.348,0.805
-0.078,-0.34,0.805
-0.082,-0.34,0.805
-0.082,-0.359,0.785
-0.082,-0.383,0.746
-0.07,-0.406,0.719
-0.063,-0.426,0.707
-0.039,-0.426,0.707
-0.031,-0.402,0.711
-0.016,-0.375,0.73
0,-0.363,0.762
0.012,-0.379,0.793
0.02,-0.426,0.813
0.035,-0.488,0.82
0.047,-0.551,0.832
0.066,-0.582,0.855
0.098,-0.59,0.875
0.113,-0.582,0.891
0.117,-0.563,0.922
0.102,-0.551,0.977
0.07,-0.551,1.027
0.023,-0.555,1.07
-0.008,-0.551,1.082
-0.016,-0.555,1.074
0.004,-0.559,1.035
0.035,-0.578,1.016
0.07,-0.648,1.043
0.078,-0.828,1.07
0.031,-1.039,0.984
-0.098,-1.164,0.949
-0.234,-1.141,1.008
-0.352,-0.98,1.043
-0.43,-0.703,1.066
-0.445,-0.387,1.094
-0.406,-0.156,1.09
-0.355,-0.063,1.066
-0.301,-0.098,1.039
-0.262,-0.238,1.039
-0.238,-0.43,1.051
-0.234,-0.609,1.031
-0.191,-0.699,1
-0.16,-0.664,0.984
-0.117,-0.563,0.992
-0.051,-0.465,0.984
0.039,-0.387,0.949
0.113,-0.344,0.914
0.141,-0.34,0.875
0.137,-0.359,0.836
0.113,-0.391,0.797
0.066,-0.422,0.766
0.02,-0.43,0.742
-0.016,-0.441,0.723
-0.035,-0.445,0.711
-0.039,-0.441,0.703
-0.027,-0.445,0.684
-0.016,-0.445,0.664
-0.004,-0.449,0.652
-0.008,-0.457,0.645
-0.027,-0.461,0.645
-0.051,-0.469,0.645
-0.078,-0.492,0.645
-0.098,-0.504,0.648
-0.109,-0.52,0.652
-0.117,-0.523,0.672
-0.113,-0.527,0.703
-0.113,-0.543,0.73
-0.109,-0.57,0.742
-0.094,-0.598,0.766
-0.094,-0.641,0.789
-0.105,-0.684,0.809
-0.113,-0.695,0.852
-0.133,-0.711,0.91
-0.152,-0.73,0.977
-0.176,-0.75,1.039
-0.191,-0.766,1.078
-0.199,-0.781,1.082
-0.215,-0.813,1.059
-0.25,-0.852,1.027
-0.293,-0.91,1.047
-0.32,-1.051,1.074
-0.293,-1.207,1.027
-0.184,-1.285,1.004
-0.047,-1.242,1.012
0.063,-1.063,1.012
0.117,-0.84,1.078
0.16,-0.656,1.105
0.199,-0.477,1.09
0.227,-0.313,1.066
0.227,-0.184,1.031
0.191,-0.121,0.996
0.152,-0.129,0.988
0.113,-0.156,0.977
0.09,-0.207,0.969
0.082,-0.262,0.957
0.078,-0.293,0.938
0.055,-0.297,0.93
0.008,-0.297,0.906
-0.043,-0.281,0.879
-0.09,-0.258,0.859
-0.113,-0.234,0.852
-0.105,-0.219,0.859
-0.078,-0.234,0.871
-0.027,-0.262,0.867
0.008,-0.301,0.852
0.023,-0.328,0.836
0.012,-0.34,0.824
-0.023,-0.348,0.824
-0.055,-0.348,0.816
-0.078,-0.344,0.797
-0.098,-0.348,0.77
-0.098,-0.355,0.75
-0.082,-0.375,0.742
-0.059,-0.422,0.719
-0.02,-0.465,0.695
0.008,-0.484,0.684
0.035,-0.488,0.68
0.051,-0.469,0.688
0.07,-0.445,0.734
0.074,-0.434,0.789
0.066,-0.449,0.824
0.063,-0.492,0.848
0.063,-0.543,0.863
0.078,-0.578,0.867
0.105,-0.574,0.887
0.133,-0.578,0.914
0.137,-0.582,0.914
0.117,-0.59,0.941
0.074,-0.594,0.988
0.023,-0.598,1.027
-0.016,-0.59,1.047
-0.043,-0.59,1.066
-0.035,-0.645,1.129
-0.012,-0.797,1.191
-0.023,-1.016,1.133
-0.094,-1.145,1.055
-0.195,-1.09,1.078
-0.277,-0.887,1.113
-0.324,-0.625,1.148
-0.324,-0.402,1.168
-0.316,-0.258,1.168
-0.305,-0.219,1.148
-0.309,-0.266,1.102
-0.313,-0.375,1.066
-0.293,-0.48,1.031
-0.246,-0.563,1.012
-0.195,-0.574,1
-0.168,-0.535,0.992
-0.156,-0.484,0.984
-0.113,-0.441,0.961
-0.027,-0.391,0.922
0.074,-0.328,0.887
0.152,-0.273,0.867
0.176,-0.25,0.844
0.168,-0.246,0.813
0.129,-0.262,0.777
0.078,-0.285,0.746
0.016,-0.305,0.727
-0.023,-0.324,0.711
-0.051,-0.34,0.699
-0.051,-0.355,0.684
-0.047,-0.383,0.68
-0.039,-0.406,0.664
-0.027,-0.422,0.66
-0.02,-0.434,0.664
-0.031,-0.441,0.672
-0.059,-0.453,0.684
-0.086,-0.461,0.703
-0.105,-0.465,0.719
-0.129,-0.477,0.734
-0.145,-0.496,0.746
-0.156,-0.531,0.766
-0.156,-0.57,0.781
-0.152,-0.625,0.805
-0.148,-0.672,0.832
-0.145,-0.715,0.855
-0.148,-0.738,0.895
-0.164,-0.746,0.957
-0.18,-0.754,1.027
-0.191,-0.766,1.086
-0.188,-0.781,1.109
-0.191,-0.793,1.109
-0.199,-0.801,1.078
-0.234,-0.805,1.027
-0.277,-0.805,0.992
-0.313,-0.832,1.008
-0.344,-0.945,1.023
-0.324,-1.078,0.941
-0.238,-1.129,0.906
-0.121,-1.066,0.906
-0.039,-0.863,0.926
0.031,-0.645,1.039
0.098,-0.477,1.09
0.188,-0.34,1.082
0.25,-0.234,1.066
0.273,-0.184,1.039
0.242,-0.191,1.043
0.184,-0.215,1.074
0.125,-0.258,1.098
0.078,-0.313,1.098
0.043,-0.336,1.063
0.008,-0.344,1.02
-0.035,-0.336,0.973
-0.086,-0.301,0.918
-0.129,-0.254,0.875
-0.145,-0.223,0.852
-0.137,-0.215,0.836
-0.117,-0.234,0.824
-0.082,-0.273,0.797
-0.051,-0.324,0.773
-0.023,-0.379,0.75
-0.012,-0.406,0.73
-0.016,-0.414,0.723
-0.02,-0.406,0.727
-0.027,-0.395,0.727
-0.031,-0.387,0.723
-0.035,-0.395,0.707
-0.039,-0.41,0.684
-0.039,-0.414,0.66
-0.023,-0.402,0.652
-0.004,-0.391,0.66
0.02,-0.383,0.684
0.035,-0.391,0.715
0.055,-0.402,0.754
0.066,-0.43,0.805
0.063,-0.465,0.848
0.059,-0.512,0.887
0.066,-0.559,0.914
0.086,-0.602,0.922
0.102,-0.629,0.93
0.098,-0.629,0.941
0.07,-0.605,0.984
0.027,-0.59,1.035
-0.004,-0.582,1.09
-0.012,-0.582,1.102
0.012,-0.59,1.078
0.051,-0.609,1.07
0.078,-0.691,1.129
0.082,-0.895,1.156
0.012,-1.098,1.051
-0.148,-1.152,1.031
-0.266,-1.066,1.07
-0.34,-0.848,1.09
-0.367,-0.566,1.113
-0.359,-0.332,1.148
-0.348,-0.215,1.176
-0.34,-0.227,1.16
-0.336,-0.348,1.145
-0.32,-0.477,1.102
-0.277,-0.57,1.051
-0.223,-0.582,1.031
-0.188,-0.516,1.035
-0.148,-0.422,1.035
-0.09,-0.359,1.012
-0.02,-0.332,0.953
0.051,-0.313,0.875
0.094,-0.293,0.805
0.098,-0.289,0.75
0.078,-0.293,0.715
0.055,-0.316,0.691
0.031,-0.348,0.668
0.008,-0.379,0.656
-0.012,-0.402,0.645
-0.027,-0.426,0.637
-0.047,-0.441,0.645
-0.066,-0.449,0.648
-0.07,-0.445,0.652
-0.078,-0.441,0.652
-0.082,-0.434,0.66
-0.086,-0.426,0.668
-0.098,-0.438,0.684
-0.105,-0.457,0.691
-0.113,-0.469,0.684
-0.121,-0.477,0.707
-0.125,-0.492,0.738
-0.129,-0.523,0.773
-0.145,-0.582,0.801
-0.145,-0.648,0.813
-0.145,-0.699,0.828
-0.141,-0.727,0.863
-0.141,-0.742,0.926
-0.148,-0.758,0.992
-0.16,-0.801,1.043
-0.16,-0.844,1.078
-0.156,-0.871,1.09
-0.16,-0.887,1.078
-0.172,-0.902,1.07
-0.203,-0.938,1.078
-0.227,-1.023,1.094
-0.211,-1.125,1.059
-0.152,-1.16,1.023
-0.051,-1.105,1.008
0.023,-0.938,0.996
0.059,-0.758,1.055
0.094,-0.625,1.063
0.152,-0.492,1.016
0.215,-0.359,0.992
0.246,-0.258,0.965
0.23,-0.203,0.922
0.188,-0.191,0.922
0.137,-0.227,0.949
0.098,-0.309,0.977
0.094,-0.398,0.969
0.098,-0.438,0.941
0.102,-0.434,0.93
0.086,-0.41,0.906
0.051,-0.379,0.875
0.004,-0.332,0.844
-0.031,-0.293,0.828
-0.043,-0.27,0.813
-0.035,-0.25,0.805
-0.02,-0.258,0.785
0.012,-0.27,0.766
0.023,-0.281,0.75
0.035,-0.301,0.754
0.031,-0.32,0.762
0.02,-0.348,0.762
0.008,-0.379,0.77
0.016,-0.406,0.766
0.039,-0.43,0.762
0.055,-0.449,0.766
0.074,-0.473,0.754
0.078,-0.488,0.734
0.074,-0.473,0.73
0.066,-0.457,0.734
0.055,-0.434,0.742
0.039,-0.426,0.758
0.035,-0.422,0.793
0.023,-0.441,0.828
0.008,-0.477,0.852
-0.004,-0.512,0.871
0.008,-0.547,0.879
0.035,-0.566,0.891
0.066,-0.57,0.914
0.066,-0.57,0.93
0.043,-0.566,0.949
0.012,-0.566,1.008
-0.016,-0.566,1.063
-0.023,-0.563,1.094
-0.004,-0.563,1.098
0.016,-0.566,1.07
0.047,-0.574,1.082
0.066,-0.637,1.117
0.07,-0.781,1.125
0.027,-0.93,1.043
-0.055,-0.973,0.996
-0.129,-0.887,1.012
-0.172,-0.676,1.047
-0.211,-0.449,1.141
-0.262,-0.324,1.27
-0.32,-0.336,1.289
-0.34,-0.406,1.238
-0.293,-0.449,1.176
-0.176,-0.488,1.156
-0.051,-0.48,1.168
0.035,-0.426,1.152
0.074,-0.375,1.109
0.09,-0.348,1.074
0.102,-0.363,1.035
0.117,-0.379,0.953
0.133,-0.363,0.867
0.141,-0.324,0.805
0.133,-0.289,0.758
0.113,-0.27,0.73
0.09,-0.281,0.707
0.051,-0.316,0.684
0.012,-0.363,0.664
-0.027,-0.406,0.652
-0.063,-0.422,0.648
-0.09,-0.422,0.648
-0.102,-0.406,0.664
-0.109,-0.395,0.676
-0.113,-0.379,0.676
-0.113,-0.371,0.68
-0.125,-0.379,0.691
-0.141,-0.391,0.707
-0.156,-0.418,0.715
-0.164,-0.449,0.715
-0.168,-0.48,0.715
-0.176,-0.504,0.715
-0.172,-0.527,0.727
-0.172,-0.574,0.746
-0.16,-0.621,0.773
-0.152,-0.672,0.797
-0.156,-0.711,0.813
-0.16,-0.734,0.863
-0.18,-0.754,0.957
-0.191,-0.773,1.043
-0.199,-0.785,1.098
-0.191,-0.781,1.125
-0.199,-0.766,1.125
-0.207,-0.77,1.094
-0.23,-0.789,1.031
-0.25,-0.824,0.969
-0.273,-0.883,0.98
-0.293,-1.039,0.984
-0.262,-1.191,0.867
-0.176,-1.242,0.816
-0.074,-1.188,0.832
0.016,-1.027,0.805
0.074,-0.805,0.84
0.133,-0.594,0.922
0.188,-0.422,0.973
0.242,-0.27,1.004
0.281,-0.176,1.02
0.289,-0.172,1.023
0.27,-0.219,1.027
0.227,-0.266,1.031
0.184,-0.293,1.047
0.141,-0.316,1.059
0.09,-0.336,1.047
0.039,-0.355,1.023
-0.008,-0.367,0.98
-0.051,-0.34,0.934
-0.098,-0.293,0.902
-0.121,-0.246,0.898
-0.121,-0.238,0.898
-0.098,-0.262,0.887
-0.066,-0.297,0.871
-0.035,-0.344,0.84
-0.023,-0.375,0.809
-0.023,-0.402,0.789
-0.039,-0.402,0.785
-0.07,-0.398,0.777
-0.086,-0.391,0.773
-0.094,-0.402,0.766
-0.086,-0.414,0.742
-0.074,-0.43,0.715
-0.051,-0.41,0.703
-0.031,-0.391,0.711
-0.016,-0.383,0.719
-0.004,-0.371,0.727
0.012,-0.363,0.742
0.02,-0.371,0.762
0.023,-0.395,0.797
0.027,-0.434,0.82
0.027,-0.477,0.84
0.027,-0.496,0.859
0.035,-0.516,0.895
0.043,-0.543,0.922
0.051,-0.559,0.934
0.09,-0.566,0.965
0.105,-0.547,1
0.102,-0.527,1.039
0.086,-0.516,1.078
0.074,-0.508,1.09
0.078,-0.516,1.074
0.086,-0.531,1.035
0.105,-0.555,1.012
0.121,-0.617,1.051
0.125,-0.805,1.117
0.09,-1.063,1.02
-0.035,-1.168,0.973
-0.16,-1.105,1.035
-0.254,-0.91,1.051
-0.34,-0.609,1.063
-0.395,-0.305,1.105
-0.41,-0.125,1.156
-0.402,-0.102,1.172
-0.383,-0.207,1.168
-0.348,-0.344,1.137
-0.297,-0.477,1.09
-0.223,-0.566,1.059
-0.168,-0.559,1.031
-0.125,-0.488,1.027
-0.086,-0.43,1.016
-0.047,-0.391,0.969
0,-0.359,0.91
0.051,-0.316,0.844
0.082,-0.285,0.793
0.086,-0.266,0.754
0.078,-0.266,0.73
0.066,-0.281,0.719
0.059,-0.313,0.711
0.051,-0.352,0.699
0.043,-0.387,0.684
0.027,-0.402,0.68
0.012,-0.414,0.688
-0.004,-0.418,0.699
-0.016,-0.414,0.711
-0.031,-0.414,0.711
-0.051,-0.402,0.715
-0.074,-0.395,0.719
-0.094,-0.395,0.723
-0.109,-0.414,0.738
-0.105,-0.445,0.75
-0.105,-0.465,0.758
-0.109,-0.492,0.773
-0.125,-0.527,0.801
-0.141,-0.578,0.824
-0.168,-0.621,0.848
-0.164,-0.668,0.859
-0.164,-0.707,0.891
-0.16,-0.746,0.961
-0.148,-0.773,1.051
-0.133,-0.781,1.117
-0.125,-0.75,1.168
-0.125,-0.727,1.191
-0.164,-0.727,1.203
-0.207,-0.809,1.25
-0.238,-0.984,1.301
-0.191,-1.164,1.238
-0.055,-1.176,1.18
0.059,-1.039,1.18
0.074,-0.871,1.211
0.078,-0.727,1.176
0.09,-0.57,1.09
0.094,-0.398,1.016
0.07,-0.25,0.957
0.039,-0.156,0.918
0.008,-0.117,0.883
-0.02,-0.117,0.875
-0.027,-0.137,0.875
-0.008,-0.164,0.875
0.027,-0.195,0.875
0.063,-0.23,0.875
0.063,-0.27,0.879
0.035,-0.301,0.875
-0.004,-0.32,0.871
-0.051,-0.301,0.867
-0.078,-0.246,0.871
-0.074,-0.203,0.883
-0.047,-0.18,0.875
-0.008,-0.18,0.855
0.02,-0.188,0.836
0.027,-0.199,0.824
0.02,-0.223,0.824
0,-0.25,0.836
-0.016,-0.289,0.84
-0.023,-0.328,0.84
-0.016,-0.367,0.832
0.004,-0.398,0.828
0.02,-0.43,0.836
0.039,-0.453,0.828
0.051,-0.457,0.805
0.055,-0.449,0.789
0.039,-0.426,0.793
0.027,-0.402,0.793
0.008,-0.387,0.797
0.004,-0.375,0.813
-0.004,-0.363,0.84
0.012,-0.379,0.871
0.02,-0.406,0.887
0.023,-0.441,0.891
0.031,-0.469,0.898
0.047,-0.496,0.914
0.055,-0.52,0.922
0.039,-0.512,0.949
0.035,-0.484,1.02
0.023,-0.473,1.09
-0.004,-0.473,1.125
-0.031,-0.484,1.121
-0.035,-0.508,1.098
-0.031,-0.543,1.098
-0.027,-0.641,1.152
-0.031,-0.813,1.164
-0.074,-0.969,1.066
-0.164,-0.98,1.039
-0.23,-0.863,1.086
-0.262,-0.684,1.117
-0.285,-0.496,1.121
-0.324,-0.344,1.164
-0.371,-0.254,1.195
-0.426,-0.25,1.199
-0.441,-0.289,1.172
-0.383,-0.313,1.141
-0.266,-0.352,1.125
-0.148,-0.391,1.125
-0.043,-0.402,1.113
0.031,-0.398,1.07
0.074,-0.371,1.02
0.098,-0.34,0.98
0.102,-0.324,0.938
0.109,-0.297,0.887
0.117,-0.266,0.832
0.113,-0.246,0.801
0.102,-0.238,0.77
0.086,-0.254,0.75
0.063,-0.281,0.734
0.027,-0.316,0.707
0.004,-0.348,0.688
-0.02,-0.363,0.68
-0.035,-0.367,0.688
-0.043,-0.383,0.703
-0.047,-0.398,0.699
-0.039,-0.406,0.691
-0.039,-0.402,0.688
-0.047,-0.391,0.688
-0.051,-0.387,0.703
-0.063,-0.398,0.719
-0.086,-0.426,0.723
-0.098,-0.477,0.738
-0.113,-0.516,0.738
-0.137,-0.555,0.754
-0.152,-0.586,0.785
-0.148,-0.633,0.824
-0.141,-0.688,0.848
-0.125,-0.727,0.863
-0.109,-0.742,0.895
-0.105,-0.746,0.949
-0.109,-0.742,1.02
-0.121,-0.742,1.066
-0.125,-0.742,1.082
-0.137,-0.762,1.059
-0.188,-0.813,1
-0.273,-0.898,0.973
-0.371,-1.02,0.977
-0.387,-1.172,0.957
-0.309,-1.242,0.922
-0.199,-1.203,0.941
-0.094,-1.086,0.953
-0.02,-0.914,1.008
0.027,-0.754,1.047
0.098,-0.602,1.031
0.164,-0.449,1
0.199,-0.328,0.961
0.215,-0.25,0.938
0.191,-0.227,0.938
0.145,-0.242,0.957
0.082,-0.273,0.977
0.039,-0.305,0.977
0.02,-0.34,0.973
0,-0.367,0.969
-0.023,-0.391,0.957
-0.07,-0.406,0.93
-0.109,-0.402,0.895
-0.137,-0.379,0.871
-0.148,-0.348,0.855
-0.148,-0.328,0.855
-0.137,-0.316,0.852
-0.117,-0.313,0.844
-0.098,-0.328,0.848
-0.09,-0.355,0.836
-0.082,-0.391,0.828
-0.086,-0.41,0.824
-0.098,-0.422,0.82
-0.105,-0.438,0.824
-0.105,-0.43,0.832
-0.105,-0.426,0.828
-0.102,-0.441,0.824
-0.09,-0.461,0.816
-0.047,-0.484,0.785
-0.004,-0.477,0.754
0.039,-0.445,0.738
0.082,-0.402,0.734
0.125,-0.34,0.758
0.168,-0.289,0.805
0.195,-0.277,0.852
0.223,-0.305,0.883
0.238,-0.359,0.91
0.234,-0.41,0.934
0.203,-0.461,0.945
0.164,-0.477,0.949
0.141,-0.461,0.988
0.152,-0.41,1.039
0.195,-0.359,1.078
0.242,-0.34,1.07
0.285,-0.359,1.051
0.309,-0.434,1.043
0.313,-0.59,1.059
0.297,-0.785,1.016
0.199,-0.895,0.938
0.043,-0.902,0.93
-0.094,-0.824,0.949
-0.188,-0.676,0.953
-0.266,-0.512,0.988
-0.309,-0.375,1.109
-0.301,-0.309,1.199
-0.266,-0.34,1.219
-0.219,-0.418,1.18
-0.156,-0.5,1.133
-0.098,-0.535,1.117
-0.055,-0.527,1.117
-0.016,-0.508,1.125
0.035,-0.477,1.105
0.109,-0.441,1.035
0.184,-0.402,0.961
0.254,-0.371,0.891
0.309,-0.344,0.824
0.332,-0.328,0.762
0.336,-0.328,0.73
0.309,-0.324,0.711
0.227,-0.32,0.715
0.129,-0.313,0.73
0.035,-0.313,0.754
-0.039,-0.332,0.789
-0.094,-0.352,0.801
-0.129,-0.367,0.797
-0.121,-0.379,0.797
-0.082,-0.391,0.789
-0.055,-0.395,0.777
-0.016,-0.398,0.77
-0.012,-0.398,0.762
-0.047,-0.41,0.762
-0.082,-0.441,0.789
-0.113,-0.469,0.813
-0.129,-0.488,0.824
-0.145,-0.512,0.824
-0.137,-0.527,0.832
-0.105,-0.543,0.848
-0.07,-0.566,0.875
-0.039,-0.586,0.914
-0.02,-0.59,0.98
-0.016,-0.574,1.051
-0.023,-0.566,1.113
-0.035,-0.563,1.141
-0.051,-0.563,1.152
-0.082,-0.598,1.16
-0.113,-0.668,1.18
-0.133,-0.793,1.188
-0.129,-0.941,1.141
-0.094,-1,1.09
-0.039,-0.93,1.102
-0.004,-0.813,1.156
-0.008,-0.754,1.195
0,-0.73,1.168
0.02,-0.645,1.121
0.027,-0.488,1.066
0.023,-0.309,1
0.016,-0.184,0.918
0.016,-0.121,0.824
0.027,-0.109,0.773
0.047,-0.113,0.754
0.066,-0.113,0.77
0.09,-0.102,0.813
0.109,-0.102,0.875
0.125,-0.121,0.938
0.129,-0.172,0.996
0.121,-0.246,1.043
0.086,-0.309,1.051
0.039,-0.332,1.035
-0.004,-0.313,1.016
-0.031,-0.266,1.016
-0.035,-0.219,1.023
-0.023,-0.188,1.02
0.004,-0.18,1.008
0.035,-0.176,0.996
0.047,-0.176,0.984
0.047,-0.164,0.965
0.039,-0.148,0.953
0.016,-0.141,0.938
0.004,-0.148,0.922
-0.004,-0.16,0.898
0.004,-0.176,0.879
0.012,-0.188,0.867
0.023,-0.199,0.871
0.035,-0.199,0.879
0.059,-0.191,0.891
0.094,-0.184,0.906
0.129,-0.176,0.922
0.16,-0.184,0.941
0.188,-0.215,0.957
0.203,-0.273,0.973
0.211,-0.34,0.965
0.211,-0.402,0.941
0.215,-0.43,0.934
0.211,-0.426,0.945
0.191,-0.426,0.957
0.164,-0.43,0.961
0.141,-0.457,0.965
0.129,-0.473,0.973
0.129,-0.48,0.992
0.133,-0.477,1.004
0.129,-0.484,0.996
0.117,-0.492,0.977
0.094,-0.492,0.969
0.086,-0.512,1.047
0.066,-0.625,1.207
0.027,-0.863,1.227
-0.059,-1.004,1.113
-0.191,-0.941,1.063
-0.301,-0.695,1.059
-0.383,-0.359,1.039
-0.422,-0.105,0.988
-0.395,0,0.949
-0.324,0.008,0.949
-0.25,-0.055,0.969
-0.176,-0.176,0.992
-0.113,-0.32,0.996
-0.07,-0.469,0.98
-0.051,-0.574,0.957
-0.039,-0.582,0.938
-0.035,-0.508,0.949
-0.051,-0.438,0.961
-0.066,-0.398,0.965
-0.07,-0.402,0.949
-0.035,-0.422,0.934
0,-0.434,0.926
0.031,-0.434,0.91
0.043,-0.43,0.902
0.023,-0.43,0.898
0.035,-0.434,0.898
0.047,-0.441,0.887
0.051,-0.449,0.875
0.059,-0.461,0.871
0.059,-0.477,0.875
0.059,-0.492,0.871
0.051,-0.504,0.871
0.035,-0.516,0.863
0.016,-0.527,0.863
-0.008,-0.527,0.859
-0.027,-0.52,0.863
-0.035,-0.516,0.863
-0.023,-0.508,0.855
-0.012,-0.5,0.855
0,-0.492,0.863
-0.004,-0.5,0.879
-0.004,-0.508,0.895
0.012,-0.508,0.906
0.027,-0.496,0.902
0.043,-0.477,0.91
0.051,-0.453,0.914
0.047,-0.434,0.918
0.027,-0.426,0.902
-0.008,-0.426,0.895
-0.066,-0.445,0.898
-0.125,-0.504,0.914
-0.152,-0.566,0.93
-0.133,-0.637,0.973
-0.082,-0.715,1.043
0.039,-0.766,1.063
0.211,-0.719,1.016
0.363,-0.602,0.973
0.422,-0.492,0.953
0.391,-0.398,0.938
0.309,-0.305,0.926
0.227,-0.234,0.922
0.184,-0.184,0.922
0.18,-0.148,0.922
0.184,-0.137,0.934
0.199,-0.16,0.957
0.238,-0.203,0.98
0.266,-0.246,0.996
0.277,-0.281,1.004
0.273,-0.301,1.012
0.254,-0.309,1.027
0.223,-0.313,1.051
0.203,-0.301,1.063
0.219,-0.277,1.063
0.254,-0.242,1.059
0.281,-0.211,1.059
0.32,-0.195,1.051
0.336,-0.195,1.039
0.328,-0.199,1.023
0.305,-0.207,1.012
0.277,-0.211,1.008
0.262,-0.211,0.992
0.266,-0.227,0.98
0.27,-0.238,0.961
0.285,-0.242,0.941
0.297,-0.242,0.934
0.305,-0.23,0.934
0.309,-0.219,0.938
0.305,-0.223,0.949
0.305,-0.23,0.949
0.309,-0.242,0.953
0.309,-0.246,0.957
0.305,-0.246,0.961
0.297,-0.238,0.965
0.293,-0.227,0.977
0.281,-0.227,0.988
0.262,-0.246,0.996
0.25,-0.266,1
0.25,-0.277,0.996
0.266,-0.281,1.004
0.293,-0.27,1.023
0.305,-0.273,1.055
0.297,-0.32,1.113
0.254,-0.426,1.152
0.16,-0.543,1.121
0.039,-0.59,1.07
-0.059,-0.535,1.059
-0.109,-0.402,1.063
-0.117,-0.27,1.066
-0.094,-0.191,1.051
-0.07,-0.18,1.016
-0.055,-0.215,0.969
-0.066,-0.277,0.934
-0.102,-0.34,0.918
-0.145,-0.383,0.922
-0.184,-0.418,0.938
-0.211,-0.449,0.957
-0.191,-0.453,0.965
-0.148,-0.449,0.973
-0.086,-0.445,0.973
-0.02,-0.441,0.977
0.043,-0.434,0.973
0.086,-0.414,0.961
0.105,-0.391,0.953
0.094,-0.383,0.949
0.055,-0.391,0.945
0.023,-0.418,0.938
0,-0.449,0.922
-0.008,-0.477,0.898
-0.008,-0.488,0.887
0.012,-0.492,0.875
0.035,-0.496,0.867
0.059,-0.496,0.859
0.07,-0.492,0.852
0.07,-0.492,0.848
0.082,-0.488,0.848
0.098,-0.477,0.852
0.109,-0.473,0.855
0.113,-0.473,0.859
0.113,-0.477,0.867
0.105,-0.477,0.883
0.09,-0.477,0.883
0.074,-0.469,0.883
0.047,-0.477,0.883
0.023,-0.492,0.879
0.008,-0.508,0.875
0,-0.527,0.871
-0.008,-0.539,0.863
-0.008,-0.547,0.867
-0.012,-0.555,0.863
-0.016,-0.566,0.867
-0.023,-0.574,0.863
-0.031,-0.57,0.855
-0.035,-0.566,0.855
-0.035,-0.566,0.855
-0.027,-0.566,0.859
-0.02,-0.574,0.859
-0.02,-0.59,0.855
-0.031,-0.598,0.852
-0.047,-0.602,0.855
-0.066,-0.605,0.855
-0.078,-0.609,0.855
-0.082,-0.613,0.852
-0.078,-0.613,0.855
-0.059,-0.613,0.855
-0.043,-0.609,0.859
-0.035,-0.617,0.859
-0.02,-0.629,0.867
-0.012,-0.629,0.871
-0.004,-0.625,0.883
0,-0.617,0.895
-0.008,-0.609,0.902
-0.023,-0.598,0.91
-0.039,-0.602,0.922
-0.063,-0.625,0.938
-0.098,-0.688,0.977
-0.09,-0.809,0.996
-0.059,-0.891,0.992
-0.012,-0.922,1.023
0.035,-0.934,1.039
0.082,-0.855,1.02
0.086,-0.738,1.016
0.063,-0.613,1.023
0.023,-0.52,1.02
-0.008,-0.445,0.977
-0.02,-0.387,0.926
-0.012,-0.328,0.883
-0.008,-0.285,0.836
0.012,-0.254,0.797
0.027,-0.246,0.789
0.051,-0.242,0.816
0.086,-0.25,0.84
0.113,-0.281,0.863
0.141,-0.328,0.883
0.164,-0.395,0.895
0.176,-0.445,0.895
0.172,-0.461,0.914
0.152,-0.441,0.934
0.121,-0.387,0.945
0.094,-0.336,0.961
0.059,-0.297,0.965
0.023,-0.281,0.961
0,-0.289,0.957
-0.012,-0.313,0.941
-0.012,-0.348,0.926
-0.012,-0.367,0.902
-0.004,-0.383,0.875
0.004,-0.391,0.859
0.016,-0.391,0.848
0.023,-0.391,0.828
0.027,-0.391,0.805
0.027,-0.391,0.789
0.027,-0.406,0.781
0.027,-0.422,0.777
0.027,-0.422,0.781
0.031,-0.43,0.789
0.043,-0.441,0.793
0.055,-0.438,0.801
0.066,-0.426,0.813
0.07,-0.41,0.82
0.078,-0.398,0.855
0.078,-0.418,0.887
0.078,-0.449,0.902
0.07,-0.484,0.902
0.078,-0.52,0.902
0.086,-0.547,0.918
0.105,-0.559,0.957
0.105,-0.559,1
0.098,-0.547,1.051
0.086,-0.535,1.113
0.074,-0.512,1.176
0.063,-0.484,1.211
0.059,-0.449,1.23
0.043,-0.457,1.27
0.031,-0.531,1.285
0.004,-0.648,1.27
-0.051,-0.746,1.23
-0.109,-0.793,1.238
-0.148,-0.789,1.242
-0.168,-0.703,1.227
-0.18,-0.559,1.18
-0.191,-0.391,1.121
-0.207,-0.242,1.059
-0.242,-0.145,1.008
-0.285,-0.113,0.977
-0.324,-0.141,0.953
-0.332,-0.203,0.953
-0.301,-0.281,0.961
-0.234,-0.363,0.961
-0.168,-0.434,0.957
-0.109,-0.473,0.945
-0.066,-0.477,0.898
-0.043,-0.441,0.855
-0.051,-0.395,0.828
-0.074,-0.359,0.813
-0.109,-0.34,0.801
-0.141,-0.328,0.773
-0.156,-0.32,0.75
-0.164,-0.309,0.742
-0.16,-0.313,0.75
-0.152,-0.328,0.754
-0.145,-0.355,0.75
-0.129,-0.375,0.742
-0.121,-0.391,0.734
-0.121,-0.395,0.73
-0.129,-0.391,0.727
-0.145,-0.387,0.734
-0.16,-0.402,0.738
-0.168,-0.414,0.746
-0.172,-0.418,0.758
-0.176,-0.426,0.781
-0.18,-0.441,0.801
-0.176,-0.461,0.805
-0.176,-0.488,0.793
-0.164,-0.512,0.77
-0.16,-0.535,0.766
-0.133,-0.555,0.781
-0.129,-0.57,0.773
-0.125,-0.598,0.781
-0.121,-0.637,0.793
-0.133,-0.656,0.801
-0.148,-0.672,0.816
-0.168,-0.676,0.844
-0.188,-0.688,0.891
-0.219,-0.711,0.938
-0.25,-0.746,0.977
-0.281,-0.758,1.008
-0.301,-0.766,1.02
-0.32,-0.777,1.008
-0.344,-0.801,0.988
-0.375,-0.832,1.016
-0.406,-0.934,1.078
-0.395,-1.09,1.051
-0.332,-1.203,0.98
-0.223,-1.203,0.992
-0.117,-1.078,1
-0.039,-0.875,1.066
0.043,-0.684,1.113
0.129,-0.523,1.098
0.199,-0.359,1.086
0.25,-0.242,1.074
0.258,-0.195,1.047
0.227,-0.188,1.023
0.18,-0.203,1.027
0.129,-0.246,1.035
0.078,-0.309,1.023
0.039,-0.352,0.988
0.016,-0.355,0.957
0,-0.355,0.926
-0.02,-0.359,0.891
-0.043,-0.332,0.859
-0.066,-0.301,0.836
-0.082,-0.285,0.82
-0.07,-0.281,0.813
-0.051,-0.281,0.805
-0.027,-0.305,0.797
-0.012,-0.332,0.781
-0.008,-0.355,0.777
-0.016,-0.371,0.77
-0.035,-0.387,0.77
-0.059,-0.41,0.77
-0.074,-0.43,0.766
-0.078,-0.445,0.75
-0.066,-0.457,0.738
-0.055,-0.461,0.734
-0.055,-0.461,0.711
-0.043,-0.461,0.711
-0.039,-0.453,0.711
-0.035,-0.441,0.719
-0.016,-0.434,0.734
0.008,-0.43,0.75
0.027,-0.434,0.773
0.043,-0.445,0.813
0.047,-0.473,0.848
0.047,-0.512,0.859
0.047,-0.551,0.879
0.055,-0.578,0.895
0.07,-0.609,0.914
0.078,-0.613,0.953
0.086,-0.594,1.008
0.066,-0.574,1.066
0.016,-0.563,1.113
-0.027,-0.555,1.125
-0.051,-0.555,1.109
-0.031,-0.57,1.113
-0.004,-0.645,1.156
0.02,-0.832,1.176
-0.004,-0.988,1.082
-0.102,-1.004,1.074
-0.207,-0.949,1.113
-0.289,-0.816,1.109
-0.332,-0.617,1.102
-0.34,-0.422,1.098
-0.332,-0.277,1.102
-0.328,-0.223,1.094
-0.328,-0.266,1.082
-0.32,-0.363,1.066
-0.301,-0.453,1.035
-0.262,-0.496,1.008
-0.219,-0.48,0.992
-0.184,-0.414,0.988
-0.129,-0.352,0.984
-0.059,-0.32,0.957
0.012,-0.305,0.91
0.07,-0.289,0.844
0.09,-0.281,0.785
0.063,-0.281,0.746
0.027,-0.285,0.723
-0.016,-0.293,0.707
-0.055,-0.316,0.699
-0.082,-0.336,0.688
-0.09,-0.367,0.688
-0.094,-0.398,0.684
-0.086,-0.414,0.68
-0.074,-0.418,0.684
-0.082,-0.41,0.691
-0.074,-0.414,0.711
-0.078,-0.422,0.715
-0.09,-0.438,0.715
-0.102,-0.449,0.715
-0.121,-0.465,0.707
-0.137,-0.492,0.707
-0.156,-0.523,0.715
-0.172,-0.555,0.715
-0.184,-0.586,0.723
-0.199,-0.621,0.723
-0.219,-0.652,0.742
-0.246,-0.691,0.781
-0.258,-0.727,0.816
-0.258,-0.754,0.855
-0.258,-0.781,0.922
-0.254,-0.789,1
-0.242,-0.781,1.07
-0.215,-0.77,1.121
-0.199,-0.762,1.141
-0.211,-0.75,1.125
-0.242,-0.75,1.094
-0.281,-0.785,1.109
-0.301,-0.898,1.133
-0.277,-1.027,1.09
-0.191,-1.086,1.035
-0.063,-1.047,1.02
0.043,-0.887,1.008
0.113,-0.688,1.078
0.168,-0.535,1.105
0.227,-0.41,1.105
0.281,-0.289,1.098
0.305,-0.219,1.055
0.273,-0.176,1.012
0.215,-0.168,1.004
0.152,-0.188,1.035
0.094,-0.258,1.055
0.051,-0.324,1.035
0.023,-0.367,0.992
-0.004,-0.391,0.938
-0.031,-0.383,0.879
-0.07,-0.34,0.84
-0.109,-0.285,0.82
-0.129,-0.242,0.816
-0.125,-0.23,0.805
-0.102,-0.25,0.789
-0.082,-0.289,0.766
-0.074,-0.328,0.742
-0.07,-0.355,0.723
-0.082,-0.371,0.719
-0.102,-0.359,0.73
-0.098,-0.355,0.754
-0.098,-0.348,0.758
-0.094,-0.348,0.758
-0.078,-0.371,0.75
-0.059,-0.383,0.734
-0.035,-0.379,0.723
-0.016,-0.363,0.723
0.004,-0.352,0.742
0.016,-0.34,0.777
0.035,-0.355,0.797
0.047,-0.402,0.816
0.055,-0.465,0.824
0.063,-0.531,0.836
0.074,-0.578,0.855
0.09,-0.594,0.871
0.109,-0.582,0.895
0.121,-0.574,0.922
0.121,-0.563,0.945
0.09,-0.563,0.996
0.043,-0.563,1.047
-0.008,-0.563,1.09
-0.043,-0.574,1.098
-0.055,-0.57,1.078
-0.035,-0.594,1.113
0,-0.715,1.203
0.027,-0.938,1.172
-0.043,-1.078,1.055
-0.172,-1.023,1.082
-0.297,-0.855,1.133
-0.402,-0.625,1.164
-0.469,-0.402,1.168
-0.5,-0.234,1.164
-0.496,-0.156,1.152
-0.477,-0.18,1.125
-0.445,-0.285,1.094
-0.395,-0.402,1.059
-0.305,-0.504,1.039
-0.207,-0.555,1.027
-0.137,-0.539,1.008
-0.078,-0.484,0.984
-0.031,-0.418,0.949
0.023,-0.344,0.914
0.078,-0.273,0.867
0.105,-0.219,0.836
0.105,-0.199,0.801
0.09,-0.207,0.77
0.059,-0.23,0.734
0.02,-0.258,0.703
-0.031,-0.297,0.68
-0.094,-0.328,0.668
-0.129,-0.363,0.672
-0.156,-0.387,0.676
-0.172,-0.406,0.676
-0.168,-0.414,0.664
-0.16,-0.41,0.66
-0.152,-0.406,0.656
-0.156,-0.395,0.672
-0.172,-0.402,0.688
-0.191,-0.434,0.699
-0.215,-0.473,0.707
-0.23,-0.516,0.715
-0.25,-0.574,0.723
-0.27,-0.645,0.75
-0.277,-0.695,0.777
-0.289,-0.723,0.824
-0.289,-0.734,0.879
-0.277,-0.73,0.93
-0.262,-0.734,0.98
-0.242,-0.73,1.051
-0.23,-0.73,1.113
-0.227,-0.723,1.156
-0.23,-0.711,1.168
-0.262,-0.711,1.152
-0.309,-0.738,1.133
-0.363,-0.828,1.156
-0.367,-1.004,1.164
-0.277,-1.152,1.078
-0.113,-1.137,1.027
0.039,-0.957,1.074
0.129,-0.746,1.164
0.219,-0.609,1.164
0.301,-0.484,1.148
0.348,-0.355,1.113
0.344,-0.223,1.063
0.289,-0.129,1.027
0.207,-0.094,1.027
0.117,-0.117,1.027
0.027,-0.199,1.031
-0.031,-0.293,1.004
-0.059,-0.352,0.938
-0.078,-0.359,0.863
-0.102,-0.324,0.809
-0.125,-0.258,0.785
-0.137,-0.199,0.777
-0.145,-0.16,0.797
-0.125,-0.156,0.813
-0.09,-0.188,0.824
-0.059,-0.254,0.82
-0.023,-0.328,0.797
-0.008,-0.379,0.77
0,-0.391,0.777
-0.012,-0.387,0.789
-0.039,-0.363,0.809
-0.051,-0.348,0.816
-0.063,-0.352,0.793
-0.055,-0.363,0.77
-0.035,-0.387,0.754
-0.008,-0.395,0.746
0.016,-0.391,0.746
0.039,-0.375,0.762
0.039,-0.371,0.785
0.035,-0.379,0.805
0.031,-0.414,0.832
0.027,-0.453,0.855
0.047,-0.496,0.875
0.07,-0.523,0.891
0.105,-0.543,0.918
0.141,-0.555,0.938
0.168,-0.563,0.945
0.18,-0.559,0.965
0.16,-0.547,1.004
0.133,-0.535,1.047
0.098,-0.527,1.082
0.066,-0.527,1.09
0.063,-0.531,1.066
0.094,-0.531,1.027
0.141,-0.531,0.984
0.195,-0.555,1.004
0.242,-0.68,1.074
0.25,-0.898,0.98
0.129,-1.031,0.875
-0.063,-1.023,0.93
-0.227,-0.887,1.008
-0.391,-0.641,1.09
-0.527,-0.344,1.16
-0.594,-0.125,1.18
-0.547,-0.066,1.18
-0.434,-0.145,1.184
-0.352,-0.309,1.176
-0.293,-0.473,1.141
-0.227,-0.582,1.102
-0.156,-0.582,1.086
-0.105,-0.52,1.055
-0.063,-0.445,1
-0.031,-0.387,0.93
-0.004,-0.336,0.867
0.012,-0.313,0.813
0.008,-0.305,0.762
-0.004,-0.309,0.719
-0.031,-0.328,0.68
-0.039,-0.355,0.656
-0.047,-0.383,0.633
-0.047,-0.414,0.621
-0.047,-0.441,0.625
-0.047,-0.461,0.621
-0.059,-0.473,0.617
-0.066,-0.469,0.617
-0.078,-0.457,0.621
-0.094,-0.434,0.633
-0.102,-0.418,0.645
-0.117,-0.438,0.664
-0.129,-0.453,0.68
-0.133,-0.457,0.703
-0.137,-0.477,0.715
-0.148,-0.508,0.738
-0.176,-0.57,0.77
-0.191,-0.641,0.793
-0.195,-0.699,0.801
-0.207,-0.742,0.828
-0.203,-0.75,0.875
-0.207,-0.75,0.938
-0.207,-0.777,1.008
-0.207,-0.82,1.066
-0.211,-0.836,1.109
-0.207,-0.844,1.137
-0.203,-0.844,1.137
-0.215,-0.844,1.105
-0.25,-0.848,1.098
-0.285,-0.914,1.109
-0.289,-1.035,1.09
-0.215,-1.121,1.02
-0.094,-1.121,1
0.027,-1.004,0.973
0.113,-0.793,0.969
0.164,-0.594,1.035
0.223,-0.441,1.063
0.27,-0.324,1.066
0.305,-0.23,1.066
0.281,-0.195,1.031
0.215,-0.211,1
0.145,-0.238,1
0.082,-0.266,1.012
0.039,-0.297,1.008
0.016,-0.324,0.988
0.008,-0.336,0.957
-0.008,-0.348,0.918
-0.031,-0.328,0.875
-0.07,-0.289,0.844
-0.094,-0.246,0.836
-0.117,-0.215,0.84
-0.102,-0.215,0.855
-0.074,-0.23,0.848
-0.051,-0.266,0.824
-0.039,-0.297,0.797
-0.043,-0.32,0.785
-0.059,-0.328,0.773
-0.086,-0.332,0.785
-0.102,-0.344,0.793
-0.105,-0.355,0.789
-0.105,-0.371,0.773
-0.086,-0.395,0.754
-0.063,-0.418,0.734
-0.039,-0.426,0.723
-0.016,-0.43,0.719
0.016,-0.422,0.723
0.039,-0.395,0.746
0.059,-0.371,0.789
0.07,-0.355,0.836
0.086,-0.391,0.883
0.098,-0.465,0.891
0.109,-0.52,0.895
0.125,-0.563,0.906
0.145,-0.578,0.926
0.148,-0.57,0.945
0.137,-0.563,0.969
0.109,-0.555,1.02
0.07,-0.551,1.059
0.031,-0.539,1.07
0.012,-0.523,1.063
0.004,-0.523,1.027
0.016,-0.531,1.012
0.027,-0.613,1.078
0.043,-0.824,1.109
0.012,-1.059,0.992
-0.105,-1.129,0.953
-0.234,-1.047,0.98
-0.328,-0.828,0.996
-0.402,-0.539,1.047
-0.445,-0.289,1.109
-0.449,-0.156,1.145
-0.41,-0.137,1.141
-0.363,-0.238,1.121
-0.297,-0.387,1.102
-0.219,-0.535,1.078
-0.133,-0.637,1.055
-0.066,-0.637,1.047
-0.035,-0.563,1.039
-0.004,-0.48,1.012
0.027,-0.406,0.965
0.063,-0.355,0.906
0.09,-0.332,0.859
0.09,-0.324,0.805
0.082,-0.332,0.758
0.066,-0.348,0.723
0.035,-0.367,0.695
0.008,-0.398,0.668
-0.02,-0.422,0.652
-0.047,-0.445,0.641
-0.066,-0.457,0.637
-0.086,-0.449,0.633
-0.094,-0.434,0.637
-0.09,-0.414,0.641
-0.094,-0.414,0.645
-0.102,-0.422,0.656
-0.113,-0.449,0.668
-0.125,-0.477,0.676
-0.133,-0.496,0.684
-0.148,-0.508,0.703
-0.16,-0.516,0.734
-0.168,-0.543,0.781
-0.172,-0.594,0.809
-0.172,-0.645,0.828
-0.168,-0.691,0.844
-0.176,-0.715,0.883
-0.18,-0.719,0.938
-0.188,-0.723,1.004
-0.195,-0.73,1.063
-0.199,-0.742,1.129
-0.203,-0.754,1.172
-0.203,-0.754,1.164
-0.223,-0.762,1.121
-0.258,-0.781,1.059
-0.305,-0.801,1.031
-0.359,-0.883,1.051
-0.363,-1.027,1.02
-0.285,-1.117,0.949
-0.145,-1.094,0.918
0.004,-0.949,0.906
0.105,-0.73,0.949
0.176,-0.531,1.023
0.254,-0.395,1.059
0.328,-0.301,1.066
0.367,-0.227,1.051
0.336,-0.191,1.004
0.258,-0.184,0.984
0.172,-0.203,1.012
0.094,-0.262,1.059
0.047,-0.332,1.078
0.031,-0.379,1.059
0.02,-0.383,1.02
0.023,-0.379,0.98
0,-0.363,0.926
-0.035,-0.336,0.879
-0.055,-0.305,0.848
-0.066,-0.289,0.832
-0.063,-0.293,0.805
-0.043,-0.301,0.781
-0.02,-0.316,0.758
-0.004,-0.336,0.734
-0.008,-0.348,0.723
-0.023,-0.355,0.723
-0.039,-0.371,0.723
-0.063,-0.379,0.719
-0.074,-0.391,0.719
-0.074,-0.398,0.707
-0.059,-0.402,0.688
-0.039,-0.395,0.68
-0.016,-0.391,0.68
0.004,-0.379,0.691
0.016,-0.363,0.703
0.02,-0.34,0.734
0.016,-0.344,0.777
0.008,-0.379,0.809
0,-0.434,0.828
0,-0.496,0.844
0.012,-0.555,0.855
0.031,-0.59,0.875
0.047,-0.617,0.906
0.051,-0.629,0.938
0.043,-0.629,0.977
0.027,-0.621,1.031
0.016,-0.605,1.086
0.016,-0.582,1.125
0.02,-0.563,1.137
0.043,-0.551,1.121
0.07,-0.559,1.094
0.086,-0.605,1.133
0.102,-0.762,1.203
0.078,-0.984,1.121
-0.023,-1.109,1.063
-0.152,-1.098,1.086
-0.262,-0.906,1.105
-0.363,-0.609,1.148
-0.426,-0.313,1.188
-0.426,-0.113,1.188
-0.402,-0.07,1.188
-0.371,-0.145,1.18
-0.367,-0.32,1.172
-0.371,-0.496,1.141
-0.336,-0.598,1.082
-0.254,-0.566,1.074
-0.176,-0.465,1.074
-0.113,-0.387,1.055
-0.043,-0.328,0.992
0.012,-0.289,0.922
0.043,-0.266,0.848
0.035,-0.254,0.785
0.008,-0.258,0.734
-0.027,-0.262,0.699
-0.059,-0.273,0.668
-0.082,-0.289,0.645
-0.105,-0.313,0.633
-0.121,-0.355,0.637
-0.129,-0.395,0.645
-0.121,-0.43,0.648
-0.117,-0.453,0.648
-0.113,-0.449,0.668
-0.129,-0.426,0.684
-0.152,-0.406,0.699
-0.18,-0.395,0.711
-0.199,-0.391,0.715
-0.215,-0.391,0.719
-0.211,-0.402,0.719
-0.195,-0.434,0.727
-0.18,-0.488,0.742
-0.18,-0.559,0.75
-0.191,-0.629,0.758
-0.207,-0.668,0.77
-0.211,-0.68,0.793
-0.207,-0.695,0.813
-0.195,-0.715,0.828
-0.184,-0.723,0.855
-0.176,-0.723,0.906
-0.184,-0.723,0.984
-0.203,-0.742,1.055
-0.215,-0.754,1.102
-0.23,-0.766,1.117
-0.254,-0.781,1.102
-0.273,-0.797,1.063
-0.293,-0.809,1.004
-0.309,-0.82,0.996
-0.336,-0.906,1.047
-0.328,-1.051,0.988
-0.242,-1.137,0.891
-0.105,-1.133,0.898
0.023,-1.043,0.902
0.113,-0.859,0.926
0.184,-0.668,1.012
0.258,-0.48,1.051
0.313,-0.297,1.082
0.375,-0.168,1.109
0.391,-0.117,1.094
0.371,-0.137,1.07
0.328,-0.164,1.051
0.266,-0.199,1.059
0.203,-0.242,1.066
0.148,-0.293,1.059
0.094,-0.328,1.023
0.039,-0.355,0.977
-0.012,-0.348,0.918
-0.055,-0.309,0.875
-0.086,-0.25,0.832
-0.086,-0.203,0.824
-0.07,-0.188,0.816
-0.051,-0.215,0.801
-0.027,-0.266,0.766
-0.02,-0.316,0.742
-0.027,-0.359,0.73
-0.051,-0.383,0.742
-0.082,-0.395,0.75
-0.113,-0.398,0.766
-0.121,-0.41,0.766
-0.117,-0.422,0.77
-0.094,-0.441,0.75
-0.063,-0.465,0.73
-0.035,-0.477,0.715
-0.02,-0.469,0.699
-0.008,-0.453,0.711
0.008,-0.43,0.73
0.023,-0.418,0.754
0.027,-0.41,0.781
0.027,-0.41,0.82
0.027,-0.43,0.863
0.039,-0.473,0.883
0.063,-0.512,0.895
0.098,-0.551,0.906
0.125,-0.578,0.914
0.141,-0.574,0.941
0.145,-0.559,0.992
0.137,-0.543,1.051
0.109,-0.535,1.09
0.074,-0.527,1.109
0.059,-0.535,1.094
0.055,-0.555,1.043
0.078,-0.559,0.992
0.102,-0.574,1.008
0.121,-0.707,1.082
0.117,-0.957,1.027
0.004,-1.113,0.934
-0.156,-1.094,0.949
-0.266,-0.93,1.004
-0.371,-0.668,1.078
-0.449,-0.402,1.16
-0.488,-0.219,1.219
-0.473,-0.168,1.23
-0.422,-0.23,1.195
-0.371,-0.348,1.168
-0.32,-0.453,1.152
-0.242,-0.527,1.129
-0.176,-0.516,1.117
-0.121,-0.453,1.094
-0.07,-0.402,1.055
-0.031,-0.375,1.008
0,-0.352,0.941
0.02,-0.34,0.883
0.031,-0.34,0.824
0.016,-0.348,0.762
-0.012,-0.359,0.715
-0.035,-0.359,0.68
-0.059,-0.367,0.652
-0.074,-0.379,0.641
-0.094,-0.383,0.633
-0.105,-0.398,0.633
-0.113,-0.41,0.637
-0.117,-0.418,0.645
-0.109,-0.414,0.652
-0.109,-0.402,0.66
-0.113,-0.395,0.676
-0.137,-0.387,0.691
-0.156,-0.391,0.703
-0.172,-0.414,0.715
-0.184,-0.445,0.73
-0.195,-0.484,0.738
-0.203,-0.527,0.738
-0.211,-0.574,0.762
-0.215,-0.621,0.777
-0.215,-0.66,0.793
-0.195,-0.68,0.805
-0.172,-0.707,0.828
-0.152,-0.723,0.848
-0.133,-0.727,0.887
-0.141,-0.742,0.953
-0.148,-0.766,1.02
-0.164,-0.805,1.066
-0.18,-0.824,1.086
-0.199,-0.824,1.086
-0.227,-0.832,1.055
-0.254,-0.836,1.012
-0.285,-0.84,0.984
-0.34,-0.883,1.02
-0.363,-1.008,1.016
-0.32,-1.102,0.922
-0.195,-1.086,0.914
-0.063,-0.992,0.922
0.047,-0.797,0.938
0.125,-0.621,1.008
0.211,-0.484,1.043
0.293,-0.359,1.047
0.355,-0.254,1.059
0.363,-0.211,1.047
0.324,-0.203,1.027
0.262,-0.191,1.02
0.184,-0.203,1.035
0.109,-0.262,1.07
0.047,-0.34,1.066
0.008,-0.395,1.031
-0.02,-0.43,0.977
-0.039,-0.426,0.926
-0.063,-0.383,0.871
-0.07,-0.324,0.84
-0.07,-0.281,0.828
-0.063,-0.266,0.813
-0.039,-0.281,0.797
-0.023,-0.309,0.77
-0.016,-0.332,0.742
-0.023,-0.348,0.734
-0.035,-0.367,0.734
-0.063,-0.375,0.738
-0.078,-0.379,0.746
-0.09,-0.395,0.758
-0.082,-0.418,0.758
-0.066,-0.441,0.738
-0.043,-0.441,0.727
-0.02,-0.422,0.723
-0.008,-0.406,0.719
0.008,-0.391,0.73
0.012,-0.367,0.746
0,-0.344,0.777
-0.008,-0.336,0.824
-0.016,-0.363,0.855
-0.02,-0.418,0.879
-0.016,-0.48,0.887
0.004,-0.531,0.898
0.043,-0.57,0.914
0.07,-0.598,0.926
0.078,-0.613,0.938
0.074,-0.605,0.973
0.051,-0.594,1.031
0.023,-0.574,1.078
-0.008,-0.555,1.109
-0.012,-0.551,1.105
0.004,-0.535,1.074
0.023,-0.531,1.027
0.055,-0.547,1.027
0.082,-0.641,1.109
0.098,-0.852,1.102
0.039,-1.027,0.977
-0.082,-1.047,0.965
-0.188,-0.941,0.98
-0.281,-0.703,1.027
-0.352,-0.422,1.105
-0.41,-0.203,1.195
-0.445,-0.121,1.254
-0.473,-0.195,1.258
-0.465,-0.316,1.215
-0.414,-0.402,1.164
-0.316,-0.457,1.148
-0.219,-0.438,1.168
-0.125,-0.371,1.18
-0.051,-0.316,1.152
0.008,-0.293,1.102
0.043,-0.277,1.023
0.051,-0.262,0.938
0.039,-0.25,0.871
0.023,-0.254,0.809
0,-0.258,0.766
-0.02,-0.273,0.727
-0.035,-0.309,0.699
-0.039,-0.348,0.676
-0.043,-0.383,0.656
-0.043,-0.414,0.648
-0.047,-0.438,0.652
-0.063,-0.438,0.656
-0.07,-0.441,0.668
-0.074,-0.434,0.676
-0.082,-0.418,0.68
-0.082,-0.422,0.703
-0.098,-0.43,0.715
-0.113,-0.445,0.73
-0.133,-0.465,0.746
-0.148,-0.496,0.75
-0.156,-0.523,0.75
-0.16,-0.543,0.754
-0.164,-0.578,0.77
-0.164,-0.613,0.781
-0.16,-0.656,0.785
-0.148,-0.695,0.793
-0.148,-0.727,0.805
-0.148,-0.746,0.82
-0.156,-0.758,0.848
-0.148,-0.75,0.906
-0.145,-0.738,0.973
-0.145,-0.734,1.031
-0.145,-0.742,1.066
-0.156,-0.742,1.07
-0.18,-0.746,1.063
-0.211,-0.766,1.027
-0.242,-0.793,0.973
-0.273,-0.82,0.961
-0.309,-0.91,0.98
-0.316,-1.023,0.914
-0.273,-1.066,0.863
-0.195,-1.047,0.891
-0.105,-0.945,0.898
-0.023,-0.785,0.941
0.055,-0.637,1.023
0.137,-0.5,1.047
0.215,-0.344,1.055
0.277,-0.199,1.066
0.316,-0.117,1.066
0.309,-0.121,1.063
0.262,-0.152,1.047
0.211,-0.184,1.039
0.156,-0.227,1.051
0.098,-0.285,1.043
0.047,-0.328,1.027
0.008,-0.344,1
-0.031,-0.348,0.957
-0.066,-0.332,0.922
-0.082,-0.301,0.895
-0.082,-0.273,0.879
-0.066,-0.266,0.863
-0.039,-0.285,0.844
-0.016,-0.313,0.816
0,-0.336,0.785
-0.008,-0.359,0.77
-0.031,-0.371,0.77
-0.066,-0.367,0.77
-0.09,-0.379,0.773
-0.109,-0.387,0.777
-0.109,-0.406,0.77
-0.098,-0.426,0.766
-0.082,-0.441,0.766
-0.059,-0.457,0.754
-0.047,-0.465,0.742
-0.031,-0.457,0.746
-0.02,-0.434,0.75
-0.008,-0.398,0.758
0,-0.371,0.77
-0.012,-0.363,0.789
0,-0.391,0.824
0.004,-0.438,0.844
0.004,-0.5,0.852
0.016,-0.547,0.863
0.031,-0.578,0.879
0.051,-0.59,0.902
0.063,-0.594,0.91
0.066,-0.586,0.926
0.051,-0.57,0.961
0.023,-0.559,1.008
-0.016,-0.547,1.043
-0.047,-0.531,1.063
-0.055,-0.512,1.07
-0.047,-0.516,1.059
-0.012,-0.555,1.098
0.016,-0.691,1.156
0.023,-0.891,1.09
-0.031,-0.988,1.012
-0.121,-0.938,1.055
-0.195,-0.789,1.074
-0.25,-0.555,1.094
-0.293,-0.32,1.141
-0.332,-0.172,1.219
-0.371,-0.145,1.258
-0.43,-0.234,1.254
-0.434,-0.332,1.211
-0.359,-0.395,1.152
-0.254,-0.418,1.137
-0.145,-0.406,1.152
-0.047,-0.379,1.137
0.027,-0.355,1.086
0.07,-0.336,1.039
0.102,-0.324,0.98
0.129,-0.313,0.914
0.141,-0.289,0.855
0.137,-0.27,0.809
0.125,-0.258,0.777
0.113,-0.27,0.766
0.098,-0.293,0.75
0.086,-0.324,0.73
0.07,-0.352,0.707
0.043,-0.367,0.695
0.012,-0.371,0.711
-0.016,-0.379,0.738
-0.027,-0.383,0.75
-0.035,-0.402,0.75
-0.035,-0.406,0.738
-0.027,-0.402,0.73
-0.027,-0.395,0.734
-0.051,-0.387,0.75
-0.059,-0.406,0.762
-0.082,-0.449,0.754
-0.105,-0.492,0.75
-0.129,-0.527,0.75
-0.152,-0.559,0.762
-0.16,-0.586,0.773
-0.164,-0.617,0.785
-0.156,-0.641,0.801
-0.137,-0.66,0.805
-0.125,-0.676,0.832
-0.121,-0.68,0.883
-0.125,-0.688,0.957
-0.133,-0.695,1.035
-0.152,-0.695,1.082
-0.164,-0.68,1.098
-0.184,-0.672,1.102
-0.207,-0.684,1.066
-0.227,-0.715,1.012
-0.238,-0.75,0.941
-0.262,-0.797,0.93
-0.297,-0.906,0.973
-0.301,-1.043,0.926
-0.25,-1.098,0.871
-0.148,-1.047,0.914
-0.051,-0.906,0.934
0.035,-0.707,0.996
0.117,-0.559,1.102
0.199,-0.441,1.129
0.289,-0.309,1.117
0.355,-0.172,1.109
0.367,-0.078,1.109
0.328,-0.051,1.105
0.254,-0.07,1.109
0.191,-0.105,1.105
0.137,-0.16,1.102
0.086,-0.219,1.09
0.043,-0.266,1.066
0.004,-0.285,1.047
-0.027,-0.281,1.023
-0.055,-0.266,0.996
-0.07,-0.25,0.961
-0.07,-0.23,0.934
-0.043,-0.223,0.906
-0.016,-0.227,0.887
0.008,-0.242,0.859
0.016,-0.266,0.84
-0.008,-0.285,0.828
-0.039,-0.305,0.824
-0.078,-0.316,0.824
-0.113,-0.32,0.816
-0.113,-0.332,0.816
-0.105,-0.332,0.816
-0.094,-0.336,0.801
-0.066,-0.355,0.797
-0.039,-0.367,0.781
-0.016,-0.359,0.785
0.004,-0.344,0.793
0.023,-0.328,0.809
0.027,-0.324,0.828
0.027,-0.336,0.848
0.035,-0.344,0.859
0.031,-0.348,0.883
0.023,-0.355,0.906
0.016,-0.371,0.918
0,-0.395,0.922
0.004,-0.434,0.922
0.016,-0.477,0.91
0.027,-0.512,0.906
0.027,-0.547,0.902
0.02,-0.578,0.902
-0.012,-0.598,0.918
-0.047,-0.602,0.953
-0.063,-0.602,0.984
-0.063,-0.602,1.012
-0.035,-0.602,1.012
-0.008,-0.582,1
0.02,-0.566,0.969
0.051,-0.563,0.973
0.082,-0.602,0.992
0.098,-0.691,1.004
0.074,-0.801,0.996
-0.004,-0.867,1.02
-0.109,-0.863,1.043
-0.211,-0.773,1.063
-0.281,-0.617,1.082
-0.301,-0.418,1.113
-0.285,-0.23,1.156
-0.254,-0.129,1.16
-0.238,-0.156,1.141
-0.227,-0.246,1.129
-0.191,-0.371,1.117
-0.129,-0.473,1.105
-0.074,-0.504,1.098
-0.051,-0.469,1.102
-0.047,-0.414,1.105
-0.043,-0.367,1.09
-0.035,-0.355,1.047
0.012,-0.367,0.988
0.063,-0.375,0.922
0.098,-0.363,0.867
0.121,-0.344,0.84
0.121,-0.324,0.82
0.09,-0.324,0.801
0.055,-0.332,0.789
0.023,-0.344,0.77
0,-0.352,0.762
-0.016,-0.355,0.766
-0.02,-0.355,0.773
-0.023,-0.363,0.781
-0.023,-0.383,0.793
-0.027,-0.402,0.789
-0.043,-0.414,0.785
-0.074,-0.418,0.793
-0.105,-0.414,0.809
-0.141,-0.418,0.816
-0.156,-0.426,0.813
-0.172,-0.445,0.816
-0.168,-0.465,0.801
-0.16,-0.473,0.809
-0.156,-0.484,0.82
-0.141,-0.508,0.844
-0.125,-0.551,0.855
-0.098,-0.586,0.848
-0.078,-0.617,0.836
-0.074,-0.637,0.836
-0.074,-0.641,0.848
-0.078,-0.637,0.859
-0.086,-0.633,0.879
-0.078,-0.633,0.895
-0.07,-0.633,0.906
-0.07,-0.637,0.918
-0.074,-0.652,0.93
-0.086,-0.664,0.945
-0.098,-0.684,0.945
-0.105,-0.703,0.926
-0.121,-0.727,0.895
-0.133,-0.734,0.871
-0.145,-0.738,0.84
-0.168,-0.738,0.809
-0.188,-0.738,0.789
-0.203,-0.734,0.77
-0.223,-0.723,0.762
-0.238,-0.723,0.793
-0.258,-0.773,0.863
-0.262,-0.871,0.879
-0.238,-0.961,0.848
-0.172,-0.965,0.84
-0.098,-0.887,0.871
-0.055,-0.777,0.957
-0.039,-0.707,1.027
-0.031,-0.652,1.066
-0.027,-0.578,1.066
-0.039,-0.469,1.051
-0.039,-0.359,1.059
-0.027,-0.27,1.074
0.012,-0.219,1.09
0.063,-0.199,1.102
0.109,-0.211,1.094
0.141,-0.246,1.066
0.137,-0.285,1.043
0.102,-0.324,1.02
0.031,-0.352,1
-0.047,-0.328,0.992
-0.086,-0.258,0.996
-0.086,-0.203,0.996
-0.074,-0.168,0.992
-0.055,-0.16,0.988
-0.027,-0.164,0.977
-0.008,-0.148,0.977
0.012,-0.125,0.988
0.023,-0.082,1.004
0.031,-0.039,1.008
0.043,-0.008,1.016
0.07,0.02,1.02
0.113,0.023,1.027
0.164,0.012,1.02
0.188,-0.012,0.996
0.184,-0.051,0.969
0.172,-0.086,0.957
0.168,-0.102,0.957
0.16,-0.094,0.953
0.156,-0.063,0.961
0.152,-0.039,1.027
0.137,-0.094,1.18
0.047,-0.348,1.305
-0.191,-0.789,1.211
-0.457,-0.957,0.965
-0.582,-0.867,0.902
-0.555,-0.688,0.938
-0.438,-0.52,0.953
-0.328,-0.414,0.93
-0.246,-0.445,0.891
-0.211,-0.555,0.852
-0.207,-0.68,0.793
-0.223,-0.777,0.738
-0.223,-0.777,0.715
-0.199,-0.691,0.711
-0.164,-0.59,0.73
-0.125,-0.535,0.738
-0.105,-0.531,0.734
-0.074,-0.563,0.73
-0.074,-0.598,0.723
-0.09,-0.621,0.73
-0.117,-0.637,0.754
-0.145,-0.641,0.777
-0.16,-0.633,0.793
-0.156,-0.617,0.816
-0.145,-0.594,0.836
-0.137,-0.574,0.852
-0.141,-0.555,0.879
-0.145,-0.559,0.922
-0.148,-0.566,0.949
-0.137,-0.57,0.961
-0.117,-0.566,0.965
-0.09,-0.543,0.961
-0.078,-0.5,0.953
-0.078,-0.453,0.949
-0.082,-0.406,0.945
-0.09,-0.387,0.945
-0.105,-0.387,0.934
-0.113,-0.391,0.906
-0.117,-0.395,0.887
-0.113,-0.398,0.891
-0.109,-0.41,0.898
-0.105,-0.426,0.898
-0.102,-0.445,0.898
-0.105,-0.465,0.902
-0.102,-0.473,0.91
-0.102,-0.473,0.922
-0.098,-0.473,0.93
-0.094,-0.477,0.938
-0.094,-0.488,0.945
-0.09,-0.504,0.941
-0.086,-0.527,0.934
-0.078,-0.535,0.926
-0.074,-0.543,0.918
-0.066,-0.543,0.91
-0.063,-0.551,0.906
-0.055,-0.563,0.898
-0.055,-0.582,0.891
-0.055,-0.594,0.887
-0.051,-0.598,0.879
-0.055,-0.602,0.875
-0.059,-0.598,0.875
-0.055,-0.586,0.871
-0.055,-0.57,0.867
-0.059,-0.563,0.867
-0.066,-0.555,0.863
-0.07,-0.539,0.859
-0.09,-0.52,0.859
-0.082,-0.508,0.867
-0.09,-0.492,0.871
-0.094,-0.484,0.875
-0.102,-0.48,0.887
-0.105,-0.488,0.898
-0.109,-0.504,0.902
-0.109,-0.512,0.906
-0.109,-0.512,0.914
-0.109,-0.5,0.922
-0.105,-0.484,0.93
-0.105,-0.469,0.945
-0.109,-0.465,0.949
-0.109,-0.461,0.945
-0.113,-0.465,0.941
-0.117,-0.469,0.934
-0.121,-0.465,0.93
-0.121,-0.465,0.922
-0.113,-0.465,0.914
-0.113,-0.461,0.914
-0.113,-0.457,0.91
-0.113,-0.449,0.914
-0.109,-0.449,0.914
-0.113,-0.453,0.918
-0.113,-0.453,0.914
-0.109,-0.449,0.914
-0.109,-0.453,0.914
-0.105,-0.449,0.914
-0.105,-0.449,0.906
-0.094,-0.445,0.91
-0.082,-0.449,0.914
-0.078,-0.453,0.922
-0.074,-0.465,0.926
-0.074,-0.484,0.922
-0.074,-0.508,0.918
-0.074,-0.52,0.91
-0.074,-0.523,0.906
-0.07,-0.531,0.898
-0.063,-0.531,0.887
-0.063,-0.547,0.875
-0.059,-0.574,0.863
-0.051,-0.598,0.852
-0.047,-0.617,0.828
-0.043,-0.633,0.816
-0.043,-0.648,0.809
-0.051,-0.66,0.813
-0.051,-0.66,0.809
-0.047,-0.664,0.797
-0.047,-0.672,0.793
-0.047,-0.676,0.797
-0.051,-0.672,0.789
-0.051,-0.68,0.801
-0.059,-0.68,0.797
-0.063,-0.684,0.801
-0.059,-0.684,0.809
-0.059,-0.684,0.805
-0.055,-0.684,0.805
-0.047,-0.684,0.805
-0.047,-0.684,0.805
-0.043,-0.684,0.797
-0.043,-0.676,0.801
-0.043,-0.668,0.793
-0.039,-0.656,0.801
-0.043,-0.652,0.809
-0.043,-0.652,0.809
-0.051,-0.648,0.809
-0.055,-0.652,0.809
-0.055,-0.652,0.816
-0.063,-0.645,0.816
-0.059,-0.641,0.82
-0.055,-0.633,0.824
-0.055,-0.625,0.824
-0.055,-0.625,0.824
-0.055,-0.633,0.824
-0.059,-0.633,0.828
-0.059,-0.629,0.832
-0.051,-0.621,0.824
-0.051,-0.609,0.828
-0.051,-0.605,0.82
-0.051,-0.605,0.816
-0.051,-0.617,0.813
-0.047,-0.617,0.805
-0.047,-0.629,0.813
-0.047,-0.629,0.816
-0.051,-0.633,0.816
-0.051,-0.629,0.82
-0.055,-0.617,0.82
-0.063,-0.609,0.828
-0.055,-0.613,0.824
-0.055,-0.617,0.824
-0.055,-0.621,0.824
-0.055,-0.625,0.824
-0.055,-0.625,0.824
-0.055,-0.617,0.828
-0.055,-0.617,0.828
-0.066,-0.625,0.824
-0.063,-0.625,0.824
-0.066,-0.633,0.82
-0.07,-0.633,0.82
-0.07,-0.637,0.816
-0.078,-0.637,0.816
-0.07,-0.652,0.82
-0.07,-0.652,0.813
-0.066,-0.652,0.809
-0.07,-0.652,0.813
-0.07,-0.645,0.813
-0.07,-0.641,0.809
-0.07,-0.645,0.805
-0.063,-0.641,0.805
-0.066,-0.641,0.805
-0.07,-0.645,0.805
-0.07,-0.641,0.805
-0.074,-0.641,0.805
-0.078,-0.641,0.805
-0.078,-0.645,0.809
-0.074,-0.645,0.805
-0.078,-0.648,0.801
-0.086,-0.652,0.797
-0.086,-0.652,0.805
-0.09,-0.645,0.813
-0.094,-0.641,0.809
-0.094,-0.641,0.809
-0.094,-0.641,0.805
-0.102,-0.652,0.809
-0.102,-0.652,0.805
-0.094,-0.656,0.805
-0.094,-0.656,0.809
-0.094,-0.648,0.809
-0.086,-0.641,0.809
-0.086,-0.641,0.809
-0.09,-0.641,0.809
-0.098,-0.641,0.813
-0.094,-0.645,0.816
-0.098,-0.641,0.813
-0.094,-0.641,0.813
-0.094,-0.641,0.816
-0.09,-0.645,0.813
-0.094,-0.645,0.813
-0.098,-0.648,0.813
-0.105,-0.645,0.805
-0.105,-0.648,0.801
-0.105,-0.652,0.805
-0.102,-0.652,0.805
-0.098,-0.648,0.801
-0.098,-0.648,0.801
-0.102,-0.645,0.809
-0.105,-0.645,0.809
-0.105,-0.645,0.813
-0.102,-0.641,0.813
-0.098,-0.645,0.816
-0.102,-0.641,0.816
-0.098,-0.641,0.824
-0.094,-0.641,0.82
-0.09,-0.641,0.816
-0.094,-0.641,0.816
-0.102,-0.637,0.82
-0.094,-0.637,0.82
-0.086,-0.637,0.816
-0.086,-0.637,0.816
-0.082,-0.637,0.813
-0.082,-0.633,0.813
-0.082,-0.629,0.813
-0.086,-0.629,0.816
-0.082,-0.621,0.82
-0.082,-0.621,0.82
-0.082,-0.629,0.816
-0.082,-0.629,0.82
-0.086,-0.633,0.82
-0.09,-0.625,0.82
-0.09,-0.625,0.824
-0.086,-0.621,0.824
-0.09,-0.625,0.824
-0.09,-0.629,0.824
-0.09,-0.629,0.82
-0.082,-0.629,0.824
-0.078,-0.633,0.824
-0.078,-0.633,0.824
-0.078,-0.637,0.82
-0.078,-0.637,0.82
-0.074,-0.637,0.82
-0.074,-0.637,0.816
-0.074,-0.641,0.816
-0.074,-0.645,0.82
-0.078,-0.645,0.816
-0.074,-0.645,0.816
-0.074,-0.648,0.816
-0.074,-0.641,0.809
-0.07,-0.637,0.813
-0.066,-0.637,0.816
-0.07,-0.641,0.813
-0.07,-0.637,0.816
-0.066,-0.637,0.813
-0.063,-0.633,0.813
-0.059,-0.625,0.813
-0.055,-0.621,0.816
-0.063,-0.617,0.813
-0.063,-0.621,0.816
-0.066,-0.617,0.82
-0.063,-0.617,0.82
-0.063,-0.617,0.82
-0.07,-0.621,0.828
-0.059,-0.629,0.832
-0.066,-0.621,0.828
-0.059,-0.629,0.824
-0.059,-0.625,0.82
-0.055,-0.633,0.816
-0.055,-0.633,0.82
-0.059,-0.637,0.813
-0.059,-0.645,0.809
-0.059,-0.648,0.809
-0.063,-0.652,0.813
-0.063,-0.645,0.809
-0.063,-0.641,0.813
-0.059,-0.641,0.813
-0.063,-0.641,0.816
-0.063,-0.641,0.813
-0.066,-0.648,0.809
-0.066,-0.652,0.809
-0.063,-0.648,0.801
-0.063,-0.648,0.797
-0.066,-0.648,0.797
-0.063,-0.652,0.805
-0.066,-0.652,0.813
-0.07,-0.652,0.813
-0.074,-0.648,0.813
-0.074,-0.648,0.816
-0.07,-0.652,0.816
-0.066,-0.648,0.82
-0.066,-0.645,0.82
-0.063,-0.641,0.82
-0.063,-0.641,0.82
-0.063,-0.637,0.82
-0.063,-0.641,0.813
-0.063,-0.645,0.82
-0.059,-0.645,0.816
-0.063,-0.648,0.813
-0.059,-0.648,0.816
-0.066,-0.645,0.816
-0.063,-0.641,0.82
-0.066,-0.637,0.816
-0.066,-0.633,0.82
-0.07,-0.633,0.816
-0.07,-0.633,0.816
-0.07,-0.629,0.82
-0.07,-0.629,0.82
-0.07,-0.621,0.824
-0.07,-0.629,0.824
-0.07,-0.625,0.82
-0.063,-0.617,0.82
-0.059,-0.621,0.824
-0.066,-0.625,0.82
-0.051,-0.621,0.824
-0.051,-0.625,0.82
-0.055,-0.621,0.816
-0.051,-0.621,0.82
-0.047,-0.621,0.816
-0.047,-0.625,0.816
-0.047,-0.633,0.816
-0.047,-0.629,0.813
-0.051,-0.633,0.816
-0.051,-0.637,0.813
-0.051,-0.633,0.816
-0.047,-0.637,0.82
-0.043,-0.637,0.824
-0.043,-0.637,0.82
-0.039,-0.637,0.82
-0.047,-0.633,0.816
-0.043,-0.637,0.82
-0.043,-0.637,0.82
-0.047,-0.641,0.816
-0.051,-0.641,0.813
-0.051,-0.645,0.813
-0.051,-0.652,0.813
-0.055,-0.656,0.816
-0.047,-0.652,0.813
-0.043,-0.645,0.816
-0.043,-0.645,0.813
-0.047,-0.652,0.809
-0.047,-0.652,0.809
-0.043,-0.656,0.809
-0.043,-0.656,0.805
-0.047,-0.645,0.805
-0.051,-0.641,0.809
-0.059,-0.637,0.813
-0.059,-0.629,0.816
-0.055,-0.633,0.813
-0.051,-0.629,0.816
-0.043,-0.625,0.816
-0.047,-0.625,0.82
-0.043,-0.617,0.82
-0.043,-0.617,0.824
-0.043,-0.613,0.824
-0.043,-0.617,0.824
-0.043,-0.617,0.824
-0.043,-0.621,0.824
-0.035,-0.617,0.82
-0.031,-0.617,0.82
-0.035,-0.617,0.824
-0.035,-0.617,0.824
-0.039,-0.613,0.824
-0.051,-0.617,0.82
-0.043,-0.625,0.824
-0.047,-0.621,0.816
-0.047,-0.625,0.82
-0.043,-0.629,0.82
-0.043,-0.633,0.816
-0.043,-0.629,0.82
-0.043,-0.625,0.824
-0.047,-0.625,0.824
-0.047,-0.629,0.82
-0.043,-0.629,0.82
-0.047,-0.633,0.82
-0.051,-0.633,0.82
-0.051,-0.629,0.816
-0.051,-0.629,0.82
-0.055,-0.633,0.82
-0.051,-0.633,0.824
-0.055,-0.637,0.82
-0.059,-0.637,0.824
-0.059,-0.633,0.82
-0.051,-0.637,0.824
-0.047,-0.633,0.824
-0.047,-0.637,0.828
-0.051,-0.633,0.824
-0.051,-0.633,0.824
-0.051,-0.625,0.824
-0.059,-0.625,0.82
-0.055,-0.629,0.82
-0.055,-0.629,0.82
-0.051,-0.629,0.82
-0.051,-0.629,0.82
-0.051,-0.633,0.82
-0.051,-0.625,0.82
-0.051,-0.621,0.82
-0.047,-0.625,0.82
-0.047,-0.625,0.82
-0.047,-0.621,0.82
-0.051,-0.617,0.82
-0.047,-0.621,0.824
-0.051,-0.629,0.824
-0.047,-0.621,0.824
-0.047,-0.621,0.828
-0.055,-0.629,0.824
-0.051,-0.625,0.824
-0.051,-0.621,0.824
-0.059,-0.629,0.824
-0.059,-0.633,0.824
-0.051,-0.633,0.824
-0.051,-0.637,0.824
-0.051,-0.629,0.828
-0.063,-0.621,0.828
-0.059,-0.629,0.84
-0.059,-0.633,0.832
-0.047,-0.637,0.828
-0.051,-0.633,0.828
-0.047,-0.625,0.824
-0.047,-0.629,0.824
-0.051,-0.629,0.824
-0.051,-0.629,0.824
-0.051,-0.625,0.82
-0.051,-0.625,0.82
-0.055,-0.629,0.82
-0.055,-0.633,0.82
-0.063,-0.633,0.82
-0.055,-0.621,0.82
-0.059,-0.613,0.824
-0.059,-0.613,0.828
-0.055,-0.613,0.824
-0.055,-0.617,0.824
-0.051,-0.613,0.828
-0.055,-0.613,0.828
-0.059,-0.613,0.824
-0.063,-0.613,0.824
-0.059,-0.617,0.832
-0.063,-0.621,0.836
-0.063,-0.617,0.836
-0.063,-0.617,0.836
-0.063,-0.617,0.832
-0.059,-0.621,0.832
-0.063,-0.621,0.832
-0.063,-0.621,0.828
-0.059,-0.617,0.828
-0.059,-0.621,0.832
-0.059,-0.629,0.828
-0.059,-0.625,0.824
-0.059,-0.621,0.824
-0.059,-0.621,0.824
-0.066,-0.621,0.828
-0.063,-0.621,0.832
-0.066,-0.621,0.828
-0.07,-0.621,0.828
-0.066,-0.625,0.832
-0.063,-0.621,0.832
-0.063,-0.613,0.832
-0.066,-0.613,0.836
-0.063,-0.613,0.832
-0.063,-0.613,0.828
-0.059,-0.609,0.824
-0.063,-0.605,0.828
-0.066,-0.613,0.828
-0.078,-0.605,0.824
-0.066,-0.605,0.84
-0.066,-0.605,0.832
-0.063,-0.602,0.828
-0.063,-0.602,0.836
-0.066,-0.602,0.836
-0.066,-0.598,0.84
-0.07,-0.598,0.844
-0.07,-0.598,0.844
-0.066,-0.598,0.844
-0.066,-0.598,0.844
-0.063,-0.598,0.844
-0.07,-0.602,0.844
-0.07,-0.602,0.848
-0.07,-0.598,0.844
-0.066,-0.602,0.84
-0.066,-0.602,0.844
-0.066,-0.598,0.848
-0.066,-0.602,0.844
-0.063,-0.598,0.844
-0.066,-0.598,0.848
-0.066,-0.598,0.848
-0.07,-0.602,0.844
-0.07,-0.605,0.848
-0.074,-0.605,0.848
-0.066,-0.602,0.848
-0.066,-0.598,0.848
-0.07,-0.598,0.844
-0.07,-0.598,0.844
-0.066,-0.598,0.848
-0.063,-0.602,0.848
-0.066,-0.602,0.848
-0.07,-0.602,0.844
-0.07,-0.602,0.848
-0.07,-0.598,0.848
-0.066,-0.598,0.852
-0.066,-0.594,0.852
-0.07,-0.594,0.848
-0.074,-0.598,0.848
-0.074,-0.602,0.844
-0.074,-0.598,0.844
-0.074,-0.598,0.848
-0.074,-0.602,0.848
-0.07,-0.598,0.848
-0.07,-0.598,0.844
-0.07,-0.602,0.844
-0.066,-0.602,0.844
-0.07,-0.598,0.844
-0.066,-0.598,0.844
-0.066,-0.598,0.848
-0.078,-0.594,0.84
-0.07,-0.598,0.848
-0.07,-0.602,0.844
-0.07,-0.598,0.84
-0.07,-0.598,0.844
-0.066,-0.598,0.836
-0.07,-0.598,0.844
-0.07,-0.598,0.844
-0.07,-0.598,0.84
-0.07,-0.605,0.84
-0.07,-0.609,0.84
-0.07,-0.609,0.832
-0.074,-0.609,0.844
-0.07,-0.609,0.84
-0.074,-0.609,0.836
-0.074,-0.609,0.828
-0.074,-0.613,0.828
-0.07,-0.617,0.836
-0.074,-0.617,0.832
-0.074,-0.625,0.832
-0.074,-0.617,0.832
-0.066,-0.613,0.828
-0.059,-0.613,0.836
-0.059,-0.617,0.836
-0.059,-0.609,0.836
-0.059,-0.605,0.836
-0.055,-0.602,0.832
-0.055,-0.605,0.836
-0.055,-0.602,0.84
-0.055,-0.602,0.836
-0.063,-0.602,0.84
-0.066,-0.602,0.84
-0.07,-0.602,0.836
-0.063,-0.602,0.84
-0.066,-0.602,0.84
-0.066,-0.605,0.84
-0.066,-0.605,0.84
-0.063,-0.605,0.84
-0.063,-0.609,0.84
-0.063,-0.605,0.844
-0.066,-0.602,0.844
-0.066,-0.598,0.848
-0.066,-0.602,0.848
-0.063,-0.602,0.844
-0.066,-0.605,0.844
-0.066,-0.609,0.836
-0.063,-0.609,0.832
-0.063,-0.613,0.828
-0.059,-0.613,0.832
-0.055,-0.609,0.828
-0.074,-0.613,0.828
-0.055,-0.617,0.832
-0.059,-0.617,0.828
-0.059,-0.609,0.828
-0.059,-0.609,0.828
-0.059,-0.605,0.836
-0.059,-0.613,0.836
-0.059,-0.609,0.832
-0.055,-0.609,0.84
-0.055,-0.613,0.836
-0.059,-0.617,0.844
-0.055,-0.617,0.844
-0.059,-0.609,0.836
-0.059,-0.609,0.836
-0.059,-0.605,0.84
-0.055,-0.609,0.84
-0.055,-0.605,0.84
-0.063,-0.605,0.84
-0.063,-0.605,0.836
-0.063,-0.609,0.832
-0.059,-0.609,0.836
-0.055,-0.605,0.836
-0.055,-0.609,0.84
-0.055,-0.605,0.836
-0.055,-0.602,0.836
-0.055,-0.602,0.836
-0.059,-0.602,0.832
-0.063,-0.602,0.84
-0.059,-0.602,0.844
-0.059,-0.605,0.844
-0.063,-0.605,0.844
-0.059,-0.605,0.844
-0.059,-0.602,0.844
-0.063,-0.609,0.84
-0.059,-0.605,0.832
-0.059,-0.605,0.84
-0.059,-0.605,0.844
-0.059,-0.605,0.844
-0.063,-0.605,0.844
-0.059,-0.605,0.84
-0.055,-0.605,0.84
-0.055,-0.605,0.84
-0.063,-0.609,0.84
-0.059,-0.609,0.836
-0.055,-0.613,0.84
-0.055,-0.609,0.848
-0.055,-0.613,0.848
-0.063,-0.605,0.844
-0.059,-0.609,0.844
-0.055,-0.602,0.84
-0.063,-0.602,0.836
-0.055,-0.602,0.84
-0.055,-0.602,0.836
-0.059,-0.609,0.836
-0.063,-0.609,0.84
-0.059,-0.609,0.844
-0.059,-0.609,0.844
-0.059,-0.602,0.844
-0.059,-0.598,0.848
-0.059,-0.594,0.852
-0.063,-0.594,0.855
-0.059,-0.586,0.855
-0.063,-0.586,0.852
-0.059,-0.582,0.855
-0.059,-0.582,0.855
-0.059,-0.578,0.855
-0.063,-0.582,0.852
-0.063,-0.582,0.848
-0.07,-0.582,0.848
-0.07,-0.582,0.848
-0.074,-0.586,0.852
-0.07,-0.586,0.852
-0.07,-0.586,0.848
-0.07,-0.582,0.852
-0.063,-0.586,0.852
-0.059,-0.59,0.855
-0.063,-0.59,0.852
-0.063,-0.594,0.848
-0.066,-0.594,0.844
-0.063,-0.594,0.848
-0.059,-0.598,0.844
-0.059,-0.598,0.852
-0.059,-0.598,0.855
-0.063,-0.594,0.855
-0.063,-0.594,0.855
-0.059,-0.59,0.852
-0.059,-0.594,0.852
-0.063,-0.594,0.852
-0.059,-0.598,0.855
-0.059,-0.598,0.852
-0.059,-0.598,0.844
-0.063,-0.598,0.848
-0.063,-0.598,0.848
-0.059,-0.598,0.852
-0.066,-0.598,0.852
-0.063,-0.598,0.844
-0.059,-0.59,0.848
-0.063,-0.594,0.848
-0.059,-0.598,0.852
-0.059,-0.598,0.852
-0.063,-0.594,0.848
-0.059,-0.598,0.852
-0.055,-0.598,0.848
-0.059,-0.594,0.852
-0.063,-0.59,0.855
-0.066,-0.59,0.855
-0.07,-0.594,0.855
-0.07,-0.594,0.852
-0.07,-0.598,0.848
-0.066,-0.598,0.84
-0.063,-0.598,0.84
-0.063,-0.598,0.84
-0.063,-0.598,0.84
-0.059,-0.598,0.836
-0.059,-0.598,0.836
-0.063,-0.598,0.832
-0.066,-0.598,0.828
-0.066,-0.602,0.828
-0.066,-0.605,0.828
-0.07,-0.605,0.828
-0.063,-0.609,0.828
-0.066,-0.613,0.824
-0.07,-0.617,0.824
-0.07,-0.621,0.824
-0.07,-0.629,0.828
-0.07,-0.629,0.828
-0.07,-0.633,0.828
-0.07,-0.633,0.824
-0.07,-0.625,0.824
-0.066,-0.621,0.824
-0.066,-0.625,0.828
-0.07,-0.633,0.824
-0.07,-0.633,0.824
-0.074,-0.637,0.82
-0.074,-0.637,0.82
-0.07,-0.637,0.816
-0.074,-0.637,0.82
-0.07,-0.637,0.82
-0.07,-0.637,0.824
-0.074,-0.637,0.82
-0.066,-0.629,0.82
-0.059,-0.625,0.824
-0.059,-0.625,0.824
-0.059,-0.621,0.828
-0.063,-0.621,0.824
-0.07,-0.621,0.824
-0.07,-0.625,0.824
-0.066,-0.629,0.824
-0.066,-0.629,0.824
-0.066,-0.633,0.824
-0.082,-0.625,0.824
-0.066,-0.633,0.836
