-0.113,-0.805,0.621
-0.109,-0.805,0.625
-0.109,-0.805,0.621
-0.109,-0.813,0.629
-0.109,-0.813,0.629
-0.109,-0.805,0.625
-0.109,-0.809,0.629
-0.109,-0.813,0.633
-0.113,-0.809,0.629
-0.109,-0.805,0.629
-0.113,-0.809,0.629
-0.117,-0.813,0.625
-0.113,-0.809,0.617
-0.113,-0.805,0.617
-0.113,-0.813,0.617
-0.113,-0.816,0.617
-0.113,-0.809,0.617
-0.113,-0.801,0.621
-0.113,-0.805,0.617
-0.113,-0.809,0.617
-0.109,-0.809,0.617
-0.113,-0.813,0.617
-0.121,-0.813,0.621
-0.113,-0.809,0.625
-0.109,-0.809,0.625
-0.113,-0.813,0.625
-0.113,-0.816,0.625
-0.113,-0.813,0.617
-0.113,-0.809,0.621
-0.117,-0.813,0.625
-0.113,-0.805,0.621
-0.113,-0.805,0.617
-0.113,-0.809,0.621
-0.109,-0.813,0.621
-0.109,-0.813,0.617
-0.109,-0.805,0.621
-0.113,-0.805,0.625
-0.109,-0.809,0.621
-0.113,-0.813,0.621
-0.109,-0.816,0.617
-0.109,-0.813,0.617
-0.113,-0.813,0.621
-0.117,-0.813,0.617
-0.117,-0.813,0.617
-0.113,-0.813,0.613
-0.113,-0.813,0.617
-0.109,-0.813,0.621
-0.109,-0.809,0.621
-0.109,-0.809,0.617
-0.117,-0.813,0.621
-0.113,-0.809,0.621
-0.113,-0.809,0.621
-0.109,-0.813,0.621
-0.113,-0.813,0.621
-0.109,-0.809,0.621
-0.109,-0.809,0.621
-0.109,-0.813,0.625
-0.113,-0.813,0.625
-0.109,-0.816,0.625
-0.109,-0.816,0.621
-0.109,-0.813,0.617
-0.113,-0.809,0.625
-0.113,-0.805,0.629
-0.109,-0.809,0.625
-0.109,-0.813,0.625
-0.113,-0.813,0.621
-0.109,-0.805,0.613
-0.113,-0.801,0.613
-0.109,-0.801,0.621
-0.109,-0.809,0.617
-0.117,-0.813,0.625
-0.121,-0.809,0.629
-0.133,-0.805,0.625
-0.121,-0.813,0.637
-0.117,-0.809,0.625
-0.117,-0.805,0.625
-0.117,-0.809,0.621
-0.121,-0.805,0.621
-0.121,-0.805,0.621
-0.113,-0.809,0.617
-0.113,-0.809,0.621
-0.109,-0.805,0.617
-0.117,-0.805,0.617
-0.113,-0.805,0.621
-0.113,-0.809,0.625
-0.117,-0.809,0.625
-0.117,-0.813,0.625
-0.117,-0.813,0.625
-0.113,-0.805,0.629
-0.117,-0.801,0.625
-0.117,-0.805,0.621
-0.113,-0.805,0.617
-0.109,-0.813,0.617
-0.109,-0.809,0.621
-0.109,-0.801,0.617
-0.113,-0.809,0.625
-0.117,-0.805,0.625
-0.117,-0.805,0.629
-0.117,-0.809,0.629
-0.109,-0.809,0.625
-0.113,-0.809,0.625
-0.117,-0.809,0.629
-0.117,-0.805,0.629
-0.121,-0.805,0.629
-0.117,-0.801,0.621
-0.117,-0.801,0.629
-0.113,-0.797,0.625
-0.113,-0.805,0.629
-0.113,-0.805,0.629
-0.113,-0.805,0.633
-0.117,-0.805,0.629
-0.121,-0.809,0.633
-0.121,-0.805,0.633
-0.121,-0.801,0.633
-0.121,-0.805,0.637
-0.121,-0.809,0.637
-0.121,-0.801,0.633
-0.121,-0.801,0.633
-0.121,-0.801,0.633
-0.117,-0.793,0.633
-0.117,-0.797,0.637
-0.121,-0.801,0.637
-0.125,-0.797,0.633
-0.117,-0.805,0.641
-0.117,-0.805,0.629
-0.117,-0.801,0.637
-0.117,-0.805,0.637
-0.113,-0.809,0.637
-0.113,-0.801,0.637
-0.117,-0.801,0.633
-0.113,-0.801,0.633
-0.121,-0.801,0.633
-0.117,-0.793,0.633
-0.117,-0.793,0.637
-0.121,-0.797,0.637
-0.121,-0.797,0.633
-0.117,-0.797,0.637
-0.117,-0.801,0.641
-0.117,-0.805,0.637
-0.121,-0.797,0.633
-0.117,-0.805,0.641
-0.117,-0.793,0.637
-0.113,-0.797,0.641
-0.113,-0.801,0.637
-0.117,-0.797,0.641
-0.117,-0.797,0.641
-0.117,-0.801,0.637
-0.117,-0.805,0.641
-0.117,-0.801,0.641
-0.117,-0.801,0.641
-0.117,-0.801,0.641
-0.117,-0.797,0.641
-0.121,-0.793,0.641
-0.121,-0.797,0.641
-0.113,-0.797,0.637
-0.117,-0.797,0.637
-0.113,-0.801,0.637
-0.109,-0.793,0.633
-0.113,-0.793,0.637
-0.121,-0.793,0.637
-0.121,-0.793,0.637
-0.121,-0.797,0.633
-0.117,-0.801,0.637
-0.113,-0.805,0.637
-0.113,-0.805,0.641
-0.113,-0.801,0.645
-0.109,-0.793,0.648
-0.109,-0.785,0.645
-0.113,-0.789,0.645
-0.117,-0.793,0.641
-0.109,-0.793,0.637
-0.109,-0.793,0.637
-0.121,-0.793,0.641
-0.117,-0.797,0.645
-0.121,-0.797,0.641
-0.117,-0.797,0.637
-0.121,-0.801,0.641
-0.113,-0.801,0.641
-0.117,-0.801,0.641
-0.117,-0.801,0.641
-0.113,-0.793,0.641
-0.113,-0.793,0.641
-0.109,-0.797,0.633
-0.113,-0.801,0.637
-0.117,-0.809,0.637
-0.113,-0.801,0.637
-0.117,-0.797,0.637
-0.113,-0.797,0.637
-0.121,-0.801,0.633
-0.121,-0.793,0.637
-0.121,-0.793,0.641
-0.121,-0.793,0.641
-0.117,-0.793,0.637
-0.117,-0.797,0.637
-0.117,-0.793,0.633
-0.121,-0.793,0.633
-0.117,-0.797,0.633
-0.117,-0.801,0.633
-0.117,-0.801,0.637
-0.117,-0.797,0.637
-0.117,-0.797,0.641
-0.117,-0.797,0.637
-0.113,-0.801,0.641
-0.117,-0.801,0.637
-0.121,-0.801,0.633
-0.121,-0.801,0.641
-0.117,-0.797,0.641
-0.121,-0.797,0.645
-0.121,-0.801,0.641
-0.125,-0.805,0.641
-0.125,-0.805,0.637
-0.121,-0.801,0.633
-0.117,-0.801,0.637
-0.121,-0.801,0.637
-0.113,-0.797,0.637
-0.113,-0.797,0.637
-0.117,-0.797,0.641
-0.113,-0.797,0.641
-0.117,-0.797,0.641
-0.121,-0.797,0.641
-0.121,-0.793,0.637
-0.117,-0.797,0.633
-0.129,-0.801,0.633
-0.121,-0.805,0.637
-0.117,-0.805,0.633
-0.121,-0.805,0.637
-0.117,-0.797,0.641
-0.121,-0.793,0.641
-0.121,-0.789,0.637
-0.121,-0.797,0.641
-0.121,-0.797,0.641
-0.121,-0.797,0.641
-0.113,-0.797,0.645
-0.113,-0.801,0.645
-0.113,-0.797,0.645
-0.117,-0.797,0.645
-0.117,-0.801,0.645
-0.121,-0.797,0.641
-0.117,-0.793,0.637
-0.117,-0.793,0.633
-0.121,-0.797,0.641
-0.121,-0.797,0.645
-0.117,-0.801,0.645
-0.121,-0.793,0.637
-0.113,-0.789,0.637
-0.113,-0.789,0.641
-0.121,-0.793,0.645
-0.117,-0.789,0.645
-0.113,-0.793,0.641
-0.113,-0.793,0.641
-0.117,-0.797,0.641
-0.117,-0.797,0.641
-0.117,-0.797,0.645
-0.121,-0.797,0.641
-0.121,-0.793,0.645
-0.117,-0.797,0.645
-0.125,-0.793,0.645
-0.121,-0.789,0.648
-0.121,-0.793,0.645
-0.121,-0.801,0.641
-0.113,-0.797,0.637
-0.117,-0.793,0.641
-0.117,-0.793,0.641
-0.113,-0.789,0.641
-0.117,-0.785,0.645
-0.117,-0.785,0.645
-0.125,-0.793,0.641
-0.121,-0.797,0.645
-0.121,-0.793,0.637
-0.121,-0.797,0.641
-0.121,-0.793,0.645
-0.121,-0.785,0.648
-0.129,-0.785,0.648
-0.121,-0.793,0.652
-0.121,-0.797,0.645
-0.117,-0.793,0.645
-0.117,-0.793,0.645
-0.117,-0.789,0.645
-0.121,-0.793,0.641
-0.117,-0.789,0.645
-0.117,-0.789,0.645
-0.117,-0.793,0.645
-0.113,-0.797,0.645
-0.117,-0.793,0.641
-0.113,-0.789,0.645
-0.121,-0.793,0.645
-0.117,-0.797,0.645
-0.117,-0.797,0.645
-0.113,-0.797,0.648
-0.113,-0.797,0.648
-0.117,-0.801,0.648
-0.117,-0.797,0.648
-0.121,-0.793,0.641
-0.121,-0.801,0.645
-0.125,-0.797,0.645
-0.121,-0.793,0.645
-0.121,-0.793,0.641
-0.125,-0.793,0.641
-0.125,-0.793,0.637
-0.117,-0.793,0.641
-0.121,-0.793,0.633
-0.125,-0.801,0.633
-0.121,-0.797,0.637
-0.121,-0.797,0.641
-0.121,-0.793,0.641
-0.113,-0.789,0.645
-0.113,-0.793,0.645
-0.117,-0.797,0.641
-0.121,-0.793,0.637
-0.117,-0.793,0.641
-0.117,-0.793,0.637
-0.113,-0.793,0.641
-0.113,-0.797,0.645
-0.121,-0.789,0.645
-0.117,-0.793,0.648
-0.117,-0.789,0.648
-0.117,-0.793,0.648
-0.117,-0.789,0.645
-0.113,-0.793,0.648
-0.113,-0.789,0.645
-0.121,-0.793,0.645
-0.117,-0.789,0.648
-0.129,-0.793,0.641
-0.121,-0.797,0.648
-0.125,-0.797,0.648
-0.117,-0.789,0.648
-0.121,-0.789,0.645
-0.117,-0.793,0.648
-0.117,-0.789,0.645
-0.121,-0.785,0.645
-0.125,-0.789,0.645
-0.117,-0.793,0.645
-0.121,-0.793,0.645
-0.125,-0.789,0.645
-0.125,-0.793,0.641
-0.121,-0.797,0.641
-0.125,-0.797,0.641
-0.121,-0.797,0.641
-0.121,-0.797,0.641
-0.121,-0.797,0.645
-0.121,-0.801,0.641
-0.117,-0.801,0.645
-0.121,-0.797,0.641
-0.121,-0.793,0.645
-0.121,-0.793,0.641
-0.117,-0.793,0.645
-0.121,-0.793,0.648
-0.125,-0.797,0.648
-0.129,-0.797,0.645
-0.121,-0.797,0.641
-0.121,-0.793,0.641
-0.121,-0.785,0.641
-0.121,-0.793,0.645
-0.121,-0.797,0.641
-0.125,-0.797,0.637
-0.121,-0.797,0.633
-0.121,-0.797,0.637
-0.121,-0.793,0.637
-0.125,-0.789,0.641
-0.129,-0.793,0.641
-0.121,-0.793,0.645
-0.121,-0.793,0.648
-0.121,-0.797,0.645
-0.121,-0.797,0.645
-0.117,-0.793,0.648
-0.121,-0.789,0.645
-0.121,-0.789,0.645
-0.117,-0.789,0.641
-0.117,-0.793,0.641
-0.121,-0.797,0.645
-0.121,-0.793,0.645
-0.129,-0.797,0.637
-0.137,-0.797,0.637
-0.129,-0.805,0.648
-0.125,-0.801,0.645
-0.129,-0.801,0.645
-0.125,-0.793,0.645
-0.121,-0.789,0.648
-0.121,-0.793,0.648
-0.117,-0.793,0.648
-0.117,-0.793,0.648
-0.121,-0.793,0.648
-0.117,-0.793,0.645
-0.121,-0.797,0.641
-0.121,-0.793,0.641
-0.121,-0.797,0.637
-0.117,-0.789,0.641
-0.113,-0.789,0.641
-0.113,-0.785,0.645
-0.113,-0.793,0.641
-0.113,-0.793,0.641
-0.117,-0.797,0.641
-0.113,-0.797,0.637
-0.113,-0.797,0.633
-0.113,-0.797,0.633
-0.113,-0.801,0.633
-0.113,-0.801,0.629
-0.117,-0.801,0.629
-0.117,-0.797,0.633
-0.121,-0.801,0.637
-0.121,-0.805,0.633
-0.117,-0.797,0.633
-0.117,-0.797,0.629
-0.117,-0.797,0.633
-0.117,-0.801,0.625
-0.117,-0.801,0.625
-0.117,-0.805,0.625
-0.113,-0.813,0.629
-0.113,-0.809,0.633
-0.113,-0.809,0.633
-0.121,-0.809,0.637
-0.117,-0.809,0.633
-0.113,-0.809,0.633
-0.117,-0.809,0.633
-0.113,-0.813,0.625
-0.117,-0.813,0.625
-0.121,-0.813,0.625
-0.117,-0.805,0.621
-0.113,-0.801,0.621
-0.117,-0.805,0.625
-0.121,-0.805,0.629
-0.117,-0.809,0.629
-0.125,-0.809,0.633
-0.113,-0.809,0.637
-0.113,-0.809,0.633
-0.109,-0.805,0.633
-0.113,-0.805,0.629
-0.117,-0.809,0.629
-0.117,-0.805,0.629
-0.117,-0.805,0.625
-0.117,-0.801,0.629
-0.117,-0.805,0.629
-0.117,-0.809,0.629
-0.117,-0.805,0.629
-0.117,-0.805,0.629
-0.117,-0.805,0.629
-0.117,-0.801,0.629
-0.117,-0.801,0.629
-0.113,-0.801,0.629
-0.117,-0.801,0.625
-0.117,-0.801,0.629
-0.117,-0.801,0.625
-0.113,-0.805,0.621
-0.117,-0.805,0.625
-0.117,-0.801,0.629
-0.117,-0.809,0.629
-0.117,-0.809,0.633
-0.113,-0.813,0.633
-0.109,-0.809,0.629
-0.113,-0.809,0.625
-0.109,-0.813,0.625
-0.109,-0.809,0.629
-0.113,-0.809,0.633
-0.117,-0.809,0.629
-0.113,-0.809,0.629
-0.113,-0.809,0.625
-0.113,-0.805,0.621
-0.113,-0.805,0.629
-0.113,-0.805,0.625
-0.113,-0.801,0.625
-0.113,-0.801,0.629
-0.113,-0.805,0.629
-0.109,-0.801,0.629
-0.113,-0.809,0.633
-0.113,-0.809,0.633
-0.113,-0.805,0.633
-0.117,-0.805,0.633
-0.117,-0.801,0.629
-0.121,-0.805,0.629
-0.117,-0.801,0.633
-0.117,-0.805,0.633
-0.117,-0.805,0.629
-0.125,-0.805,0.633
-0.113,-0.801,0.641
-0.113,-0.797,0.629
-0.121,-0.801,0.625
-0.121,-0.805,0.625
-0.117,-0.809,0.629
-0.117,-0.809,0.629
-0.113,-0.805,0.633
-0.117,-0.805,0.633
-0.117,-0.801,0.637
-0.121,-0.805,0.637
-0.117,-0.801,0.637
-0.117,-0.801,0.625
-0.113,-0.801,0.625
-0.113,-0.805,0.629
-0.113,-0.797,0.633
-0.109,-0.797,0.637
-0.109,-0.801,0.641
-0.109,-0.801,0.637
-0.109,-0.797,0.633
-0.109,-0.797,0.633
-0.113,-0.793,0.633
-0.109,-0.793,0.633
-0.109,-0.797,0.637
-0.113,-0.801,0.633
-0.113,-0.797,0.637
-0.113,-0.797,0.641
-0.117,-0.801,0.641
-0.113,-0.809,0.637
-0.117,-0.813,0.637
-0.117,-0.816,0.629
-0.113,-0.82,0.633
-0.109,-0.816,0.629
-0.109,-0.824,0.629
-0.109,-0.828,0.629
-0.109,-0.824,0.629
-0.109,-0.82,0.621
-0.109,-0.816,0.617
-0.113,-0.82,0.613
-0.113,-0.816,0.613
-0.113,-0.816,0.613
-0.109,-0.816,0.613
-0.109,-0.809,0.613
-0.117,-0.813,0.621
-0.113,-0.816,0.629
-0.113,-0.82,0.629
-0.117,-0.816,0.633
-0.117,-0.816,0.637
-0.113,-0.813,0.637
-0.113,-0.805,0.641
-0.121,-0.793,0.641
-0.113,-0.793,0.645
-0.113,-0.793,0.645
-0.113,-0.789,0.645
-0.113,-0.781,0.645
-0.117,-0.781,0.645
-0.113,-0.781,0.645
-0.117,-0.777,0.648
-0.121,-0.777,0.652
-0.121,-0.777,0.664
-0.117,-0.77,0.668
-0.121,-0.766,0.672
-0.117,-0.766,0.676
-0.121,-0.766,0.68
-0.113,-0.762,0.68
-0.113,-0.758,0.68
-0.113,-0.758,0.684
-0.113,-0.754,0.68
-0.113,-0.75,0.68
-0.117,-0.754,0.684
-0.121,-0.754,0.68
-0.117,-0.754,0.68
-0.125,-0.758,0.684
-0.121,-0.754,0.691
-0.125,-0.758,0.688
-0.121,-0.758,0.684
-0.125,-0.758,0.684
-0.121,-0.758,0.688
-0.121,-0.758,0.695
-0.117,-0.754,0.703
-0.113,-0.75,0.703
-0.109,-0.75,0.703
-0.109,-0.754,0.695
-0.109,-0.754,0.688
-0.109,-0.754,0.684
-0.102,-0.762,0.676
-0.102,-0.766,0.66
-0.102,-0.773,0.652
-0.105,-0.777,0.645
-0.105,-0.781,0.637
-0.105,-0.793,0.633
-0.109,-0.797,0.633
-0.109,-0.789,0.637
-0.109,-0.781,0.645
-0.109,-0.781,0.648
-0.098,-0.781,0.652
-0.102,-0.781,0.66
-0.105,-0.781,0.672
-0.109,-0.773,0.676
-0.105,-0.766,0.68
-0.117,-0.762,0.688
-0.105,-0.762,0.699
-0.102,-0.766,0.691
-0.105,-0.758,0.695
-0.105,-0.75,0.703
-0.105,-0.746,0.703
-0.105,-0.746,0.699
-0.105,-0.742,0.699
-0.109,-0.738,0.699
-0.109,-0.738,0.699
-0.109,-0.738,0.703
-0.109,-0.738,0.703
-0.109,-0.738,0.703
-0.109,-0.738,0.703
-0.105,-0.738,0.699
-0.109,-0.738,0.688
-0.109,-0.742,0.684
-0.109,-0.738,0.684
-0.113,-0.734,0.684
-0.117,-0.734,0.68
-0.129,-0.734,0.68
-0.152,-0.734,0.684
-0.156,-0.73,0.691
-0.16,-0.727,0.703
-0.168,-0.727,0.703
-0.176,-0.727,0.711
-0.176,-0.734,0.707
-0.172,-0.742,0.703
-0.172,-0.754,0.691
-0.176,-0.754,0.688
-0.188,-0.75,0.684
-0.188,-0.746,0.684
-0.191,-0.75,0.684
-0.188,-0.758,0.684
-0.188,-0.773,0.68
-0.184,-0.777,0.68
-0.184,-0.785,0.668
-0.184,-0.793,0.664
-0.176,-0.801,0.652
-0.172,-0.805,0.645
-0.168,-0.801,0.637
-0.168,-0.789,0.637
-0.168,-0.781,0.637
-0.168,-0.773,0.641
-0.16,-0.773,0.645
-0.156,-0.758,0.652
-0.148,-0.746,0.66
-0.145,-0.734,0.66
-0.141,-0.727,0.676
-0.145,-0.727,0.68
-0.152,-0.727,0.68
-0.145,-0.73,0.695
-0.148,-0.73,0.688
-0.148,-0.73,0.684
-0.156,-0.73,0.684
-0.156,-0.73,0.676
-0.156,-0.734,0.66
-0.164,-0.734,0.652
-0.164,-0.742,0.645
-0.168,-0.75,0.633
-0.168,-0.758,0.621
-0.164,-0.758,0.621
-0.168,-0.758,0.613
-0.168,-0.758,0.605
-0.168,-0.758,0.59
-0.168,-0.758,0.578
-0.164,-0.762,0.563
-0.172,-0.77,0.547
-0.172,-0.781,0.531
-0.176,-0.789,0.523
-0.176,-0.797,0.512
-0.188,-0.809,0.508
-0.191,-0.824,0.5
-0.203,-0.848,0.496
-0.223,-0.871,0.492
-0.23,-0.879,0.488
-0.246,-0.883,0.5
-0.258,-0.898,0.52
-0.262,-0.914,0.543
-0.273,-0.938,0.559
-0.285,-0.965,0.574
-0.293,-0.961,0.582
-0.305,-0.953,0.594
-0.309,-0.961,0.605
-0.301,-0.996,0.621
-0.266,-1.078,0.641
-0.168,-1.172,0.68
-0.043,-1.203,0.777
0.043,-1.117,0.898
0.082,-0.957,1.008
0.074,-0.813,1.066
0.039,-0.699,1.082
0.012,-0.598,1.055
0.016,-0.543,0.992
0.02,-0.582,0.949
0.02,-0.699,0.938
0.02,-0.824,0.93
0.016,-0.883,0.914
0.027,-0.852,0.902
0.027,-0.777,0.898
0.012,-0.711,0.895
-0.004,-0.695,0.891
-0.039,-0.719,0.855
-0.063,-0.734,0.809
-0.063,-0.715,0.762
-0.051,-0.676,0.73
-0.043,-0.637,0.699
-0.043,-0.613,0.672
-0.039,-0.605,0.641
-0.035,-0.598,0.621
-0.027,-0.586,0.602
-0.023,-0.574,0.586
-0.016,-0.566,0.578
-0.02,-0.582,0.555
-0.016,-0.594,0.543
-0.016,-0.621,0.539
-0.02,-0.645,0.539
-0.016,-0.66,0.539
-0.016,-0.676,0.551
-0.012,-0.68,0.559
-0.02,-0.68,0.566
-0.027,-0.684,0.563
-0.031,-0.676,0.563
-0.039,-0.668,0.555
-0.043,-0.664,0.559
-0.043,-0.68,0.551
-0.035,-0.703,0.543
-0.027,-0.727,0.535
-0.02,-0.734,0.531
-0.016,-0.738,0.535
-0.016,-0.738,0.527
-0.02,-0.738,0.523
-0.023,-0.742,0.523
-0.027,-0.758,0.52
-0.02,-0.777,0.512
-0.016,-0.809,0.508
0,-0.832,0.504
0.008,-0.855,0.508
0.016,-0.875,0.508
0.012,-0.895,0.512
0.008,-0.926,0.527
0.004,-0.953,0.543
-0.004,-0.973,0.566
-0.008,-0.992,0.594
-0.008,-1.012,0.602
-0.008,-1.02,0.605
-0.012,-1.016,0.602
-0.012,-1.004,0.602
-0.027,-1.023,0.605
-0.059,-1.102,0.602
-0.121,-1.234,0.605
-0.191,-1.398,0.609
-0.254,-1.48,0.613
-0.289,-1.375,0.68
-0.281,-1.125,0.793
-0.23,-0.848,0.934
-0.156,-0.656,1.02
-0.09,-0.578,0.992
-0.059,-0.621,0.934
-0.055,-0.727,0.918
-0.063,-0.828,0.926
-0.082,-0.859,0.922
-0.117,-0.813,0.922
-0.148,-0.723,0.926
-0.168,-0.668,0.922
-0.133,-0.648,0.91
-0.066,-0.641,0.891
-0.008,-0.621,0.879
0.031,-0.582,0.871
0.039,-0.539,0.863
0.047,-0.516,0.84
0.055,-0.512,0.805
0.051,-0.5,0.777
0.039,-0.488,0.75
0.016,-0.48,0.723
-0.012,-0.488,0.691
-0.035,-0.512,0.66
-0.059,-0.527,0.633
-0.078,-0.539,0.605
-0.094,-0.551,0.582
-0.102,-0.563,0.566
-0.109,-0.578,0.551
-0.113,-0.594,0.539
-0.113,-0.609,0.527
-0.117,-0.617,0.516
-0.113,-0.621,0.508
-0.105,-0.629,0.5
-0.109,-0.633,0.48
-0.109,-0.637,0.484
-0.109,-0.648,0.492
-0.109,-0.664,0.484
-0.109,-0.688,0.488
-0.109,-0.711,0.492
-0.121,-0.738,0.5
-0.137,-0.773,0.5
-0.152,-0.828,0.504
-0.172,-0.875,0.52
-0.203,-0.91,0.547
-0.223,-0.922,0.59
-0.234,-0.922,0.637
-0.246,-0.918,0.68
-0.238,-0.91,0.719
-0.223,-0.926,0.75
-0.195,-0.992,0.766
-0.164,-1.16,0.762
-0.047,-1.391,0.723
0.164,-1.582,0.707
0.289,-1.496,0.738
0.27,-1.176,0.848
0.203,-0.859,0.965
0.137,-0.688,1.004
0.105,-0.672,0.988
0.109,-0.75,0.961
0.113,-0.824,0.957
0.102,-0.809,0.965
0.066,-0.727,0.957
0.035,-0.652,0.93
0.008,-0.629,0.887
-0.02,-0.652,0.828
-0.035,-0.688,0.77
-0.055,-0.703,0.715
-0.059,-0.668,0.684
-0.055,-0.617,0.668
-0.047,-0.57,0.66
-0.035,-0.559,0.652
-0.02,-0.555,0.637
-0.008,-0.551,0.625
-0.004,-0.535,0.621
-0.008,-0.523,0.617
-0.016,-0.516,0.613
-0.027,-0.52,0.602
-0.031,-0.527,0.59
-0.035,-0.547,0.582
-0.031,-0.57,0.574
-0.02,-0.59,0.559
-0.004,-0.605,0.547
0.004,-0.625,0.543
0.012,-0.641,0.535
0.008,-0.656,0.523
0.004,-0.672,0.52
0.008,-0.68,0.516
0.008,-0.691,0.512
0.012,-0.699,0.52
0.012,-0.703,0.523
0.008,-0.707,0.535
0.004,-0.734,0.543
0,-0.766,0.543
-0.004,-0.797,0.535
-0.008,-0.84,0.535
-0.008,-0.895,0.555
-0.016,-0.949,0.582
-0.012,-1,0.621
-0.016,-1.008,0.645
-0.023,-0.969,0.664
-0.027,-0.938,0.688
-0.027,-0.93,0.695
-0.02,-0.949,0.691
-0.008,-0.969,0.684
0.008,-1.008,0.66
0.004,-1.152,0.617
-0.059,-1.367,0.531
-0.168,-1.473,0.504
-0.281,-1.27,0.641
-0.348,-0.938,0.844
-0.371,-0.641,1.047
-0.344,-0.465,1.133
-0.273,-0.453,1.121
-0.234,-0.637,1.121
-0.23,-0.895,1.102
-0.219,-1.098,1.059
-0.207,-1.078,1.02
-0.207,-0.93,1.008
-0.203,-0.816,0.98
-0.164,-0.77,0.934
-0.098,-0.75,0.875
-0.047,-0.723,0.813
-0.023,-0.672,0.758
-0.004,-0.625,0.707
0.004,-0.594,0.668
0.016,-0.559,0.633
0.016,-0.531,0.602
0.016,-0.5,0.582
0.016,-0.484,0.578
0.012,-0.477,0.566
0.008,-0.477,0.559
0.004,-0.492,0.547
-0.016,-0.512,0.535
-0.027,-0.523,0.52
-0.039,-0.531,0.516
-0.059,-0.543,0.516
-0.074,-0.551,0.512
-0.078,-0.566,0.512
-0.09,-0.586,0.504
-0.094,-0.609,0.492
-0.094,-0.633,0.48
-0.09,-0.66,0.48
-0.086,-0.672,0.48
-0.094,-0.688,0.477
-0.102,-0.715,0.477
-0.113,-0.75,0.477
-0.137,-0.789,0.473
-0.137,-0.836,0.473
-0.145,-0.875,0.484
-0.156,-0.914,0.516
-0.172,-0.965,0.559
-0.188,-1,0.598
-0.195,-1.008,0.645
-0.199,-0.988,0.684
-0.191,-0.965,0.695
-0.195,-0.953,0.68
-0.199,-1.008,0.664
-0.207,-1.191,0.652
-0.082,-1.438,0.586
0.156,-1.582,0.57
0.285,-1.398,0.656
0.254,-1.035,0.828
0.172,-0.723,0.996
0.086,-0.566,1.082
0.031,-0.563,1.098
0.008,-0.688,1.09
0,-0.809,1.07
0,-0.855,1.023
0.016,-0.813,0.973
0.035,-0.758,0.93
0.027,-0.766,0.867
-0.004,-0.813,0.789
-0.055,-0.828,0.715
-0.09,-0.781,0.672
-0.105,-0.715,0.656
-0.105,-0.664,0.641
-0.098,-0.637,0.629
-0.098,-0.613,0.617
-0.094,-0.578,0.602
-0.086,-0.535,0.602
-0.082,-0.508,0.598
-0.07,-0.5,0.586
-0.066,-0.504,0.574
-0.055,-0.516,0.559
-0.051,-0.535,0.543
-0.039,-0.555,0.523
-0.027,-0.582,0.508
-0.02,-0.625,0.492
-0.004,-0.656,0.477
0.004,-0.68,0.469
0.008,-0.699,0.469
0.012,-0.719,0.469
0.016,-0.727,0.473
0.027,-0.727,0.477
0.031,-0.723,0.492
0.031,-0.723,0.512
0.016,-0.734,0.527
0.027,-0.77,0.551
0.031,-0.809,0.555
0.043,-0.848,0.555
0.051,-0.871,0.563
0.051,-0.883,0.574
0.035,-0.902,0.594
0.008,-0.938,0.609
-0.02,-0.953,0.621
-0.043,-0.945,0.629
-0.047,-0.926,0.633
-0.051,-0.91,0.645
-0.055,-0.906,0.637
-0.059,-0.977,0.613
-0.078,-1.129,0.57
-0.133,-1.336,0.523
-0.227,-1.469,0.527
-0.313,-1.313,0.656
-0.359,-1.004,0.879
-0.34,-0.703,1.094
-0.281,-0.539,1.18
-0.223,-0.578,1.168
-0.207,-0.789,1.137
-0.223,-1.039,1.078
-0.238,-1.184,1.012
-0.234,-1.121,0.973
-0.227,-0.996,0.945
-0.195,-0.922,0.895
-0.133,-0.867,0.836
-0.074,-0.805,0.781
-0.043,-0.738,0.742
-0.027,-0.672,0.707
-0.02,-0.625,0.66
-0.016,-0.582,0.625
-0.012,-0.543,0.598
-0.012,-0.508,0.574
-0.012,-0.477,0.555
-0.012,-0.457,0.527
-0.012,-0.453,0.512
-0.012,-0.465,0.5
-0.016,-0.484,0.484
-0.027,-0.516,0.469
-0.043,-0.539,0.461
-0.063,-0.57,0.449
-0.078,-0.59,0.445
-0.086,-0.613,0.441
-0.086,-0.637,0.438
-0.098,-0.66,0.441
-0.098,-0.672,0.438
-0.098,-0.695,0.438
-0.105,-0.723,0.434
-0.09,-0.754,0.434
-0.086,-0.789,0.422
-0.086,-0.82,0.41
-0.094,-0.852,0.406
-0.102,-0.887,0.414
-0.113,-0.922,0.43
-0.137,-0.965,0.461
-0.152,-1.004,0.5
-0.172,-1.023,0.539
-0.191,-1.016,0.574
-0.203,-0.992,0.613
-0.211,-0.969,0.648
-0.219,-0.953,0.66
-0.227,-0.996,0.652
-0.23,-1.141,0.637
-0.148,-1.344,0.59
0.055,-1.539,0.594
0.184,-1.441,0.688
0.191,-1.113,0.84
0.137,-0.785,0.992
0.074,-0.613,1.07
0.043,-0.621,1.078
0.043,-0.73,1.055
0.043,-0.84,1.016
0.043,-0.879,0.965
0.051,-0.84,0.918
0.074,-0.801,0.852
0.07,-0.809,0.789
0.027,-0.828,0.73
-0.027,-0.816,0.68
-0.074,-0.777,0.652
-0.102,-0.719,0.641
-0.105,-0.66,0.633
-0.105,-0.609,0.629
-0.105,-0.578,0.613
-0.102,-0.547,0.594
-0.086,-0.527,0.578
-0.074,-0.516,0.563
-0.063,-0.512,0.551
-0.055,-0.52,0.543
-0.047,-0.527,0.531
-0.043,-0.539,0.52
-0.039,-0.555,0.508
-0.035,-0.574,0.492
-0.031,-0.602,0.488
-0.02,-0.625,0.477
-0.008,-0.648,0.48
0.012,-0.68,0.48
0.02,-0.703,0.484
0.02,-0.73,0.48
0.035,-0.758,0.496
0.039,-0.773,0.508
0.051,-0.785,0.527
0.055,-0.801,0.547
0.055,-0.824,0.555
0.055,-0.848,0.555
0.055,-0.867,0.551
0.055,-0.879,0.547
0.047,-0.906,0.559
0.023,-0.949,0.59
-0.02,-0.969,0.621
-0.055,-0.949,0.648
-0.078,-0.91,0.68
-0.07,-0.859,0.703
-0.055,-0.848,0.703
-0.035,-0.891,0.664
-0.02,-1.023,0.617
-0.023,-1.242,0.566
-0.109,-1.48,0.535
-0.23,-1.406,0.621
-0.316,-1.078,0.824
-0.34,-0.758,1.047
-0.313,-0.547,1.156
-0.246,-0.527,1.156
-0.215,-0.695,1.148
-0.199,-0.93,1.113
-0.207,-1.102,1.043
-0.227,-1.078,0.992
-0.262,-0.965,0.973
-0.289,-0.887,0.945
-0.258,-0.859,0.902
-0.188,-0.84,0.844
-0.133,-0.793,0.793
-0.094,-0.723,0.75
-0.07,-0.652,0.719
-0.047,-0.602,0.684
-0.035,-0.566,0.652
-0.027,-0.535,0.621
-0.031,-0.512,0.602
-0.031,-0.484,0.582
-0.035,-0.473,0.559
-0.035,-0.477,0.535
-0.031,-0.484,0.516
-0.035,-0.496,0.492
-0.043,-0.508,0.477
-0.051,-0.52,0.453
-0.066,-0.535,0.441
-0.086,-0.566,0.434
-0.102,-0.605,0.426
-0.121,-0.645,0.418
-0.125,-0.676,0.43
-0.133,-0.699,0.438
-0.137,-0.715,0.449
-0.133,-0.719,0.461
-0.129,-0.727,0.465
-0.125,-0.73,0.469
-0.117,-0.75,0.469
-0.125,-0.789,0.465
-0.133,-0.832,0.465
-0.148,-0.879,0.469
-0.164,-0.918,0.484
-0.18,-0.945,0.52
-0.195,-0.961,0.559
-0.203,-0.969,0.59
-0.195,-0.965,0.621
-0.188,-0.961,0.637
-0.184,-0.961,0.645
-0.188,-0.984,0.633
-0.211,-1.039,0.609
-0.227,-1.188,0.613
-0.164,-1.434,0.578
0.031,-1.613,0.559
0.184,-1.445,0.672
0.211,-1.078,0.863
0.184,-0.754,1.059
0.121,-0.59,1.156
0.07,-0.57,1.16
0.043,-0.664,1.129
0.047,-0.75,1.078
0.055,-0.785,1.02
0.051,-0.766,0.965
0.047,-0.734,0.891
0.043,-0.738,0.813
0.02,-0.762,0.746
-0.035,-0.754,0.695
-0.09,-0.723,0.664
-0.117,-0.66,0.652
-0.121,-0.598,0.648
-0.113,-0.566,0.641
-0.109,-0.543,0.629
-0.102,-0.531,0.617
-0.094,-0.527,0.602
-0.078,-0.527,0.602
-0.063,-0.527,0.594
-0.059,-0.535,0.586
-0.059,-0.547,0.578
-0.051,-0.551,0.57
-0.043,-0.563,0.563
-0.043,-0.582,0.543
-0.047,-0.598,0.523
-0.031,-0.621,0.504
-0.02,-0.641,0.48
-0.012,-0.672,0.461
0.004,-0.699,0.453
0.016,-0.723,0.457
0.02,-0.75,0.465
0.02,-0.762,0.48
0.023,-0.766,0.5
0.023,-0.773,0.52
0.023,-0.789,0.543
0.027,-0.82,0.563
0.023,-0.852,0.57
0.027,-0.871,0.582
0.027,-0.887,0.582
0.02,-0.906,0.594
0,-0.93,0.605
-0.023,-0.945,0.613
-0.051,-0.945,0.621
-0.082,-0.938,0.637
-0.098,-0.949,0.641
-0.109,-1.016,0.652
-0.129,-1.176,0.652
-0.207,-1.387,0.598
-0.301,-1.379,0.641
-0.332,-1.129,0.797
-0.324,-0.848,1.008
-0.293,-0.66,1.168
-0.246,-0.602,1.23
-0.203,-0.691,1.219
-0.176,-0.836,1.18
-0.172,-0.992,1.121
-0.18,-1.051,1.063
-0.18,-1.012,1.008
-0.191,-0.941,0.988
-0.176,-0.875,0.941
-0.125,-0.824,0.879
-0.07,-0.777,0.813
-0.035,-0.727,0.766
-0.016,-0.664,0.723
-0.008,-0.621,0.684
-0.004,-0.574,0.645
-0.008,-0.523,0.609
-0.016,-0.484,0.586
-0.016,-0.461,0.563
-0.016,-0.445,0.543
-0.016,-0.441,0.52
-0.016,-0.445,0.492
-0.027,-0.457,0.473
-0.039,-0.477,0.457
-0.063,-0.5,0.441
-0.07,-0.527,0.438
-0.082,-0.547,0.426
-0.098,-0.566,0.422
-0.105,-0.59,0.418
-0.117,-0.621,0.418
-0.121,-0.645,0.418
-0.125,-0.66,0.43
-0.129,-0.684,0.449
-0.125,-0.711,0.461
-0.125,-0.746,0.469
-0.137,-0.781,0.48
-0.156,-0.824,0.488
-0.18,-0.875,0.496
-0.203,-0.945,0.5
-0.223,-0.996,0.52
-0.23,-1.02,0.543
-0.234,-1.02,0.574
-0.234,-1.004,0.609
-0.211,-1.008,0.641
-0.18,-1.051,0.68
-0.129,-1.164,0.723
0.008,-1.336,0.738
0.164,-1.473,0.758
0.219,-1.391,0.809
0.188,-1.133,0.887
0.105,-0.91,0.977
0.039,-0.785,1.023
-0.008,-0.781,1.039
-0.027,-0.848,1.031
-0.039,-0.914,0.992
-0.035,-0.926,0.941
-0.02,-0.863,0.895
0,-0.777,0.836
0.012,-0.75,0.773
-0.012,-0.773,0.707
-0.047,-0.785,0.648
-0.082,-0.766,0.621
-0.098,-0.703,0.613
-0.102,-0.625,0.613
-0.098,-0.563,0.613
-0.09,-0.52,0.594
-0.078,-0.504,0.582
-0.066,-0.488,0.574
-0.063,-0.473,0.563
-0.066,-0.473,0.547
-0.063,-0.488,0.527
-0.063,-0.516,0.508
-0.059,-0.551,0.488
-0.047,-0.59,0.473
-0.051,-0.617,0.461
-0.031,-0.648,0.453
-0.02,-0.668,0.441
-0.004,-0.68,0.445
0.008,-0.703,0.445
0.012,-0.727,0.445
0.016,-0.73,0.457
0.012,-0.734,0.48
0.004,-0.746,0.508
0.008,-0.766,0.531
0.016,-0.797,0.539
0.031,-0.832,0.535
0.047,-0.859,0.543
0.043,-0.887,0.57
0.027,-0.906,0.613
-0.008,-0.914,0.66
-0.043,-0.91,0.703
-0.074,-0.926,0.723
-0.117,-1.039,0.754
-0.203,-1.273,0.758
-0.34,-1.578,0.719
-0.41,-1.559,0.762
-0.391,-1.207,0.938
-0.336,-0.855,1.113
-0.285,-0.68,1.176
-0.227,-0.668,1.164
-0.176,-0.789,1.141
-0.133,-0.949,1.117
-0.137,-1.043,1.078
-0.168,-0.973,1.043
-0.199,-0.848,1.023
-0.215,-0.762,0.984
-0.188,-0.742,0.93
-0.145,-0.75,0.863
-0.098,-0.73,0.805
-0.082,-0.664,0.762
-0.07,-0.582,0.723
-0.066,-0.516,0.684
-0.051,-0.477,0.641
-0.043,-0.449,0.602
-0.039,-0.434,0.566
-0.031,-0.426,0.535
-0.027,-0.434,0.508
-0.027,-0.445,0.484
-0.031,-0.469,0.465
-0.039,-0.492,0.449
-0.051,-0.516,0.438
-0.07,-0.543,0.434
-0.082,-0.574,0.426
-0.098,-0.613,0.422
-0.121,-0.645,0.422
-0.121,-0.672,0.426
-0.129,-0.703,0.43
-0.137,-0.719,0.434
-0.133,-0.73,0.445
-0.133,-0.746,0.461
-0.137,-0.766,0.48
-0.152,-0.785,0.496
-0.168,-0.828,0.512
-0.176,-0.887,0.516
-0.188,-0.941,0.516
-0.211,-0.969,0.516
-0.223,-0.977,0.535
-0.219,-0.973,0.559
-0.207,-0.977,0.582
-0.195,-0.969,0.605
-0.172,-0.957,0.617
-0.148,-0.945,0.633
-0.129,-0.973,0.637
-0.117,-1.074,0.66
-0.051,-1.242,0.656
0.109,-1.414,0.656
0.223,-1.375,0.73
0.25,-1.137,0.844
0.211,-0.887,0.969
0.145,-0.73,1.059
0.082,-0.684,1.086
0.047,-0.734,1.074
0.043,-0.82,1.027
0.066,-0.875,0.957
0.102,-0.863,0.879
0.133,-0.816,0.805
0.152,-0.797,0.746
0.125,-0.828,0.688
0.059,-0.84,0.633
-0.016,-0.801,0.602
-0.07,-0.73,0.586
-0.09,-0.648,0.582
-0.094,-0.594,0.582
-0.086,-0.566,0.57
-0.082,-0.559,0.563
-0.078,-0.551,0.555
-0.07,-0.547,0.547
-0.063,-0.551,0.543
-0.063,-0.566,0.535
-0.066,-0.586,0.523
-0.066,-0.594,0.516
-0.063,-0.594,0.512
-0.059,-0.602,0.508
-0.059,-0.621,0.508
-0.059,-0.648,0.508
-0.047,-0.676,0.512
-0.035,-0.695,0.508
-0.031,-0.719,0.508
-0.027,-0.727,0.5
-0.023,-0.73,0.504
-0.016,-0.734,0.504
-0.016,-0.738,0.516
-0.023,-0.75,0.527
-0.031,-0.762,0.539
-0.035,-0.77,0.551
-0.039,-0.785,0.559
-0.035,-0.793,0.566
-0.039,-0.813,0.574
-0.047,-0.855,0.586
-0.059,-0.91,0.602
-0.055,-0.949,0.609
-0.047,-0.969,0.621
-0.039,-0.98,0.637
-0.035,-0.988,0.645
-0.043,-1.039,0.641
-0.082,-1.18,0.652
-0.16,-1.414,0.613
-0.273,-1.555,0.578
-0.348,-1.375,0.656
-0.332,-1.039,0.797
-0.277,-0.754,0.934
-0.215,-0.613,1.004
-0.16,-0.613,1.02
-0.125,-0.762,1.031
-0.102,-0.973,1.031
-0.117,-1.09,0.996
-0.148,-1.012,0.984
-0.16,-0.844,0.992
-0.168,-0.766,0.961
-0.152,-0.785,0.883
-0.102,-0.816,0.789
-0.047,-0.793,0.711
-0.012,-0.727,0.672
0.004,-0.648,0.637
0.008,-0.594,0.609
0,-0.566,0.586
-0.004,-0.539,0.559
-0.016,-0.516,0.535
-0.02,-0.5,0.527
-0.035,-0.492,0.516
-0.043,-0.504,0.508
-0.055,-0.523,0.496
-0.066,-0.547,0.492
-0.074,-0.578,0.488
-0.094,-0.598,0.48
-0.094,-0.613,0.48
-0.098,-0.633,0.473
-0.105,-0.652,0.465
-0.109,-0.676,0.457
-0.109,-0.699,0.449
-0.113,-0.715,0.457
-0.109,-0.73,0.465
-0.109,-0.742,0.484
-0.109,-0.754,0.504
-0.109,-0.773,0.52
-0.109,-0.797,0.523
-0.109,-0.828,0.512
-0.105,-0.867,0.496
-0.109,-0.914,0.5
-0.125,-0.965,0.523
-0.148,-1.012,0.551
-0.168,-1.027,0.578
-0.184,-1.008,0.621
-0.195,-0.973,0.652
-0.191,-0.957,0.672
-0.188,-1.004,0.684
-0.18,-1.129,0.672
-0.074,-1.293,0.637
0.098,-1.402,0.637
0.184,-1.305,0.684
0.176,-1.063,0.77
0.133,-0.859,0.867
0.078,-0.746,0.949
0.043,-0.711,0.996
0.02,-0.762,1.008
0.016,-0.832,0.973
0.012,-0.867,0.914
0.012,-0.844,0.852
0.004,-0.805,0.785
0.004,-0.777,0.73
-0.004,-0.777,0.68
-0.023,-0.785,0.633
-0.047,-0.766,0.598
-0.063,-0.707,0.582
-0.059,-0.633,0.59
-0.059,-0.582,0.59
-0.059,-0.563,0.582
-0.051,-0.543,0.578
-0.047,-0.535,0.574
-0.043,-0.531,0.574
-0.039,-0.531,0.574
-0.035,-0.539,0.57
-0.031,-0.563,0.566
-0.027,-0.59,0.551
-0.031,-0.617,0.535
-0.023,-0.648,0.527
-0.02,-0.676,0.516
-0.012,-0.695,0.5
0.004,-0.719,0.492
0.016,-0.738,0.484
0.023,-0.762,0.477
0.023,-0.77,0.465
0.023,-0.77,0.477
0.031,-0.77,0.492
0.031,-0.789,0.516
0.039,-0.816,0.535
0.043,-0.848,0.559
0.047,-0.863,0.57
0.047,-0.867,0.582
0.043,-0.871,0.59
0.023,-0.887,0.609
-0.012,-0.906,0.633
-0.047,-0.914,0.656
-0.078,-0.906,0.676
-0.09,-0.887,0.676
-0.086,-0.887,0.676
-0.094,-0.988,0.691
-0.148,-1.215,0.656
-0.238,-1.453,0.621
-0.313,-1.398,0.691
-0.34,-1.121,0.816
-0.336,-0.832,0.965
-0.297,-0.645,1.063
-0.23,-0.613,1.055
-0.172,-0.75,1.027
-0.117,-0.961,0.996
-0.09,-1.125,0.941
-0.109,-1.105,0.898
-0.141,-0.957,0.895
-0.152,-0.816,0.887
-0.113,-0.75,0.844
-0.043,-0.719,0.781
0.016,-0.68,0.734
0.035,-0.609,0.715
0.031,-0.543,0.703
0.027,-0.492,0.68
0.027,-0.449,0.652
0.012,-0.422,0.633
-0.008,-0.406,0.617
-0.027,-0.402,0.609
-0.031,-0.41,0.605
-0.043,-0.438,0.594
-0.047,-0.473,0.586
-0.059,-0.516,0.578
-0.078,-0.555,0.57
-0.074,-0.598,0.574
-0.086,-0.629,0.57
-0.094,-0.652,0.566
-0.094,-0.676,0.57
-0.094,-0.691,0.563
-0.098,-0.699,0.547
-0.109,-0.715,0.535
-0.125,-0.734,0.52
-0.148,-0.758,0.516
-0.168,-0.781,0.512
-0.184,-0.801,0.516
-0.203,-0.813,0.52
-0.223,-0.82,0.523
-0.242,-0.82,0.527
-0.25,-0.828,0.527
-0.25,-0.832,0.516
-0.238,-0.828,0.527
-0.223,-0.828,0.551
-0.188,-0.816,0.57
-0.148,-0.801,0.602
-0.125,-0.836,0.672
-0.082,-0.957,0.707
0.078,-1.113,0.703
0.273,-1.234,0.785
0.375,-1.211,0.84
0.355,-1.051,0.953
0.277,-0.871,1.07
0.18,-0.758,1.133
0.109,-0.738,1.152
0.09,-0.809,1.125
0.113,-0.883,1.07
0.137,-0.906,0.996
0.148,-0.875,0.938
0.148,-0.832,0.895
0.148,-0.82,0.863
0.156,-0.859,0.816
0.152,-0.848,0.777
0.129,-0.773,0.75
0.102,-0.676,0.734
0.082,-0.613,0.719
0.059,-0.594,0.691
0.039,-0.586,0.652
0.012,-0.57,0.613
-0.016,-0.551,0.586
-0.035,-0.531,0.559
-0.043,-0.516,0.555
-0.039,-0.512,0.543
-0.043,-0.512,0.531
-0.039,-0.523,0.523
-0.039,-0.543,0.508
-0.016,-0.57,0.508
0,-0.59,0.504
0.008,-0.605,0.5
0.023,-0.621,0.5
0.031,-0.633,0.504
0.043,-0.648,0.504
0.055,-0.668,0.508
0.059,-0.688,0.527
0.055,-0.707,0.551
0.055,-0.723,0.574
0.051,-0.734,0.602
0.051,-0.754,0.629
0.059,-0.77,0.652
0.063,-0.789,0.676
0.055,-0.816,0.711
0.023,-0.84,0.742
-0.016,-0.852,0.766
-0.039,-0.848,0.766
-0.043,-0.852,0.758
-0.039,-0.867,0.738
-0.035,-0.906,0.699
-0.027,-0.973,0.676
-0.043,-1.105,0.688
-0.094,-1.348,0.641
-0.168,-1.488,0.594
-0.258,-1.285,0.656
-0.324,-0.953,0.75
-0.324,-0.66,0.863
-0.262,-0.492,0.957
-0.184,-0.445,0.992
-0.117,-0.559,1
-0.051,-0.805,1
-0.012,-1.012,0.988
-0.047,-1.043,0.953
-0.125,-0.887,0.957
-0.168,-0.738,0.953
-0.145,-0.703,0.922
-0.063,-0.738,0.852
0.023,-0.738,0.801
0.066,-0.695,0.777
0.074,-0.625,0.773
0.078,-0.566,0.754
0.074,-0.531,0.727
0.078,-0.512,0.703
0.066,-0.488,0.688
0.055,-0.473,0.672
0.035,-0.473,0.66
0.02,-0.484,0.648
0.004,-0.5,0.641
-0.02,-0.52,0.625
-0.027,-0.539,0.621
-0.035,-0.559,0.602
-0.047,-0.582,0.582
-0.059,-0.609,0.578
-0.07,-0.629,0.578
-0.074,-0.648,0.582
-0.074,-0.656,0.59
-0.07,-0.664,0.594
-0.066,-0.668,0.598
-0.066,-0.672,0.605
-0.07,-0.684,0.609
-0.078,-0.695,0.609
-0.086,-0.715,0.605
-0.098,-0.73,0.594
-0.109,-0.738,0.586
-0.129,-0.754,0.578
-0.137,-0.773,0.57
-0.137,-0.789,0.574
-0.141,-0.793,0.582
-0.148,-0.793,0.602
-0.145,-0.785,0.617
-0.141,-0.773,0.629
-0.129,-0.773,0.641
-0.133,-0.777,0.656
-0.133,-0.816,0.664
-0.113,-0.918,0.695
-0.02,-1.047,0.691
0.18,-1.113,0.73
0.309,-1.066,0.809
0.285,-0.961,0.855
0.219,-0.863,0.941
0.168,-0.836,1.031
0.121,-0.863,1.047
0.094,-0.898,1.047
0.09,-0.895,1.047
0.082,-0.848,1.027
0.086,-0.801,0.973
0.098,-0.785,0.918
0.121,-0.793,0.891
0.121,-0.82,0.863
0.098,-0.824,0.816
0.066,-0.746,0.797
0.039,-0.645,0.797
0.023,-0.59,0.789
0.023,-0.57,0.77
0.023,-0.551,0.742
0.016,-0.523,0.719
0.008,-0.492,0.703
0.008,-0.473,0.691
0.004,-0.473,0.676
0.023,-0.488,0.668
0.039,-0.504,0.652
0.051,-0.512,0.641
0.063,-0.52,0.625
0.078,-0.516,0.621
0.094,-0.523,0.621
0.105,-0.531,0.613
0.133,-0.551,0.609
0.148,-0.563,0.605
0.156,-0.582,0.609
0.164,-0.59,0.613
0.172,-0.609,0.613
0.18,-0.641,0.613
0.184,-0.664,0.617
0.176,-0.699,0.629
0.176,-0.715,0.641
0.172,-0.715,0.66
0.164,-0.727,0.672
0.168,-0.742,0.672
0.172,-0.773,0.699
0.145,-0.789,0.719
0.09,-0.816,0.73
0.035,-0.844,0.742
0,-0.871,0.75
-0.031,-0.906,0.754
-0.063,-0.953,0.789
-0.117,-1.082,0.824
-0.148,-1.266,0.77
-0.191,-1.227,0.758
-0.281,-0.988,0.824
-0.344,-0.742,0.898
-0.34,-0.563,0.957
-0.316,-0.48,1.012
-0.289,-0.504,1.027
-0.242,-0.617,1.012
-0.137,-0.719,1.035
-0.094,-0.797,1.016
-0.129,-0.82,0.988
-0.199,-0.793,0.965
-0.227,-0.762,0.945
-0.188,-0.727,0.918
-0.113,-0.699,0.887
-0.043,-0.66,0.855
-0.012,-0.629,0.836
0.008,-0.605,0.813
0.027,-0.586,0.781
0.051,-0.559,0.746
0.055,-0.543,0.727
0.055,-0.531,0.711
0.043,-0.523,0.695
0.039,-0.531,0.691
0.027,-0.543,0.684
0.023,-0.551,0.676
0.016,-0.566,0.672
0.016,-0.582,0.672
0.02,-0.598,0.676
0.016,-0.617,0.672
0.012,-0.629,0.668
0.004,-0.645,0.664
-0.004,-0.656,0.664
-0.016,-0.66,0.672
-0.023,-0.668,0.668
-0.027,-0.684,0.672
-0.035,-0.699,0.672
-0.039,-0.707,0.664
-0.039,-0.719,0.66
-0.043,-0.723,0.66
-0.039,-0.727,0.668
-0.039,-0.73,0.66
-0.039,-0.73,0.66
-0.035,-0.727,0.656
-0.043,-0.719,0.664
-0.043,-0.711,0.672
-0.043,-0.707,0.684
-0.047,-0.703,0.684
-0.063,-0.691,0.684
-0.074,-0.68,0.684
-0.086,-0.664,0.684
-0.098,-0.66,0.672
-0.098,-0.668,0.652
-0.094,-0.688,0.637
-0.082,-0.727,0.637
-0.066,-0.805,0.648
0.012,-0.887,0.629
0.145,-0.914,0.691
0.195,-0.926,0.789
0.242,-0.938,0.82
0.316,-0.934,0.918
0.344,-0.926,0.969
0.289,-0.898,0.996
0.234,-0.871,1.02
0.203,-0.855,1.004
0.191,-0.844,0.965
0.176,-0.824,0.918
0.164,-0.801,0.867
0.164,-0.789,0.828
0.164,-0.777,0.785
0.156,-0.742,0.746
0.137,-0.688,0.711
0.117,-0.637,0.688
0.121,-0.598,0.684
0.121,-0.574,0.664
0.133,-0.57,0.652
0.145,-0.57,0.641
0.168,-0.574,0.633
0.18,-0.586,0.629
0.195,-0.594,0.637
0.199,-0.605,0.645
0.215,-0.617,0.652
0.219,-0.617,0.664
0.23,-0.605,0.676
0.234,-0.602,0.68
0.238,-0.586,0.684
0.234,-0.59,0.684
0.238,-0.594,0.688
0.242,-0.602,0.691
0.246,-0.617,0.691
0.258,-0.629,0.699
0.262,-0.637,0.711
0.27,-0.637,0.723
0.258,-0.637,0.742
0.25,-0.641,0.75
0.242,-0.652,0.754
0.23,-0.664,0.754
0.223,-0.668,0.75
0.219,-0.652,0.75
0.211,-0.652,0.742
0.191,-0.652,0.723
0.164,-0.656,0.715
0.141,-0.66,0.707
0.117,-0.668,0.703
0.086,-0.676,0.707
0.043,-0.695,0.707
0.004,-0.723,0.715
-0.043,-0.754,0.727
-0.086,-0.797,0.766
-0.129,-0.922,0.813
-0.16,-1.133,0.805
-0.172,-1.281,0.813
-0.195,-1.172,0.887
-0.199,-0.914,0.969
-0.164,-0.707,1
-0.105,-0.625,0.969
-0.051,-0.641,0.91
-0.008,-0.68,0.855
0.008,-0.668,0.832
-0.016,-0.625,0.828
-0.051,-0.602,0.828
-0.078,-0.621,0.832
-0.105,-0.656,0.824
-0.121,-0.699,0.824
-0.129,-0.719,0.832
-0.109,-0.734,0.82
-0.059,-0.723,0.805
-0.027,-0.699,0.789
-0.016,-0.672,0.777
-0.012,-0.641,0.766
-0.004,-0.637,0.746
0.008,-0.633,0.723
0.016,-0.637,0.703
0.031,-0.625,0.684
0.039,-0.613,0.672
0.039,-0.613,0.664
0.039,-0.625,0.652
0.031,-0.637,0.652
0.027,-0.645,0.652
0.016,-0.664,0.656
0.008,-0.672,0.664
-0.008,-0.672,0.672
-0.023,-0.672,0.676
-0.031,-0.672,0.68
-0.035,-0.668,0.672
-0.043,-0.676,0.664
-0.043,-0.684,0.656
-0.039,-0.684,0.645
-0.039,-0.688,0.637
-0.039,-0.695,0.625
-0.043,-0.691,0.613
-0.043,-0.695,0.602
-0.043,-0.703,0.594
-0.047,-0.719,0.586
-0.055,-0.734,0.578
-0.059,-0.746,0.574
-0.066,-0.746,0.559
-0.074,-0.758,0.551
-0.082,-0.77,0.543
-0.098,-0.773,0.539
-0.113,-0.781,0.539
-0.129,-0.805,0.551
-0.152,-0.848,0.563
-0.176,-0.887,0.574
-0.191,-0.906,0.586
-0.188,-0.922,0.602
-0.18,-0.934,0.609
-0.172,-0.969,0.621
-0.152,-1.039,0.641
-0.102,-1.16,0.668
0.004,-1.297,0.699
0.102,-1.332,0.723
0.094,-1.191,0.785
0.059,-0.984,0.867
0.023,-0.824,0.906
-0.008,-0.715,0.922
-0.008,-0.684,0.91
0.012,-0.699,0.902
0.039,-0.707,0.906
0.051,-0.711,0.895
0.063,-0.711,0.871
0.07,-0.699,0.848
0.094,-0.699,0.824
0.117,-0.727,0.805
0.121,-0.773,0.789
0.094,-0.816,0.773
0.07,-0.816,0.762
0.078,-0.773,0.766
0.082,-0.73,0.766
0.078,-0.703,0.746
0.074,-0.703,0.715
0.07,-0.699,0.68
0.063,-0.691,0.641
0.047,-0.672,0.605
0.043,-0.656,0.582
0.039,-0.648,0.555
0.043,-0.645,0.527
0.055,-0.641,0.5
0.066,-0.637,0.469
0.078,-0.633,0.449
0.078,-0.637,0.434
0.082,-0.645,0.426
0.086,-0.664,0.406
0.09,-0.676,0.398
0.086,-0.676,0.395
0.086,-0.68,0.398
0.09,-0.676,0.414
0.094,-0.676,0.434
0.09,-0.68,0.457
0.09,-0.695,0.48
0.078,-0.703,0.504
0.066,-0.719,0.523
0.059,-0.746,0.531
0.043,-0.789,0.539
0.02,-0.852,0.543
-0.008,-0.922,0.547
-0.031,-0.98,0.563
-0.043,-1.039,0.59
-0.039,-1.129,0.633
-0.07,-1.293,0.688
-0.188,-1.504,0.75
-0.336,-1.535,0.813
-0.395,-1.313,0.922
-0.352,-1.059,0.984
-0.297,-0.914,0.961
-0.254,-0.863,0.898
-0.23,-0.867,0.855
-0.215,-0.887,0.859
-0.203,-0.883,0.887
-0.195,-0.859,0.91
-0.191,-0.813,0.926
-0.191,-0.777,0.93
-0.184,-0.758,0.91
-0.156,-0.754,0.875
-0.133,-0.766,0.816
-0.105,-0.77,0.754
-0.094,-0.742,0.707
-0.082,-0.695,0.668
-0.074,-0.66,0.637
-0.059,-0.637,0.609
-0.035,-0.617,0.586
-0.027,-0.598,0.574
-0.027,-0.57,0.555
-0.031,-0.547,0.539
-0.031,-0.535,0.531
-0.039,-0.535,0.52
-0.043,-0.543,0.512
-0.051,-0.555,0.496
-0.059,-0.582,0.48
-0.063,-0.605,0.473
-0.066,-0.629,0.465
-0.074,-0.656,0.465
-0.086,-0.684,0.469
-0.098,-0.699,0.469
-0.105,-0.715,0.477
-0.113,-0.723,0.477
-0.113,-0.73,0.469
-0.113,-0.734,0.469
-0.109,-0.75,0.461
-0.105,-0.773,0.461
-0.098,-0.801,0.461
-0.102,-0.824,0.461
-0.105,-0.844,0.461
-0.113,-0.871,0.453
-0.125,-0.898,0.449
-0.133,-0.938,0.449
-0.145,-0.973,0.453
-0.16,-1.02,0.465
-0.184,-1.043,0.488
-0.207,-1.039,0.523
-0.211,-1.035,0.578
-0.195,-1.023,0.648
-0.184,-1.063,0.691
-0.105,-1.184,0.734
0.051,-1.344,0.734
0.203,-1.348,0.73
0.266,-1.164,0.801
0.223,-0.922,0.902
0.129,-0.738,0.98
0.047,-0.672,1.004
0.012,-0.73,0.992
0,-0.844,0.953
0,-0.926,0.918
0.027,-0.922,0.895
0.066,-0.859,0.855
0.094,-0.809,0.801
0.09,-0.793,0.75
0.055,-0.789,0.691
0.008,-0.781,0.641
-0.031,-0.762,0.605
-0.039,-0.727,0.59
-0.031,-0.691,0.574
-0.027,-0.656,0.555
-0.02,-0.617,0.535
-0.008,-0.582,0.516
-0.008,-0.559,0.508
-0.008,-0.555,0.508
-0.008,-0.563,0.504
-0.004,-0.57,0.5
0,-0.582,0.496
0.004,-0.598,0.488
0,-0.621,0.473
-0.008,-0.648,0.453
-0.008,-0.668,0.434
-0.012,-0.688,0.418
0,-0.711,0.414
0,-0.734,0.41
0.012,-0.762,0.414
0.016,-0.77,0.414
0.012,-0.781,0.426
0.008,-0.793,0.441
0.008,-0.809,0.457
0.012,-0.805,0.488
0.02,-0.816,0.523
0.031,-0.863,0.559
0.043,-0.914,0.578
0.051,-0.969,0.586
0.043,-0.98,0.602
0.02,-0.977,0.613
-0.012,-0.977,0.633
-0.043,-0.992,0.652
-0.07,-1.047,0.672
-0.121,-1.168,0.695
-0.219,-1.336,0.707
-0.316,-1.43,0.691
-0.336,-1.332,0.742
-0.289,-1.129,0.816
-0.242,-0.938,0.871
-0.215,-0.813,0.902
-0.184,-0.773,0.898
-0.156,-0.828,0.902
-0.152,-0.898,0.918
-0.164,-0.961,0.918
-0.172,-0.961,0.914
-0.168,-0.891,0.902
-0.152,-0.816,0.887
-0.129,-0.77,0.859
-0.078,-0.754,0.801
-0.043,-0.742,0.738
-0.023,-0.699,0.699
-0.016,-0.641,0.672
-0.008,-0.59,0.648
0.004,-0.551,0.621
0.023,-0.531,0.602
0.027,-0.508,0.582
0.027,-0.488,0.563
0.012,-0.477,0.551
-0.004,-0.473,0.539
-0.02,-0.488,0.527
-0.031,-0.508,0.516
-0.043,-0.535,0.504
-0.066,-0.578,0.496
-0.086,-0.621,0.48
-0.109,-0.652,0.473
-0.125,-0.668,0.469
-0.137,-0.672,0.457
-0.145,-0.672,0.453
-0.145,-0.68,0.453
-0.148,-0.691,0.449
-0.152,-0.715,0.445
-0.156,-0.738,0.445
-0.156,-0.785,0.453
-0.156,-0.836,0.465
-0.164,-0.887,0.477
-0.18,-0.934,0.488
-0.207,-0.957,0.512
-0.23,-0.965,0.551
-0.25,-0.957,0.598
-0.246,-0.965,0.629
-0.227,-0.973,0.641
-0.207,-0.965,0.633
-0.195,-0.965,0.598
-0.195,-1.008,0.551
-0.188,-1.125,0.523
-0.141,-1.324,0.5
0.02,-1.504,0.48
0.195,-1.449,0.551
0.285,-1.176,0.723
0.285,-0.848,0.93
0.227,-0.652,1.059
0.156,-0.625,1.098
0.113,-0.75,1.082
0.121,-0.863,1.047
0.125,-0.906,0.988
0.117,-0.879,0.938
0.117,-0.844,0.898
0.102,-0.863,0.82
0.063,-0.898,0.734
0.023,-0.879,0.668
-0.012,-0.809,0.633
-0.027,-0.738,0.609
-0.043,-0.699,0.59
-0.051,-0.672,0.574
-0.059,-0.648,0.551
-0.066,-0.617,0.543
-0.066,-0.59,0.527
-0.07,-0.574,0.523
-0.066,-0.559,0.516
-0.078,-0.563,0.508
-0.07,-0.563,0.5
-0.066,-0.57,0.5
-0.055,-0.566,0.484
-0.051,-0.582,0.48
-0.043,-0.609,0.473
-0.027,-0.645,0.469
-0.02,-0.684,0.457
-0.016,-0.719,0.453
-0.012,-0.746,0.453
-0.012,-0.762,0.453
-0.008,-0.773,0.461
-0.008,-0.773,0.469
0.004,-0.773,0.484
0.012,-0.785,0.5
0.02,-0.809,0.508
0.035,-0.832,0.508
0.043,-0.863,0.508
0.047,-0.898,0.508
0.055,-0.926,0.516
0.055,-0.945,0.543
0.027,-0.953,0.578
0,-0.949,0.633
-0.016,-0.93,0.668
-0.027,-0.914,0.691
-0.012,-0.895,0.695
0.008,-0.879,0.656
0.023,-0.934,0.602
0.008,-1.137,0.547
-0.082,-1.441,0.484
-0.234,-1.59,0.477
-0.355,-1.367,0.582
-0.387,-0.965,0.801
-0.355,-0.629,1.008
-0.285,-0.445,1.105
-0.191,-0.441,1.113
-0.137,-0.617,1.09
-0.133,-0.871,1.031
-0.133,-1.102,0.957
-0.145,-1.141,0.887
-0.156,-0.996,0.867
-0.16,-0.855,0.863
-0.137,-0.809,0.832
-0.086,-0.84,0.762
-0.027,-0.863,0.707
0.008,-0.828,0.676
0.02,-0.75,0.656
0.023,-0.676,0.629
0.023,-0.617,0.594
0.023,-0.582,0.563
0.023,-0.559,0.535
0.023,-0.555,0.516
0.031,-0.559,0.504
0.031,-0.574,0.496
0.027,-0.57,0.484
0.023,-0.566,0.477
0.004,-0.574,0.469
-0.012,-0.59,0.453
-0.027,-0.602,0.449
-0.047,-0.633,0.441
-0.059,-0.656,0.438
-0.074,-0.688,0.426
-0.082,-0.715,0.41
-0.09,-0.734,0.402
-0.102,-0.742,0.395
-0.105,-0.758,0.391
-0.109,-0.777,0.398
-0.109,-0.805,0.406
-0.109,-0.828,0.414
-0.113,-0.848,0.41
-0.129,-0.879,0.418
-0.152,-0.922,0.434
-0.18,-0.969,0.477
-0.195,-1.016,0.52
-0.207,-1.031,0.57
-0.191,-1.016,0.621
-0.188,-0.977,0.664
-0.184,-0.969,0.684
-0.18,-1.031,0.68
-0.172,-1.176,0.668
-0.063,-1.367,0.629
0.117,-1.484,0.621
0.215,-1.34,0.703
0.223,-1.043,0.867
0.18,-0.781,1.012
0.133,-0.664,1.082
0.094,-0.672,1.09
0.066,-0.758,1.059
0.051,-0.828,1.008
0.039,-0.859,0.957
0.059,-0.828,0.898
0.098,-0.797,0.836
0.102,-0.809,0.777
0.063,-0.832,0.719
0.004,-0.828,0.668
-0.047,-0.781,0.637
-0.066,-0.707,0.625
-0.074,-0.641,0.621
-0.082,-0.594,0.605
-0.082,-0.566,0.574
-0.074,-0.555,0.551
-0.066,-0.555,0.543
-0.055,-0.551,0.531
-0.047,-0.555,0.523
-0.047,-0.559,0.512
-0.047,-0.563,0.508
-0.043,-0.582,0.504
-0.043,-0.602,0.5
-0.039,-0.621,0.496
-0.035,-0.648,0.488
-0.031,-0.664,0.477
-0.027,-0.68,0.473
-0.02,-0.695,0.465
-0.008,-0.715,0.457
0,-0.738,0.457
0.012,-0.77,0.449
0.023,-0.805,0.449
0.039,-0.84,0.465
0.059,-0.859,0.496
0.063,-0.871,0.527
0.059,-0.871,0.551
0.059,-0.867,0.563
0.059,-0.867,0.566
0.063,-0.887,0.566
0.035,-0.926,0.582
0.004,-0.949,0.598
-0.043,-0.938,0.609
-0.066,-0.906,0.617
-0.07,-0.887,0.617
-0.051,-0.922,0.59
-0.047,-1.055,0.555
-0.078,-1.293,0.496
-0.188,-1.492,0.477
-0.297,-1.414,0.586
-0.355,-1.113,0.801
-0.359,-0.816,1.008
-0.32,-0.633,1.117
-0.27,-0.625,1.156
-0.23,-0.785,1.137
-0.211,-0.988,1.07
-0.188,-1.125,0.996
-0.176,-1.117,0.953
-0.184,-1.023,0.926
-0.184,-0.938,0.871
-0.156,-0.871,0.801
-0.105,-0.813,0.738
-0.059,-0.758,0.688
-0.02,-0.707,0.637
0.004,-0.66,0.594
0.016,-0.621,0.559
0.012,-0.586,0.527
0.012,-0.551,0.504
0.02,-0.527,0.496
0.023,-0.523,0.484
0.023,-0.523,0.477
0.027,-0.527,0.473
0.016,-0.535,0.461
0,-0.551,0.453
-0.023,-0.578,0.449
-0.039,-0.602,0.445
-0.059,-0.633,0.441
-0.074,-0.652,0.438
-0.086,-0.672,0.434
-0.098,-0.695,0.43
-0.102,-0.715,0.426
-0.105,-0.73,0.426
-0.109,-0.734,0.422
-0.109,-0.75,0.418
-0.117,-0.77,0.422
-0.129,-0.816,0.43
-0.125,-0.863,0.441
-0.133,-0.902,0.457
-0.152,-0.941,0.488
-0.172,-0.969,0.531
-0.191,-0.98,0.582
-0.188,-0.984,0.645
-0.188,-0.977,0.688
-0.176,-0.949,0.707
-0.168,-0.926,0.691
-0.18,-0.934,0.641
-0.203,-1.027,0.594
-0.203,-1.219,0.551
-0.07,-1.449,0.512
0.129,-1.563,0.543
0.238,-1.359,0.688
0.242,-0.984,0.902
0.195,-0.711,1.047
0.129,-0.59,1.105
0.082,-0.609,1.121
0.07,-0.723,1.102
0.07,-0.84,1.039
0.078,-0.898,0.961
0.098,-0.922,0.875
0.113,-0.934,0.793
0.105,-0.926,0.73
0.066,-0.887,0.676
0.008,-0.828,0.633
-0.047,-0.746,0.609
-0.082,-0.664,0.59
-0.105,-0.609,0.574
-0.109,-0.566,0.555
-0.105,-0.543,0.539
-0.09,-0.535,0.523
-0.078,-0.531,0.52
-0.059,-0.527,0.516
-0.051,-0.527,0.516
-0.043,-0.531,0.52
-0.043,-0.547,0.52
-0.039,-0.57,0.512
-0.043,-0.602,0.512
-0.035,-0.625,0.504
-0.027,-0.648,0.5
-0.02,-0.672,0.484
-0.008,-0.688,0.477
0.008,-0.699,0.477
0.02,-0.715,0.473
0.027,-0.738,0.465
0.043,-0.758,0.469
0.063,-0.785,0.473
0.07,-0.813,0.484
0.074,-0.828,0.5
0.066,-0.844,0.512
0.066,-0.848,0.512
0.059,-0.852,0.508
0.051,-0.867,0.508
0.055,-0.898,0.547
0.027,-0.938,0.586
-0.023,-0.949,0.625
-0.074,-0.941,0.676
-0.113,-0.902,0.711
-0.129,-0.898,0.734
-0.152,-1.027,0.73
-0.211,-1.281,0.684
-0.301,-1.449,0.656
-0.34,-1.309,0.762
-0.324,-1.004,0.961
-0.277,-0.703,1.117
-0.215,-0.551,1.145
-0.156,-0.617,1.105
-0.129,-0.859,1.082
-0.137,-1.156,1.023
-0.176,-1.258,0.934
-0.219,-1.148,0.922
-0.266,-1.008,0.926
-0.254,-0.93,0.891
-0.176,-0.91,0.828
-0.066,-0.871,0.781
0.012,-0.801,0.75
0.055,-0.715,0.719
0.082,-0.637,0.684
0.098,-0.582,0.648
0.098,-0.531,0.609
0.082,-0.488,0.574
0.059,-0.469,0.543
0.043,-0.453,0.516
0.035,-0.453,0.492
0.02,-0.469,0.477
0.012,-0.488,0.457
-0.008,-0.508,0.453
-0.027,-0.527,0.445
-0.051,-0.551,0.445
-0.063,-0.566,0.441
-0.086,-0.598,0.438
-0.105,-0.629,0.434
-0.109,-0.664,0.434
-0.109,-0.688,0.438
-0.102,-0.711,0.449
-0.098,-0.723,0.465
-0.094,-0.73,0.484
-0.094,-0.746,0.492
-0.098,-0.762,0.5
-0.105,-0.797,0.504
-0.109,-0.84,0.504
-0.125,-0.883,0.5
-0.156,-0.93,0.496
-0.172,-0.977,0.5
-0.191,-1.004,0.504
-0.207,-1.02,0.52
-0.203,-1.023,0.531
-0.195,-1.023,0.539
-0.188,-1.012,0.539
-0.184,-1.027,0.539
-0.188,-1.117,0.559
-0.148,-1.297,0.578
0.008,-1.516,0.551
0.16,-1.555,0.586
0.203,-1.305,0.711
0.168,-0.973,0.879
0.098,-0.738,1.012
0.043,-0.633,1.074
0.016,-0.641,1.098
0.027,-0.742,1.074
0.043,-0.848,1.012
0.055,-0.883,0.941
0.078,-0.832,0.863
0.102,-0.793,0.781
0.098,-0.813,0.707
0.055,-0.84,0.641
-0.004,-0.832,0.586
-0.059,-0.793,0.563
-0.078,-0.727,0.566
-0.078,-0.672,0.57
-0.066,-0.637,0.563
-0.063,-0.613,0.551
-0.051,-0.59,0.539
-0.047,-0.57,0.535
-0.039,-0.566,0.527
-0.031,-0.574,0.52
-0.027,-0.59,0.512
-0.027,-0.598,0.504
-0.027,-0.609,0.488
-0.02,-0.633,0.477
-0.02,-0.66,0.465
-0.012,-0.684,0.449
0,-0.707,0.438
0.008,-0.73,0.426
0,-0.746,0.41
-0.004,-0.758,0.418
-0.004,-0.762,0.418
-0.008,-0.77,0.426
-0.008,-0.793,0.438
-0.004,-0.816,0.457
0.012,-0.84,0.48
0.02,-0.855,0.492
0.016,-0.871,0.504
0.027,-0.898,0.523
0.031,-0.906,0.531
0.02,-0.918,0.543
0,-0.938,0.559
-0.023,-0.965,0.574
-0.035,-0.965,0.594
-0.035,-0.953,0.613
-0.027,-0.953,0.625
-0.02,-0.977,0.617
-0.023,-1.051,0.613
-0.066,-1.219,0.578
-0.172,-1.43,0.535
-0.273,-1.43,0.563
-0.313,-1.199,0.688
-0.301,-0.891,0.859
-0.258,-0.629,1.004
-0.195,-0.531,1.047
-0.152,-0.613,1.043
-0.137,-0.832,1.027
-0.137,-1.098,0.977
-0.156,-1.211,0.906
-0.176,-1.105,0.883
-0.18,-0.965,0.887
-0.152,-0.891,0.852
-0.09,-0.883,0.785
-0.02,-0.855,0.73
0.023,-0.789,0.691
0.043,-0.707,0.66
0.043,-0.645,0.641
0.039,-0.598,0.609
0.031,-0.559,0.578
0.02,-0.527,0.555
0.008,-0.512,0.531
0.004,-0.508,0.516
0.004,-0.52,0.496
0.004,-0.527,0.48
-0.016,-0.547,0.473
-0.031,-0.566,0.457
-0.055,-0.586,0.449
-0.074,-0.617,0.441
-0.102,-0.652,0.438
-0.117,-0.684,0.43
-0.129,-0.699,0.434
-0.137,-0.715,0.438
-0.141,-0.723,0.449
-0.137,-0.711,0.461
-0.133,-0.711,0.461
-0.125,-0.723,0.465
-0.113,-0.75,0.465
-0.121,-0.785,0.457
-0.117,-0.824,0.461
-0.129,-0.852,0.461
-0.152,-0.879,0.48
-0.184,-0.914,0.516
-0.195,-0.945,0.57
-0.195,-0.965,0.617
-0.191,-0.965,0.652
-0.191,-0.941,0.676
-0.203,-0.926,0.68
-0.211,-0.949,0.648
-0.211,-1.043,0.609
-0.188,-1.227,0.574
-0.066,-1.426,0.535
0.137,-1.5,0.57
0.289,-1.328,0.672
0.328,-1.039,0.844
0.281,-0.781,1
0.207,-0.617,1.086
0.133,-0.613,1.09
0.098,-0.711,1.055
0.078,-0.824,1
0.063,-0.891,0.941
0.047,-0.922,0.871
0.043,-0.918,0.789
0.039,-0.902,0.719
0.008,-0.879,0.652
-0.027,-0.824,0.598
-0.047,-0.746,0.57
-0.059,-0.688,0.555
-0.059,-0.637,0.543
-0.063,-0.613,0.527
-0.066,-0.598,0.512
-0.063,-0.578,0.512
-0.055,-0.555,0.516
-0.047,-0.543,0.52
-0.043,-0.543,0.523
-0.031,-0.555,0.523
-0.035,-0.586,0.52
-0.035,-0.605,0.508
-0.031,-0.633,0.492
-0.027,-0.656,0.48
-0.02,-0.684,0.473
-0.008,-0.707,0.469
0.008,-0.734,0.465
0.02,-0.754,0.457
0.023,-0.766,0.461
0.039,-0.762,0.461
0.035,-0.781,0.473
0.035,-0.793,0.492
0.016,-0.809,0.508
0.016,-0.824,0.523
0.012,-0.836,0.523
0.004,-0.855,0.527
0.008,-0.891,0.535
0.008,-0.93,0.543
0.004,-0.957,0.563
-0.012,-0.961,0.59
-0.027,-0.949,0.621
-0.035,-0.906,0.633
-0.027,-0.879,0.641
-0.023,-0.902,0.637
-0.035,-1.012,0.613
-0.094,-1.23,0.574
-0.223,-1.508,0.512
-0.363,-1.563,0.547
-0.43,-1.336,0.656
-0.414,-1.004,0.82
-0.359,-0.688,0.961
-0.285,-0.516,1.023
-0.219,-0.539,1.023
-0.195,-0.715,1.02
-0.188,-0.957,0.992
-0.172,-1.145,0.934
-0.156,-1.117,0.887
-0.145,-0.957,0.875
-0.137,-0.828,0.855
-0.105,-0.781,0.805
-0.055,-0.781,0.73
-0.012,-0.777,0.676
0.02,-0.734,0.641
0.043,-0.672,0.621
0.047,-0.621,0.594
0.043,-0.582,0.57
0.031,-0.559,0.555
0.02,-0.539,0.543
0,-0.531,0.535
-0.008,-0.535,0.527
-0.02,-0.559,0.516
-0.031,-0.566,0.508
-0.043,-0.586,0.504
-0.059,-0.602,0.496
-0.078,-0.621,0.48
-0.094,-0.637,0.473
-0.109,-0.664,0.465
-0.117,-0.684,0.445
-0.113,-0.695,0.434
-0.113,-0.711,0.43
-0.113,-0.727,0.434
-0.109,-0.73,0.434
-0.121,-0.742,0.438
-0.113,-0.766,0.449
-0.105,-0.789,0.457
-0.109,-0.809,0.461
-0.113,-0.828,0.453
-0.113,-0.852,0.445
-0.121,-0.891,0.453
-0.129,-0.941,0.48
-0.137,-0.988,0.516
-0.148,-1.016,0.551
-0.172,-1.02,0.59
-0.191,-1.004,0.629
-0.207,-0.984,0.648
-0.23,-1,0.652
-0.254,-1.102,0.656
-0.207,-1.289,0.645
-0.023,-1.512,0.605
0.16,-1.52,0.625
0.227,-1.254,0.73
0.199,-0.926,0.855
0.133,-0.699,0.949
0.07,-0.602,1
0.035,-0.633,1.012
0.027,-0.754,0.988
0.016,-0.855,0.934
0.004,-0.883,0.891
0.023,-0.824,0.844
0.047,-0.77,0.793
0.047,-0.766,0.75
0.02,-0.781,0.703
-0.027,-0.777,0.66
-0.066,-0.742,0.629
-0.086,-0.68,0.617
-0.078,-0.625,0.613
-0.07,-0.59,0.609
-0.063,-0.57,0.598
-0.051,-0.559,0.582
-0.043,-0.555,0.578
-0.051,-0.555,0.57
-0.043,-0.559,0.563
-0.043,-0.563,0.559
-0.043,-0.57,0.547
-0.043,-0.586,0.543
-0.039,-0.598,0.523
-0.031,-0.609,0.512
-0.02,-0.629,0.5
-0.008,-0.668,0.484
0.012,-0.707,0.484
0.023,-0.742,0.48
0.039,-0.766,0.477
0.043,-0.766,0.488
0.059,-0.762,0.504
0.07,-0.77,0.52
0.07,-0.789,0.539
0.07,-0.816,0.566
0.074,-0.836,0.578
0.082,-0.84,0.578
0.086,-0.84,0.586
0.078,-0.859,0.609
0.055,-0.898,0.629
0.016,-0.922,0.652
-0.02,-0.926,0.668
-0.043,-0.906,0.684
-0.039,-0.898,0.684
-0.02,-0.898,0.676
-0.004,-0.953,0.645
0,-1.09,0.625
-0.039,-1.355,0.563
-0.156,-1.559,0.52
-0.281,-1.453,0.598
-0.34,-1.145,0.746
-0.348,-0.813,0.906
-0.324,-0.578,1
-0.273,-0.48,1.016
-0.227,-0.57,1.016
-0.195,-0.797,1.016
-0.172,-1.043,0.965
-0.16,-1.105,0.895
-0.16,-0.965,0.875
-0.176,-0.797,0.871
-0.176,-0.73,0.84
-0.137,-0.754,0.777
-0.07,-0.785,0.719
-0.012,-0.758,0.691
0.02,-0.676,0.684
0.023,-0.594,0.68
0.027,-0.527,0.66
0.023,-0.492,0.645
0.02,-0.492,0.621
0.008,-0.492,0.605
-0.004,-0.5,0.59
-0.012,-0.516,0.582
-0.027,-0.535,0.574
-0.035,-0.547,0.563
-0.047,-0.566,0.551
-0.063,-0.582,0.543
-0.074,-0.594,0.539
-0.086,-0.633,0.52
-0.102,-0.68,0.504
-0.113,-0.711,0.488
-0.125,-0.73,0.48
-0.117,-0.738,0.477
-0.109,-0.738,0.473
-0.102,-0.742,0.473
-0.105,-0.75,0.473
-0.105,-0.762,0.469
-0.109,-0.777,0.465
-0.117,-0.809,0.477
-0.129,-0.832,0.484
-0.141,-0.863,0.5
-0.164,-0.895,0.523
-0.191,-0.914,0.547
-0.215,-0.918,0.578
-0.23,-0.91,0.633
-0.223,-0.895,0.672
-0.199,-0.887,0.695
-0.176,-0.867,0.703
-0.156,-0.855,0.688
-0.141,-0.891,0.68
-0.109,-1.031,0.684
0.016,-1.246,0.645
0.215,-1.387,0.684
0.32,-1.25,0.805
0.32,-0.953,0.988
0.25,-0.691,1.133
0.156,-0.547,1.188
0.082,-0.551,1.152
0.055,-0.645,1.098
0.055,-0.77,1.035
0.047,-0.891,0.953
0.059,-0.938,0.887
0.066,-0.938,0.828
0.047,-0.91,0.781
-0.008,-0.871,0.746
-0.059,-0.82,0.727
-0.082,-0.773,0.715
-0.082,-0.727,0.703
-0.074,-0.684,0.68
-0.066,-0.656,0.66
-0.07,-0.621,0.637
-0.07,-0.59,0.617
-0.066,-0.563,0.594
-0.063,-0.547,0.578
-0.059,-0.535,0.555
-0.055,-0.535,0.539
-0.059,-0.535,0.523
-0.059,-0.547,0.516
-0.051,-0.559,0.504
-0.039,-0.582,0.496
-0.023,-0.602,0.488
-0.012,-0.617,0.484
0.004,-0.633,0.496
0.016,-0.648,0.496
0.02,-0.66,0.5
0.027,-0.684,0.508
0.039,-0.707,0.512
0.051,-0.727,0.52
0.055,-0.754,0.523
0.063,-0.77,0.535
0.066,-0.785,0.543
0.063,-0.801,0.547
0.059,-0.824,0.547
0.059,-0.844,0.543
0.051,-0.871,0.539
0.039,-0.898,0.547
0.023,-0.918,0.563
0.004,-0.93,0.586
-0.023,-0.926,0.602
-0.039,-0.902,0.621
-0.039,-0.887,0.641
-0.043,-0.879,0.645
-0.027,-0.863,0.633
0,-0.84,0.594
0.031,-0.859,0.555
0.035,-0.992,0.52
-0.031,-1.293,0.414
-0.199,-1.551,0.359
-0.387,-1.441,0.496
-0.492,-1.121,0.766
-0.531,-0.816,1.063
-0.516,-0.535,1.254
-0.449,-0.363,1.301
-0.375,-0.418,1.301
-0.32,-0.617,1.305
-0.25,-0.867,1.273
-0.176,-1.051,1.137
-0.164,-1.094,1.02
-0.168,-0.996,0.977
-0.133,-0.816,0.953
-0.078,-0.664,0.93
-0.027,-0.605,0.898
0.02,-0.602,0.863
0.043,-0.598,0.828
0.066,-0.578,0.793
0.07,-0.539,0.773
0.066,-0.496,0.75
0.059,-0.469,0.734
0.047,-0.457,0.723
0.035,-0.461,0.711
0.02,-0.465,0.695
-0.004,-0.477,0.676
-0.008,-0.484,0.664
-0.016,-0.488,0.641
-0.031,-0.492,0.629
-0.051,-0.512,0.609
-0.07,-0.539,0.594
-0.09,-0.57,0.586
-0.102,-0.594,0.586
-0.105,-0.605,0.582
-0.113,-0.625,0.59
-0.117,-0.633,0.586
-0.121,-0.637,0.582
-0.133,-0.648,0.574
-0.137,-0.664,0.57
-0.148,-0.684,0.559
-0.164,-0.715,0.555
-0.176,-0.73,0.566
-0.18,-0.73,0.586
-0.18,-0.727,0.602
-0.176,-0.727,0.617
-0.176,-0.73,0.629
-0.172,-0.742,0.645
-0.18,-0.762,0.648
-0.176,-0.766,0.668
-0.176,-0.754,0.68
-0.16,-0.734,0.68
-0.148,-0.742,0.672
-0.133,-0.742,0.648
-0.133,-0.723,0.598
-0.145,-0.711,0.539
-0.164,-0.695,0.484
-0.188,-0.691,0.457
-0.215,-0.773,0.508
-0.188,-0.992,0.535
0.004,-1.207,0.477
0.234,-1.215,0.617
0.375,-1.109,0.891
0.445,-1.039,1.156
0.473,-1.027,1.398
0.398,-0.957,1.52
0.199,-0.809,1.48
0.02,-0.656,1.41
-0.047,-0.652,1.332
-0.043,-0.863,1.199
-0.031,-1.074,1.035
-0.051,-1.082,0.914
-0.094,-0.906,0.859
-0.137,-0.738,0.828
-0.145,-0.648,0.797
-0.152,-0.602,0.762
-0.168,-0.563,0.734
-0.176,-0.52,0.719
-0.18,-0.465,0.711
-0.172,-0.414,0.707
-0.145,-0.395,0.711
-0.121,-0.391,0.711
-0.109,-0.41,0.699
-0.105,-0.445,0.691
-0.086,-0.473,0.688
-0.063,-0.508,0.695
-0.051,-0.543,0.707
-0.039,-0.563,0.727
-0.027,-0.57,0.75
-0.016,-0.582,0.773
-0.008,-0.59,0.797
0.012,-0.59,0.828
0.031,-0.57,0.848
0.055,-0.547,0.871
0.074,-0.543,0.887
0.086,-0.551,0.895
0.09,-0.559,0.895
0.086,-0.551,0.891
0.078,-0.559,0.875
0.074,-0.555,0.848
0.066,-0.547,0.805
0.051,-0.551,0.758
0.035,-0.578,0.723
0.02,-0.648,0.719
-0.02,-0.785,0.719
-0.078,-0.957,0.703
-0.16,-1.051,0.676
-0.223,-1.004,0.688
-0.23,-0.879,0.727
-0.199,-0.77,0.754
-0.18,-0.738,0.754
-0.156,-0.773,0.727
-0.133,-0.809,0.695
-0.109,-0.813,0.672
-0.09,-0.785,0.66
-0.078,-0.754,0.645
-0.074,-0.738,0.629
-0.086,-0.738,0.609
-0.102,-0.734,0.59
-0.117,-0.719,0.586
-0.129,-0.707,0.594
-0.137,-0.695,0.609
-0.148,-0.691,0.629
-0.156,-0.691,0.656
-0.16,-0.695,0.676
-0.16,-0.695,0.684
-0.164,-0.699,0.699
-0.168,-0.707,0.711
-0.18,-0.723,0.711
-0.184,-0.73,0.711
-0.184,-0.738,0.715
-0.18,-0.742,0.719
-0.184,-0.75,0.715
-0.188,-0.758,0.715
-0.184,-0.758,0.715
-0.188,-0.754,0.711
-0.184,-0.754,0.707
-0.188,-0.754,0.699
-0.191,-0.754,0.691
-0.184,-0.758,0.691
-0.184,-0.758,0.688
-0.184,-0.754,0.684
-0.176,-0.746,0.684
-0.176,-0.738,0.691
-0.172,-0.734,0.688
-0.172,-0.727,0.691
-0.172,-0.723,0.688
-0.172,-0.719,0.68
-0.172,-0.73,0.68
-0.176,-0.75,0.68
-0.18,-0.75,0.676
-0.18,-0.754,0.68
-0.18,-0.762,0.684
-0.172,-0.762,0.68
-0.172,-0.766,0.684
-0.168,-0.773,0.68
-0.164,-0.773,0.68
-0.16,-0.773,0.684
-0.152,-0.773,0.68
-0.145,-0.777,0.68
-0.141,-0.773,0.676
-0.137,-0.762,0.676
-0.129,-0.758,0.68
-0.125,-0.758,0.68
-0.121,-0.754,0.68
-0.117,-0.754,0.68
-0.117,-0.754,0.672
-0.121,-0.758,0.664
-0.121,-0.758,0.66
-0.125,-0.766,0.66
-0.125,-0.766,0.656
-0.133,-0.77,0.66
-0.133,-0.758,0.668
-0.133,-0.758,0.676
-0.129,-0.754,0.68
-0.125,-0.758,0.676
-0.137,-0.766,0.676
-0.137,-0.773,0.684
-0.141,-0.773,0.684
-0.141,-0.77,0.68
-0.145,-0.762,0.68
-0.145,-0.762,0.68
-0.141,-0.754,0.676
-0.141,-0.766,0.668
-0.148,-0.773,0.66
-0.156,-0.773,0.652
-0.164,-0.766,0.652
-0.168,-0.773,0.645
-0.172,-0.777,0.645
-0.172,-0.785,0.648
-0.168,-0.789,0.648
-0.16,-0.785,0.648
-0.156,-0.789,0.648
-0.148,-0.793,0.652
-0.148,-0.797,0.652
-0.145,-0.801,0.648
-0.148,-0.805,0.648
-0.145,-0.805,0.641
-0.145,-0.801,0.645
-0.141,-0.805,0.648
-0.137,-0.801,0.648
-0.129,-0.797,0.645
-0.129,-0.797,0.645
-0.133,-0.793,0.648
-0.133,-0.789,0.641
-0.137,-0.793,0.645
-0.137,-0.785,0.645
-0.141,-0.785,0.641
-0.141,-0.785,0.633
-0.141,-0.781,0.641
-0.141,-0.781,0.645
-0.133,-0.781,0.652
-0.129,-0.781,0.656
-0.133,-0.781,0.66
-0.133,-0.781,0.656
-0.133,-0.785,0.652
-0.133,-0.785,0.652
-0.137,-0.789,0.648
-0.137,-0.789,0.648
-0.137,-0.781,0.648
-0.137,-0.781,0.648
-0.137,-0.785,0.648
-0.141,-0.789,0.648
-0.141,-0.793,0.645
-0.145,-0.793,0.645
-0.152,-0.793,0.645
-0.16,-0.789,0.641
-0.156,-0.793,0.645
-0.16,-0.793,0.637
-0.164,-0.797,0.633
-0.164,-0.797,0.629
-0.164,-0.797,0.625
-0.164,-0.801,0.625
-0.164,-0.801,0.625
-0.164,-0.797,0.621
-0.164,-0.793,0.621
-0.164,-0.797,0.633
-0.164,-0.797,0.637
-0.16,-0.789,0.637
-0.156,-0.789,0.637
-0.152,-0.789,0.637
-0.164,-0.789,0.633
-0.168,-0.789,0.633
-0.168,-0.785,0.633
-0.172,-0.789,0.629
-0.168,-0.797,0.637
-0.164,-0.793,0.637
-0.16,-0.797,0.641
-0.16,-0.789,0.641
-0.152,-0.789,0.648
-0.152,-0.785,0.652
-0.152,-0.785,0.656
-0.152,-0.789,0.652
-0.152,-0.781,0.652
-0.148,-0.781,0.652
-0.156,-0.785,0.645
-0.152,-0.781,0.645
-0.16,-0.777,0.645
-0.164,-0.785,0.645
-0.16,-0.785,0.648
-0.156,-0.785,0.641
-0.148,-0.781,0.645
-0.141,-0.777,0.648
-0.141,-0.785,0.648
-0.145,-0.785,0.652
-0.152,-0.781,0.652
-0.156,-0.781,0.652
-0.16,-0.785,0.648
-0.16,-0.781,0.652
-0.164,-0.781,0.648
-0.168,-0.777,0.637
-0.172,-0.781,0.637
-0.172,-0.789,0.633
-0.168,-0.793,0.633
-0.16,-0.793,0.637
-0.164,-0.801,0.629
-0.172,-0.801,0.633
-0.168,-0.805,0.637
-0.168,-0.805,0.629
-0.168,-0.805,0.629
-0.168,-0.809,0.629
-0.168,-0.813,0.625
-0.156,-0.809,0.621
-0.148,-0.813,0.617
-0.145,-0.813,0.617
-0.141,-0.816,0.613
-0.133,-0.82,0.609
-0.137,-0.82,0.605
-0.137,-0.82,0.602
-0.145,-0.82,0.602
-0.148,-0.828,0.598
-0.152,-0.828,0.602
-0.145,-0.828,0.605
-0.141,-0.824,0.605
-0.133,-0.82,0.602
-0.129,-0.82,0.594
-0.125,-0.824,0.59
-0.129,-0.828,0.59
-0.133,-0.84,0.586
-0.125,-0.848,0.59
-0.125,-0.848,0.586
-0.133,-0.844,0.578
-0.133,-0.844,0.574
-0.129,-0.844,0.57
-0.129,-0.852,0.566
-0.117,-0.852,0.563
-0.121,-0.859,0.563
-0.121,-0.859,0.555
-0.117,-0.859,0.551
-0.113,-0.859,0.551
-0.113,-0.863,0.551
-0.109,-0.867,0.555
-0.113,-0.871,0.551
-0.109,-0.867,0.547
-0.117,-0.871,0.543
-0.121,-0.867,0.547
-0.121,-0.867,0.539
-0.121,-0.863,0.539
-0.125,-0.867,0.531
-0.129,-0.867,0.535
-0.125,-0.863,0.535
-0.121,-0.855,0.543
-0.121,-0.859,0.543
-0.125,-0.859,0.539
-0.125,-0.863,0.543
-0.129,-0.867,0.543
-0.133,-0.867,0.543
-0.121,-0.871,0.555
-0.117,-0.859,0.559
-0.113,-0.855,0.563
-0.109,-0.859,0.566
-0.109,-0.863,0.555
-0.113,-0.867,0.555
-0.113,-0.859,0.555
-0.113,-0.855,0.559
-0.117,-0.852,0.547
-0.117,-0.848,0.555
-0.113,-0.852,0.559
-0.113,-0.855,0.563
-0.105,-0.859,0.566
-0.105,-0.855,0.566
-0.109,-0.859,0.57
-0.109,-0.859,0.566
-0.102,-0.863,0.566
-0.105,-0.863,0.563
-0.098,-0.855,0.563
-0.094,-0.855,0.559
-0.102,-0.863,0.559
-0.105,-0.867,0.555
-0.105,-0.867,0.551
-0.105,-0.867,0.551
-0.105,-0.867,0.555
-0.098,-0.871,0.555
-0.094,-0.867,0.559
-0.098,-0.867,0.563
-0.098,-0.855,0.566
-0.098,-0.852,0.566
-0.094,-0.852,0.57
-0.09,-0.855,0.566
-0.098,-0.852,0.563
-0.098,-0.855,0.563
-0.094,-0.859,0.57
-0.086,-0.852,0.57
-0.094,-0.848,0.563
-0.094,-0.848,0.566
-0.094,-0.848,0.566
-0.102,-0.848,0.57
-0.098,-0.848,0.57
-0.09,-0.844,0.574
-0.09,-0.848,0.578
-0.094,-0.848,0.578
-0.09,-0.848,0.578
-0.094,-0.844,0.578
-0.09,-0.844,0.582
-0.094,-0.844,0.59
-0.098,-0.844,0.59
-0.102,-0.836,0.586
-0.098,-0.836,0.594
-0.098,-0.836,0.594
-0.094,-0.832,0.59
-0.094,-0.836,0.59
-0.098,-0.836,0.59
-0.102,-0.836,0.59
-0.105,-0.832,0.586
-0.098,-0.832,0.59
-0.086,-0.84,0.594
-0.082,-0.84,0.594
-0.086,-0.836,0.598
-0.086,-0.84,0.594
-0.094,-0.84,0.602
-0.102,-0.836,0.602
-0.098,-0.828,0.602
-0.102,-0.828,0.598
-0.098,-0.824,0.594
-0.098,-0.832,0.594
-0.094,-0.832,0.59
-0.09,-0.832,0.59
-0.086,-0.828,0.586
-0.082,-0.836,0.594
-0.078,-0.84,0.598
-0.082,-0.84,0.59
-0.082,-0.844,0.586
-0.082,-0.844,0.59
-0.078,-0.84,0.59
-0.07,-0.84,0.59
-0.07,-0.844,0.586
-0.07,-0.84,0.582
-0.078,-0.84,0.578
-0.078,-0.844,0.578
-0.078,-0.84,0.578
-0.078,-0.84,0.578
-0.074,-0.844,0.578
-0.074,-0.844,0.578
-0.074,-0.844,0.574
-0.07,-0.848,0.574
-0.07,-0.844,0.582
-0.07,-0.848,0.578
-0.07,-0.852,0.574
-0.074,-0.852,0.574
-0.078,-0.848,0.574
-0.074,-0.848,0.574
-0.078,-0.848,0.57
-0.078,-0.852,0.563
-0.078,-0.852,0.563
-0.074,-0.848,0.566
-0.074,-0.848,0.57
-0.082,-0.848,0.566
-0.078,-0.848,0.57
-0.074,-0.848,0.566
-0.078,-0.848,0.57
-0.078,-0.855,0.574
-0.078,-0.855,0.574
-0.078,-0.855,0.574
-0.082,-0.855,0.574
-0.082,-0.852,0.574
-0.082,-0.848,0.574
-0.078,-0.848,0.574
-0.074,-0.848,0.574
-0.074,-0.852,0.57
-0.074,-0.848,0.574
-0.074,-0.848,0.574
-0.07,-0.848,0.574
-0.066,-0.852,0.57
-0.066,-0.855,0.57
-0.066,-0.848,0.57
-0.066,-0.848,0.57
-0.07,-0.848,0.574
-0.066,-0.844,0.574
-0.07,-0.848,0.574
-0.07,-0.844,0.578
-0.07,-0.844,0.574
-0.07,-0.84,0.574
-0.07,-0.844,0.578
-0.07,-0.844,0.582
-0.074,-0.844,0.582
-0.066,-0.84,0.586
-0.07,-0.84,0.594
-0.07,-0.84,0.59
-0.07,-0.84,0.586
-0.066,-0.844,0.582
-0.07,-0.844,0.578
-0.066,-0.844,0.578
-0.066,-0.848,0.578
-0.07,-0.848,0.578
-0.07,-0.852,0.582
-0.07,-0.848,0.59
-0.066,-0.844,0.59
-0.063,-0.844,0.586
-0.066,-0.844,0.582
-0.063,-0.844,0.582
-0.066,-0.848,0.578
-0.066,-0.848,0.574
-0.07,-0.84,0.578
-0.066,-0.84,0.578
-0.063,-0.832,0.578
-0.07,-0.836,0.582
-0.078,-0.84,0.59
-0.074,-0.84,0.598
-0.074,-0.832,0.59
-0.074,-0.836,0.59
-0.074,-0.84,0.602
-0.074,-0.84,0.598
-0.074,-0.832,0.598
-0.078,-0.84,0.598
-0.078,-0.836,0.594
-0.082,-0.84,0.59
-0.078,-0.84,0.586
-0.078,-0.836,0.582
-0.078,-0.832,0.582
-0.078,-0.836,0.586
-0.078,-0.836,0.586
-0.082,-0.84,0.59
-0.078,-0.836,0.598
-0.078,-0.84,0.594
-0.074,-0.836,0.598
-0.074,-0.84,0.594
-0.074,-0.844,0.594
-0.074,-0.844,0.594
-0.074,-0.84,0.598
-0.074,-0.84,0.594
-0.078,-0.84,0.59
-0.078,-0.844,0.586
-0.078,-0.844,0.586
-0.074,-0.84,0.582
-0.074,-0.84,0.586
-0.07,-0.84,0.586
-0.07,-0.84,0.586
-0.07,-0.84,0.582
-0.066,-0.84,0.582
-0.066,-0.836,0.586
-0.066,-0.84,0.59
-0.066,-0.84,0.59
-0.066,-0.84,0.594
-0.07,-0.836,0.582
-0.074,-0.84,0.586
-0.074,-0.844,0.586
-0.078,-0.844,0.586
-0.078,-0.844,0.582
-0.078,-0.844,0.578
-0.074,-0.848,0.574
-0.074,-0.848,0.578
-0.074,-0.848,0.582
-0.074,-0.844,0.582
-0.074,-0.844,0.582
-0.074,-0.844,0.586
-0.074,-0.844,0.582
-0.086,-0.844,0.582
-0.078,-0.84,0.586
-0.078,-0.836,0.582
-0.074,-0.84,0.578
-0.074,-0.836,0.59
-0.074,-0.832,0.582
-0.074,-0.832,0.59
-0.082,-0.84,0.594
-0.09,-0.836,0.59
-0.086,-0.832,0.59
-0.086,-0.848,0.594
-0.082,-0.848,0.594
-0.078,-0.848,0.594
-0.074,-0.848,0.59
-0.074,-0.84,0.594
-0.078,-0.84,0.59
-0.078,-0.844,0.59
-0.074,-0.844,0.59
-0.074,-0.844,0.586
-0.074,-0.84,0.59
-0.074,-0.832,0.586
-0.07,-0.828,0.59
-0.074,-0.836,0.594
-0.074,-0.836,0.594
-0.074,-0.836,0.594
-0.074,-0.836,0.598
-0.07,-0.848,0.602
-0.07,-0.84,0.605
-0.066,-0.84,0.602
-0.063,-0.836,0.598
-0.066,-0.84,0.594
-0.07,-0.836,0.59
-0.074,-0.84,0.59
-0.074,-0.844,0.594
-0.074,-0.844,0.598
-0.074,-0.84,0.598
-0.074,-0.836,0.598
-0.074,-0.84,0.594
-0.07,-0.836,0.594
-0.074,-0.832,0.598
-0.07,-0.828,0.602
-0.07,-0.836,0.598
-0.07,-0.836,0.594
-0.074,-0.84,0.594
-0.074,-0.844,0.594
-0.078,-0.84,0.594
-0.074,-0.836,0.598
-0.07,-0.832,0.602
-0.074,-0.828,0.605
-0.074,-0.828,0.602
-0.082,-0.828,0.598
-0.074,-0.828,0.605
-0.074,-0.828,0.602
-0.074,-0.828,0.594
-0.066,-0.832,0.602
-0.07,-0.832,0.598
-0.074,-0.832,0.598
-0.07,-0.828,0.602
-0.074,-0.828,0.602
-0.074,-0.824,0.609
-0.074,-0.824,0.609
-0.074,-0.828,0.605
-0.074,-0.832,0.598
-0.074,-0.832,0.594
-0.07,-0.84,0.594
-0.07,-0.84,0.594
-0.063,-0.844,0.594
-0.066,-0.844,0.594
-0.066,-0.844,0.59
-0.063,-0.836,0.59
-0.063,-0.84,0.582
-0.07,-0.84,0.582
-0.078,-0.844,0.586
-0.074,-0.844,0.586
-0.078,-0.84,0.586
-0.082,-0.84,0.586
-0.086,-0.844,0.59
-0.082,-0.844,0.586
-0.078,-0.844,0.582
-0.074,-0.844,0.586
-0.074,-0.844,0.59
-0.074,-0.844,0.59
-0.074,-0.844,0.586
-0.074,-0.844,0.578
-0.074,-0.84,0.574
-0.074,-0.844,0.582
-0.078,-0.844,0.582
-0.078,-0.844,0.582
-0.082,-0.848,0.582
-0.082,-0.844,0.578
-0.082,-0.844,0.578
-0.082,-0.848,0.578
-0.082,-0.844,0.578
-0.082,-0.844,0.582
-0.082,-0.84,0.578
-0.082,-0.844,0.582
-0.086,-0.844,0.574
-0.086,-0.848,0.574
-0.082,-0.844,0.574
-0.086,-0.844,0.574
-0.094,-0.84,0.574
-0.086,-0.844,0.586
-0.09,-0.844,0.582
-0.086,-0.84,0.582
-0.086,-0.844,0.578
-0.082,-0.844,0.578
-0.082,-0.848,0.574
-0.078,-0.852,0.574
-0.078,-0.855,0.582
-0.074,-0.844,0.586
-0.074,-0.844,0.59
-0.082,-0.844,0.59
-0.078,-0.844,0.586
-0.078,-0.844,0.578
-0.082,-0.844,0.578
-0.086,-0.84,0.574
-0.09,-0.836,0.578
-0.086,-0.84,0.578
-0.082,-0.84,0.586
-0.086,-0.84,0.586
-0.086,-0.84,0.582
-0.086,-0.836,0.59
-0.082,-0.84,0.59
-0.082,-0.84,0.59
-0.078,-0.84,0.59
-0.078,-0.84,0.59
-0.082,-0.84,0.59
-0.082,-0.836,0.59
-0.082,-0.84,0.59
-0.082,-0.844,0.594
-0.086,-0.844,0.59
-0.082,-0.836,0.594
-0.082,-0.832,0.598
-0.082,-0.836,0.594
-0.082,-0.832,0.594
-0.082,-0.836,0.598
-0.078,-0.832,0.598
-0.078,-0.832,0.598
-0.078,-0.828,0.59
-0.078,-0.832,0.586
-0.078,-0.832,0.59
-0.078,-0.84,0.598
-0.082,-0.836,0.602
-0.086,-0.832,0.605
-0.086,-0.832,0.605
-0.086,-0.832,0.598
-0.09,-0.836,0.602
-0.086,-0.84,0.594
-0.086,-0.836,0.594
-0.086,-0.836,0.594
-0.094,-0.832,0.598
-0.082,-0.828,0.605
-0.086,-0.832,0.602
-0.082,-0.828,0.602
-0.082,-0.832,0.605
-0.082,-0.832,0.605
-0.082,-0.832,0.609
-0.078,-0.832,0.605
-0.082,-0.832,0.605
-0.082,-0.828,0.602
-0.078,-0.832,0.605
-0.078,-0.832,0.605
-0.078,-0.836,0.605
-0.078,-0.836,0.602
-0.074,-0.832,0.605
-0.074,-0.832,0.605
-0.074,-0.828,0.598
-0.074,-0.828,0.602
-0.074,-0.828,0.605
-0.074,-0.828,0.605
-0.078,-0.828,0.602
-0.082,-0.824,0.594
-0.082,-0.832,0.602
-0.082,-0.828,0.605
-0.078,-0.824,0.605
-0.078,-0.824,0.609
-0.078,-0.816,0.609
-0.078,-0.82,0.609
-0.074,-0.82,0.605
-0.07,-0.824,0.609
-0.074,-0.824,0.609
-0.074,-0.824,0.609
-0.078,-0.824,0.609
-0.078,-0.824,0.609
-0.078,-0.824,0.609
-0.074,-0.82,0.609
-0.078,-0.824,0.609
-0.078,-0.828,0.609
-0.078,-0.824,0.609
-0.078,-0.824,0.613
-0.078,-0.824,0.609
-0.074,-0.828,0.609
-0.078,-0.828,0.609
-0.078,-0.836,0.605
-0.078,-0.836,0.602
-0.074,-0.832,0.605
-0.074,-0.832,0.605
-0.074,-0.832,0.602
-0.07,-0.836,0.609
-0.074,-0.828,0.609
-0.09,-0.828,0.605
-0.082,-0.836,0.609
-0.082,-0.828,0.605
-0.078,-0.828,0.602
-0.074,-0.832,0.602
-0.074,-0.84,0.602
-0.074,-0.836,0.605
-0.074,-0.836,0.605
-0.07,-0.832,0.605
-0.074,-0.828,0.609
-0.07,-0.828,0.602
-0.074,-0.828,0.594
-0.074,-0.828,0.59
-0.074,-0.836,0.598
-0.074,-0.84,0.598
-0.078,-0.836,0.602
-0.078,-0.836,0.605
-0.074,-0.832,0.602
-0.074,-0.832,0.598
-0.074,-0.84,0.598
-0.07,-0.84,0.594
-0.074,-0.836,0.59
-0.074,-0.836,0.59
-0.078,-0.84,0.59
-0.078,-0.84,0.59
-0.082,-0.832,0.59
-0.078,-0.836,0.59
-0.074,-0.828,0.59
-0.074,-0.828,0.594
-0.074,-0.828,0.602
-0.07,-0.832,0.602
-0.074,-0.832,0.598
-0.074,-0.832,0.602
-0.074,-0.836,0.594
-0.074,-0.832,0.594
-0.074,-0.832,0.59
-0.07,-0.836,0.59
-0.07,-0.84,0.59
-0.07,-0.84,0.59
-0.07,-0.844,0.59
-0.07,-0.844,0.59
-0.074,-0.844,0.59
-0.074,-0.84,0.59
-0.078,-0.836,0.59
-0.082,-0.836,0.59
-0.078,-0.832,0.594
-0.074,-0.832,0.594
-0.074,-0.832,0.598
-0.074,-0.836,0.602
-0.07,-0.832,0.602
-0.082,-0.832,0.598
-0.074,-0.836,0.605
-0.074,-0.84,0.598
-0.074,-0.836,0.602
-0.07,-0.832,0.598
-0.078,-0.836,0.594
-0.078,-0.836,0.594
-0.078,-0.832,0.59
-0.078,-0.836,0.59
-0.074,-0.836,0.59
-0.074,-0.84,0.594
-0.074,-0.836,0.59
-0.074,-0.836,0.586
-0.074,-0.836,0.59
-0.074,-0.832,0.594
-0.074,-0.832,0.594
-0.074,-0.836,0.598
-0.086,-0.84,0.594
-0.086,-0.844,0.594
-0.082,-0.836,0.59
-0.086,-0.836,0.594
-0.082,-0.832,0.594
-0.078,-0.836,0.59
-0.078,-0.84,0.59
-0.078,-0.84,0.594
-0.074,-0.84,0.594
-0.074,-0.84,0.594
-0.074,-0.84,0.594
-0.078,-0.832,0.594
-0.074,-0.844,0.594
-0.078,-0.844,0.586
-0.082,-0.84,0.586
-0.078,-0.84,0.594
-0.074,-0.836,0.59
-0.078,-0.84,0.59
-0.074,-0.836,0.59
-0.074,-0.836,0.59
-0.07,-0.84,0.594
-0.074,-0.84,0.594
-0.078,-0.844,0.594
-0.074,-0.84,0.59
-0.074,-0.844,0.598
-0.074,-0.844,0.594
-0.078,-0.84,0.59
-0.074,-0.836,0.59
-0.074,-0.832,0.594
-0.074,-0.832,0.59
-0.074,-0.832,0.594
-0.078,-0.832,0.594
-0.078,-0.832,0.594
-0.09,-0.832,0.59
-0.078,-0.836,0.598
-0.082,-0.836,0.594
-0.074,-0.836,0.598
-0.07,-0.836,0.598
-0.07,-0.836,0.598
-0.074,-0.832,0.598
-0.07,-0.832,0.602
-0.07,-0.832,0.602
-0.074,-0.836,0.602
-0.078,-0.832,0.598
-0.082,-0.836,0.598
-0.078,-0.832,0.598
-0.078,-0.836,0.602
-0.074,-0.84,0.602
-0.074,-0.836,0.602
-0.074,-0.832,0.605
-0.074,-0.828,0.609
-0.07,-0.828,0.602
-0.07,-0.824,0.598
-0.074,-0.824,0.602
-0.074,-0.824,0.605
-0.074,-0.828,0.605
-0.074,-0.832,0.602
-0.074,-0.832,0.605
-0.074,-0.828,0.605
-0.074,-0.832,0.605
-0.074,-0.832,0.609
-0.074,-0.824,0.605
-0.074,-0.832,0.609
-0.074,-0.828,0.609
-0.074,-0.824,0.609
-0.074,-0.828,0.609
-0.07,-0.82,0.609
-0.07,-0.82,0.602
-0.074,-0.82,0.609
-0.082,-0.832,0.605
