0.0,-0.73,0.73
0.0,-0.73,0.738
0.0,-0.723,0.742
0.0,-0.719,0.746
0.004,-0.723,0.746
0.0,-0.723,0.742
-0.004,-0.73,0.727
-0.008,-0.734,0.699
-0.008,-0.742,0.664
-0.016,-0.766,0.633
-0.012,-0.805,0.609
-0.012,-0.813,0.594
-0.004,-0.805,0.594
-0.008,-0.809,0.602
-0.012,-0.824,0.629
-0.02,-0.824,0.664
-0.031,-0.793,0.707
-0.035,-0.746,0.738
-0.039,-0.703,0.762
-0.035,-0.672,0.777
-0.039,-0.652,0.785
-0.039,-0.641,0.785
-0.035,-0.637,0.777
-0.039,-0.641,0.762
-0.043,-0.641,0.746
-0.039,-0.645,0.734
-0.039,-0.645,0.73
-0.039,-0.641,0.734
-0.035,-0.637,0.742
-0.035,-0.637,0.754
-0.035,-0.629,0.758
-0.035,-0.629,0.762
-0.031,-0.633,0.77
-0.031,-0.629,0.777
-0.027,-0.633,0.789
-0.027,-0.629,0.789
-0.023,-0.621,0.785
-0.023,-0.621,0.777
-0.02,-0.629,0.773
-0.016,-0.633,0.766
-0.008,-0.645,0.758
-0.008,-0.656,0.742
0.0,-0.672,0.727
0.004,-0.684,0.711
0.004,-0.695,0.703
0.012,-0.699,0.695
0.02,-0.699,0.695
0.035,-0.688,0.688
0.051,-0.68,0.684
0.066,-0.676,0.691
0.066,-0.688,0.707
0.066,-0.711,0.727
0.07,-0.746,0.742
0.074,-0.758,0.75
0.078,-0.758,0.754
0.074,-0.75,0.754
0.074,-0.746,0.758
0.074,-0.746,0.762
0.07,-0.75,0.762
0.07,-0.758,0.766
0.074,-0.762,0.762
0.066,-0.758,0.75
0.07,-0.746,0.738
0.07,-0.742,0.719
0.07,-0.738,0.707
0.066,-0.73,0.699
0.063,-0.727,0.688
0.07,-0.719,0.68
0.07,-0.707,0.672
0.074,-0.699,0.668
0.078,-0.695,0.668
0.082,-0.688,0.668
0.074,-0.68,0.676
0.078,-0.672,0.676
0.074,-0.664,0.684
0.074,-0.66,0.68
0.078,-0.656,0.688
0.086,-0.656,0.691
0.094,-0.664,0.695
0.098,-0.668,0.699
0.102,-0.668,0.695
0.102,-0.672,0.691
0.098,-0.68,0.691
0.102,-0.684,0.688
0.105,-0.684,0.684
0.105,-0.68,0.68
0.113,-0.68,0.676
0.117,-0.68,0.672
0.125,-0.68,0.672
0.125,-0.688,0.672
0.133,-0.688,0.676
0.137,-0.684,0.676
0.145,-0.68,0.688
0.141,-0.676,0.691
0.148,-0.68,0.695
0.145,-0.684,0.691
0.148,-0.688,0.699
0.164,-0.691,0.707
0.172,-0.703,0.719
0.195,-0.711,0.723
0.203,-0.723,0.723
0.199,-0.73,0.727
0.199,-0.738,0.734
0.207,-0.746,0.75
0.211,-0.742,0.758
0.219,-0.738,0.762
0.219,-0.734,0.766
0.227,-0.719,0.789
0.238,-0.742,0.832
0.234,-0.805,0.855
0.184,-0.855,0.871
0.113,-0.84,0.902
0.094,-0.793,0.949
0.09,-0.758,0.984
0.074,-0.746,1.012
0.035,-0.73,1.02
-0.004,-0.688,1.023
-0.02,-0.629,1.023
-0.023,-0.563,1.004
-0.023,-0.512,0.977
-0.02,-0.484,0.941
-0.031,-0.48,0.914
-0.043,-0.492,0.902
-0.055,-0.516,0.891
-0.066,-0.527,0.879
-0.078,-0.531,0.867
-0.09,-0.535,0.871
-0.094,-0.539,0.871
-0.094,-0.539,0.871
-0.102,-0.535,0.863
-0.098,-0.523,0.863
-0.098,-0.52,0.855
-0.09,-0.523,0.84
-0.074,-0.527,0.824
-0.051,-0.531,0.805
-0.039,-0.52,0.777
-0.035,-0.516,0.75
-0.035,-0.508,0.727
-0.039,-0.508,0.711
-0.051,-0.516,0.699
-0.059,-0.527,0.684
-0.066,-0.539,0.672
-0.07,-0.555,0.664
-0.07,-0.57,0.656
-0.066,-0.586,0.656
-0.063,-0.602,0.656
-0.066,-0.609,0.656
-0.066,-0.621,0.656
-0.063,-0.633,0.652
-0.063,-0.641,0.656
-0.063,-0.652,0.656
-0.066,-0.66,0.664
-0.074,-0.668,0.664
-0.086,-0.668,0.664
-0.098,-0.668,0.664
-0.102,-0.664,0.656
-0.109,-0.672,0.648
-0.113,-0.688,0.641
-0.121,-0.707,0.637
-0.129,-0.715,0.637
-0.137,-0.719,0.645
-0.156,-0.727,0.652
-0.152,-0.73,0.668
-0.148,-0.727,0.68
-0.152,-0.73,0.695
-0.152,-0.73,0.715
-0.156,-0.727,0.73
-0.156,-0.727,0.754
-0.172,-0.723,0.762
-0.191,-0.719,0.773
-0.207,-0.715,0.781
-0.223,-0.727,0.793
-0.238,-0.75,0.816
-0.238,-0.805,0.867
-0.219,-0.906,0.922
-0.176,-1.035,0.957
-0.117,-1.105,1.016
-0.063,-1.105,1.063
0.004,-1.063,1.07
0.047,-0.992,1.031
0.066,-0.867,0.996
0.082,-0.742,0.945
0.102,-0.668,0.902
0.113,-0.656,0.867
0.121,-0.668,0.828
0.121,-0.684,0.789
0.109,-0.684,0.773
0.102,-0.672,0.75
0.098,-0.652,0.734
0.094,-0.629,0.719
0.094,-0.602,0.707
0.086,-0.566,0.695
0.09,-0.547,0.684
0.086,-0.539,0.676
0.078,-0.535,0.668
0.066,-0.535,0.66
0.059,-0.531,0.66
0.051,-0.523,0.652
0.039,-0.531,0.648
0.035,-0.531,0.641
0.039,-0.539,0.637
0.051,-0.551,0.645
0.066,-0.563,0.648
0.074,-0.574,0.652
0.082,-0.586,0.652
0.086,-0.594,0.652
0.086,-0.598,0.648
0.082,-0.598,0.648
0.086,-0.598,0.641
0.082,-0.605,0.633
0.09,-0.609,0.633
0.082,-0.621,0.629
0.09,-0.637,0.625
0.094,-0.637,0.609
0.094,-0.637,0.602
0.105,-0.629,0.605
0.125,-0.629,0.617
0.137,-0.648,0.625
0.145,-0.664,0.621
0.145,-0.668,0.637
0.137,-0.676,0.652
0.141,-0.695,0.676
0.145,-0.715,0.699
0.145,-0.734,0.707
0.152,-0.746,0.727
0.168,-0.758,0.742
0.176,-0.762,0.758
0.18,-0.754,0.762
0.184,-0.738,0.77
0.188,-0.715,0.777
0.195,-0.715,0.816
0.195,-0.758,0.848
0.168,-0.824,0.887
0.105,-0.883,0.938
0.039,-0.938,0.988
-0.004,-1.0,1.035
-0.051,-1.078,1.035
-0.125,-1.113,0.969
-0.188,-1.02,0.918
-0.176,-0.855,0.902
-0.129,-0.742,0.887
-0.086,-0.691,0.891
-0.066,-0.668,0.887
-0.066,-0.68,0.891
-0.074,-0.699,0.879
-0.094,-0.703,0.867
-0.109,-0.688,0.852
-0.121,-0.672,0.84
-0.113,-0.656,0.836
-0.094,-0.652,0.82
-0.086,-0.637,0.797
-0.078,-0.613,0.762
-0.066,-0.57,0.723
-0.051,-0.535,0.695
-0.035,-0.516,0.664
-0.023,-0.508,0.641
-0.016,-0.508,0.613
-0.012,-0.512,0.594
-0.012,-0.508,0.574
-0.016,-0.5,0.563
-0.016,-0.5,0.551
-0.02,-0.5,0.543
-0.004,-0.512,0.547
0.012,-0.523,0.539
0.016,-0.535,0.539
0.008,-0.547,0.555
-0.004,-0.547,0.566
-0.016,-0.555,0.582
-0.039,-0.551,0.598
-0.063,-0.559,0.621
-0.086,-0.555,0.66
-0.109,-0.563,0.695
-0.125,-0.578,0.723
-0.141,-0.594,0.734
-0.148,-0.602,0.75
-0.148,-0.621,0.758
-0.141,-0.641,0.766
-0.133,-0.668,0.773
-0.117,-0.707,0.77
-0.098,-0.742,0.766
-0.082,-0.754,0.766
-0.078,-0.758,0.789
-0.074,-0.773,0.832
-0.074,-0.828,0.914
-0.07,-0.934,0.965
-0.07,-1.063,1.016
-0.059,-1.133,1.066
-0.016,-1.117,1.102
0.035,-1.066,1.102
0.074,-1.004,1.07
0.105,-0.941,1.027
0.109,-0.898,0.973
0.098,-0.867,0.914
0.086,-0.832,0.859
0.082,-0.801,0.832
0.09,-0.773,0.816
0.094,-0.75,0.813
0.09,-0.723,0.801
0.078,-0.691,0.785
0.07,-0.641,0.77
0.066,-0.582,0.758
0.07,-0.539,0.746
0.082,-0.516,0.723
0.09,-0.5,0.703
0.09,-0.484,0.672
0.086,-0.469,0.645
0.082,-0.457,0.625
0.066,-0.465,0.609
0.063,-0.477,0.602
0.063,-0.488,0.598
0.07,-0.5,0.598
0.074,-0.508,0.602
0.094,-0.512,0.605
0.102,-0.516,0.605
0.117,-0.52,0.613
0.129,-0.535,0.621
0.137,-0.555,0.625
0.141,-0.574,0.629
0.137,-0.578,0.633
0.129,-0.586,0.633
0.125,-0.605,0.633
0.117,-0.625,0.629
0.105,-0.645,0.617
0.102,-0.66,0.609
0.102,-0.66,0.609
0.113,-0.66,0.617
0.121,-0.664,0.629
0.125,-0.672,0.652
0.121,-0.691,0.684
0.102,-0.695,0.723
0.078,-0.699,0.762
0.07,-0.719,0.785
0.055,-0.73,0.809
0.043,-0.742,0.82
0.047,-0.758,0.828
0.055,-0.773,0.828
0.07,-0.77,0.828
0.086,-0.758,0.832
0.105,-0.75,0.859
0.129,-0.77,0.902
0.113,-0.805,0.938
0.07,-0.816,0.969
0.031,-0.801,1.004
0.023,-0.82,1.035
0.02,-0.898,1.047
-0.035,-0.957,1.008
-0.102,-0.914,0.938
-0.105,-0.816,0.887
-0.063,-0.734,0.859
-0.031,-0.68,0.844
-0.012,-0.629,0.836
-0.012,-0.586,0.848
-0.02,-0.555,0.859
-0.039,-0.527,0.867
-0.055,-0.512,0.867
-0.074,-0.512,0.859
-0.09,-0.523,0.848
-0.098,-0.539,0.832
-0.105,-0.547,0.813
-0.113,-0.555,0.789
-0.113,-0.551,0.754
-0.121,-0.551,0.723
-0.098,-0.539,0.703
-0.078,-0.531,0.684
-0.07,-0.531,0.668
-0.063,-0.531,0.656
-0.055,-0.543,0.641
-0.055,-0.543,0.629
-0.055,-0.539,0.625
-0.043,-0.539,0.621
-0.035,-0.547,0.617
-0.035,-0.551,0.613
-0.039,-0.551,0.609
-0.035,-0.555,0.621
-0.027,-0.57,0.625
-0.027,-0.586,0.625
-0.031,-0.59,0.625
-0.039,-0.598,0.621
-0.051,-0.594,0.617
-0.063,-0.586,0.625
-0.078,-0.59,0.645
-0.086,-0.602,0.684
-0.098,-0.617,0.707
-0.105,-0.633,0.734
-0.105,-0.641,0.758
-0.102,-0.656,0.773
-0.098,-0.688,0.785
-0.098,-0.723,0.793
-0.09,-0.758,0.797
-0.082,-0.785,0.797
-0.078,-0.793,0.797
-0.09,-0.773,0.789
-0.094,-0.754,0.801
-0.098,-0.789,0.852
-0.09,-0.879,0.883
-0.066,-0.973,0.91
-0.035,-1.012,0.953
0.016,-0.988,1.008
0.082,-0.973,1.039
0.141,-0.957,1.02
0.184,-0.91,0.984
0.203,-0.844,0.953
0.191,-0.797,0.926
0.172,-0.785,0.898
0.145,-0.785,0.887
0.125,-0.793,0.887
0.109,-0.809,0.875
0.09,-0.793,0.852
0.07,-0.754,0.824
0.059,-0.699,0.793
0.051,-0.652,0.773
0.039,-0.617,0.746
0.047,-0.598,0.723
0.039,-0.578,0.691
0.039,-0.555,0.656
0.031,-0.523,0.633
0.039,-0.496,0.598
0.043,-0.484,0.578
0.051,-0.48,0.566
0.059,-0.477,0.563
0.066,-0.492,0.555
0.074,-0.5,0.559
0.09,-0.508,0.559
0.105,-0.531,0.563
0.117,-0.555,0.57
0.129,-0.566,0.582
0.125,-0.566,0.59
0.117,-0.566,0.594
0.113,-0.566,0.602
0.109,-0.578,0.613
0.105,-0.594,0.613
0.098,-0.613,0.613
0.094,-0.617,0.602
0.094,-0.625,0.605
0.102,-0.641,0.613
0.113,-0.645,0.625
0.117,-0.648,0.637
0.121,-0.645,0.672
0.121,-0.652,0.703
0.102,-0.672,0.73
0.082,-0.711,0.75
0.051,-0.742,0.75
0.035,-0.773,0.742
0.031,-0.797,0.754
0.043,-0.797,0.762
0.07,-0.773,0.781
0.102,-0.777,0.828
0.125,-0.836,0.898
0.105,-0.922,0.93
0.027,-0.977,0.992
-0.039,-1.0,1.063
-0.082,-1.043,1.074
-0.145,-1.055,1.016
-0.207,-0.941,0.957
-0.184,-0.766,0.922
-0.094,-0.656,0.898
0.008,-0.621,0.867
0.074,-0.637,0.855
0.086,-0.691,0.855
0.066,-0.754,0.844
0.004,-0.789,0.836
-0.07,-0.801,0.824
-0.113,-0.785,0.82
-0.125,-0.75,0.805
-0.113,-0.711,0.793
-0.098,-0.684,0.777
-0.094,-0.664,0.742
-0.078,-0.625,0.699
-0.059,-0.59,0.664
-0.039,-0.559,0.629
-0.027,-0.539,0.594
-0.02,-0.531,0.563
-0.016,-0.535,0.539
-0.02,-0.539,0.516
-0.02,-0.539,0.504
-0.02,-0.551,0.5
-0.023,-0.555,0.496
-0.027,-0.563,0.5
-0.031,-0.566,0.508
-0.031,-0.57,0.512
-0.031,-0.586,0.527
-0.031,-0.598,0.539
-0.035,-0.617,0.555
-0.043,-0.629,0.578
-0.051,-0.637,0.594
-0.059,-0.637,0.613
-0.07,-0.637,0.633
-0.078,-0.633,0.668
-0.09,-0.645,0.691
-0.094,-0.664,0.715
-0.098,-0.684,0.742
-0.105,-0.715,0.766
-0.098,-0.742,0.773
-0.086,-0.781,0.777
-0.094,-0.809,0.773
-0.102,-0.816,0.773
-0.113,-0.801,0.758
-0.121,-0.781,0.754
-0.125,-0.77,0.766
-0.121,-0.84,0.828
-0.082,-0.992,0.883
-0.02,-1.148,0.953
0.027,-1.227,1.027
0.059,-1.203,1.09
0.105,-1.102,1.102
0.156,-0.957,1.086
0.188,-0.824,1.059
0.199,-0.734,1.023
0.199,-0.695,0.992
0.172,-0.695,0.957
0.137,-0.727,0.934
0.102,-0.75,0.902
0.086,-0.762,0.871
0.078,-0.738,0.832
0.082,-0.699,0.793
0.094,-0.652,0.754
0.094,-0.617,0.723
0.094,-0.598,0.695
0.105,-0.582,0.664
0.117,-0.57,0.633
0.121,-0.559,0.605
0.133,-0.539,0.586
0.145,-0.52,0.566
0.152,-0.508,0.559
0.16,-0.504,0.551
0.156,-0.508,0.547
0.152,-0.516,0.543
0.148,-0.531,0.547
0.152,-0.531,0.559
0.148,-0.539,0.563
0.156,-0.543,0.566
0.152,-0.547,0.566
0.145,-0.555,0.57
0.137,-0.563,0.574
0.141,-0.578,0.586
0.141,-0.598,0.59
0.133,-0.621,0.59
0.133,-0.629,0.578
0.129,-0.637,0.582
0.125,-0.641,0.582
0.137,-0.648,0.582
0.148,-0.648,0.598
0.16,-0.648,0.613
0.168,-0.656,0.641
0.148,-0.66,0.676
0.133,-0.672,0.715
0.113,-0.695,0.742
0.086,-0.723,0.746
0.07,-0.746,0.738
0.074,-0.762,0.75
0.098,-0.777,0.754
0.117,-0.773,0.758
0.121,-0.758,0.766
0.133,-0.742,0.781
0.152,-0.758,0.816
0.16,-0.805,0.852
0.117,-0.859,0.898
0.059,-0.902,0.957
0.004,-0.949,1.008
-0.043,-1.008,1.008
-0.113,-1.035,0.965
-0.176,-0.98,0.926
-0.156,-0.895,0.914
-0.09,-0.828,0.895
-0.039,-0.793,0.879
-0.016,-0.777,0.867
-0.023,-0.773,0.859
-0.039,-0.773,0.848
-0.059,-0.77,0.832
-0.09,-0.766,0.801
-0.113,-0.746,0.781
-0.129,-0.719,0.754
-0.145,-0.707,0.727
-0.152,-0.695,0.699
-0.145,-0.68,0.668
-0.137,-0.652,0.633
-0.109,-0.629,0.609
-0.082,-0.605,0.582
-0.059,-0.586,0.555
-0.043,-0.586,0.535
-0.035,-0.578,0.516
-0.031,-0.574,0.504
-0.031,-0.582,0.504
-0.031,-0.586,0.508
-0.031,-0.59,0.523
-0.039,-0.594,0.527
-0.039,-0.586,0.531
-0.035,-0.59,0.539
-0.031,-0.602,0.555
-0.043,-0.621,0.578
-0.055,-0.645,0.59
-0.063,-0.66,0.598
-0.07,-0.664,0.602
-0.082,-0.676,0.609
-0.09,-0.676,0.621
-0.098,-0.68,0.637
-0.113,-0.672,0.664
-0.121,-0.68,0.688
-0.125,-0.703,0.719
-0.117,-0.723,0.75
-0.105,-0.746,0.773
-0.105,-0.77,0.793
-0.105,-0.773,0.797
-0.102,-0.77,0.797
-0.105,-0.75,0.781
-0.098,-0.734,0.777
-0.102,-0.727,0.777
-0.09,-0.75,0.797
-0.066,-0.816,0.848
-0.031,-0.922,0.887
-0.012,-0.992,0.922
0.004,-1.016,0.969
0.063,-1.039,1.008
0.121,-1.051,0.996
0.164,-1.012,0.977
0.18,-0.938,0.961
0.195,-0.867,0.914
0.195,-0.813,0.883
0.191,-0.785,0.867
0.188,-0.781,0.867
0.184,-0.793,0.863
0.172,-0.801,0.84
0.152,-0.777,0.82
0.141,-0.73,0.793
0.137,-0.676,0.758
0.137,-0.641,0.727
0.137,-0.617,0.695
0.133,-0.598,0.664
0.121,-0.578,0.625
0.117,-0.555,0.59
0.109,-0.527,0.555
0.113,-0.512,0.527
0.117,-0.508,0.5
0.113,-0.52,0.488
0.113,-0.531,0.477
0.105,-0.547,0.473
0.098,-0.574,0.469
0.094,-0.586,0.484
0.09,-0.598,0.492
0.09,-0.609,0.496
0.086,-0.617,0.504
0.078,-0.637,0.52
0.07,-0.66,0.539
0.066,-0.688,0.555
0.063,-0.719,0.566
0.063,-0.734,0.578
0.07,-0.738,0.586
0.086,-0.73,0.594
0.105,-0.715,0.602
0.121,-0.703,0.613
0.133,-0.684,0.633
0.145,-0.68,0.656
0.137,-0.68,0.68
0.125,-0.699,0.707
0.102,-0.723,0.719
0.082,-0.742,0.719
0.063,-0.762,0.723
0.063,-0.781,0.738
0.078,-0.797,0.746
0.094,-0.785,0.75
0.121,-0.754,0.766
0.152,-0.738,0.793
0.176,-0.773,0.824
0.176,-0.828,0.848
0.137,-0.887,0.883
0.086,-0.941,0.926
0.043,-1.008,0.961
0.0,-1.07,0.93
-0.07,-1.051,0.879
-0.094,-0.941,0.848
-0.059,-0.82,0.82
-0.008,-0.75,0.793
0.023,-0.727,0.793
0.02,-0.75,0.793
0.0,-0.789,0.793
-0.039,-0.816,0.797
-0.082,-0.82,0.801
-0.109,-0.805,0.797
-0.129,-0.77,0.785
-0.137,-0.734,0.789
-0.148,-0.719,0.781
-0.152,-0.711,0.754
-0.148,-0.691,0.727
-0.133,-0.668,0.695
-0.117,-0.641,0.66
-0.098,-0.613,0.629
-0.078,-0.598,0.598
-0.07,-0.586,0.57
-0.066,-0.582,0.547
-0.066,-0.594,0.535
-0.07,-0.598,0.527
-0.074,-0.609,0.52
-0.078,-0.617,0.52
-0.074,-0.617,0.523
-0.074,-0.609,0.527
-0.07,-0.602,0.535
-0.074,-0.602,0.547
-0.078,-0.602,0.559
-0.078,-0.617,0.563
-0.086,-0.629,0.574
-0.098,-0.637,0.578
-0.109,-0.641,0.578
-0.121,-0.645,0.582
-0.141,-0.652,0.59
-0.16,-0.676,0.605
-0.168,-0.688,0.617
-0.18,-0.703,0.633
-0.176,-0.719,0.648
-0.164,-0.73,0.66
-0.152,-0.746,0.68
-0.137,-0.762,0.699
-0.133,-0.777,0.715
-0.121,-0.777,0.738
-0.117,-0.77,0.742
-0.117,-0.754,0.754
-0.113,-0.754,0.781
-0.094,-0.813,0.848
-0.051,-0.926,0.914
-0.016,-1.031,0.98
0.035,-1.074,1.043
0.105,-1.078,1.102
0.176,-1.031,1.105
0.242,-0.926,1.066
0.266,-0.789,1.023
0.262,-0.703,0.977
0.25,-0.684,0.938
0.223,-0.727,0.898
0.184,-0.785,0.871
0.141,-0.832,0.855
0.105,-0.844,0.832
0.094,-0.824,0.809
0.09,-0.777,0.781
0.09,-0.73,0.75
0.09,-0.691,0.727
0.09,-0.664,0.703
0.086,-0.648,0.68
0.078,-0.633,0.652
0.07,-0.613,0.633
0.066,-0.59,0.605
0.066,-0.574,0.586
0.066,-0.555,0.566
0.063,-0.543,0.551
0.063,-0.543,0.535
0.063,-0.547,0.531
0.066,-0.555,0.531
0.07,-0.563,0.527
0.078,-0.574,0.523
0.086,-0.582,0.527
0.09,-0.598,0.531
0.102,-0.602,0.535
0.098,-0.617,0.543
0.105,-0.625,0.547
0.105,-0.633,0.559
0.105,-0.641,0.559
0.109,-0.645,0.563
0.121,-0.645,0.563
0.129,-0.648,0.574
0.145,-0.652,0.594
0.16,-0.664,0.621
0.172,-0.684,0.645
0.176,-0.691,0.684
0.152,-0.695,0.707
0.141,-0.715,0.738
0.129,-0.727,0.73
0.117,-0.738,0.723
0.113,-0.766,0.734
0.117,-0.789,0.742
0.129,-0.781,0.746
0.152,-0.762,0.77
0.176,-0.773,0.813
0.199,-0.832,0.848
0.172,-0.906,0.887
0.105,-0.957,0.93
0.055,-0.984,0.996
0.031,-1.031,1.02
-0.023,-1.074,0.984
-0.109,-1.016,0.938
-0.133,-0.871,0.902
-0.094,-0.758,0.883
-0.031,-0.711,0.859
0.008,-0.707,0.84
0.012,-0.723,0.832
-0.008,-0.734,0.82
-0.035,-0.742,0.805
-0.066,-0.746,0.793
-0.09,-0.734,0.777
-0.102,-0.703,0.762
-0.102,-0.684,0.742
-0.098,-0.676,0.73
-0.098,-0.676,0.715
-0.09,-0.664,0.695
-0.078,-0.645,0.672
-0.063,-0.617,0.645
-0.043,-0.602,0.617
-0.027,-0.582,0.598
-0.016,-0.574,0.57
-0.008,-0.566,0.555
-0.008,-0.555,0.543
-0.008,-0.547,0.535
-0.012,-0.551,0.535
-0.016,-0.566,0.543
-0.012,-0.582,0.555
-0.016,-0.602,0.563
-0.016,-0.613,0.574
-0.012,-0.621,0.586
-0.012,-0.633,0.598
-0.016,-0.652,0.613
-0.02,-0.664,0.625
-0.027,-0.672,0.633
-0.039,-0.66,0.633
-0.059,-0.645,0.648
-0.082,-0.645,0.664
-0.082,-0.664,0.684
-0.086,-0.684,0.695
-0.082,-0.699,0.715
-0.074,-0.703,0.742
-0.063,-0.719,0.77
-0.043,-0.738,0.781
-0.035,-0.758,0.789
-0.031,-0.762,0.781
-0.031,-0.75,0.766
-0.031,-0.723,0.746
-0.031,-0.707,0.734
-0.031,-0.703,0.75
-0.016,-0.77,0.801
0.0,-0.902,0.84
0.016,-1.008,0.887
0.039,-1.027,0.949
0.074,-1.004,0.996
0.121,-0.984,1.004
0.156,-0.93,0.988
0.18,-0.852,0.98
0.203,-0.805,0.953
0.199,-0.805,0.918
0.18,-0.816,0.895
0.16,-0.824,0.879
0.141,-0.816,0.867
0.133,-0.793,0.852
0.133,-0.758,0.832
0.133,-0.719,0.797
0.137,-0.684,0.762
0.145,-0.652,0.73
0.148,-0.625,0.703
0.145,-0.609,0.676
0.137,-0.594,0.641
0.129,-0.574,0.609
0.121,-0.559,0.59
0.113,-0.551,0.57
0.109,-0.543,0.559
0.109,-0.539,0.543
0.105,-0.539,0.539
0.105,-0.539,0.535
0.105,-0.543,0.531
0.109,-0.555,0.527
0.109,-0.563,0.539
0.109,-0.586,0.559
0.117,-0.598,0.566
0.125,-0.617,0.582
0.121,-0.629,0.594
0.125,-0.641,0.598
0.117,-0.648,0.605
0.105,-0.652,0.613
0.105,-0.656,0.621
0.102,-0.66,0.613
0.102,-0.656,0.605
0.105,-0.66,0.605
0.113,-0.66,0.613
0.125,-0.656,0.625
0.137,-0.664,0.637
0.137,-0.668,0.664
0.125,-0.68,0.695
0.121,-0.703,0.73
0.109,-0.738,0.742
0.094,-0.77,0.734
0.082,-0.785,0.738
0.082,-0.801,0.746
0.09,-0.793,0.746
0.105,-0.762,0.75
0.133,-0.734,0.77
0.176,-0.719,0.805
0.215,-0.758,0.82
0.203,-0.801,0.84
0.16,-0.816,0.871
0.121,-0.832,0.91
0.105,-0.883,0.934
0.059,-0.984,0.895
-0.047,-1.043,0.848
-0.121,-1.0,0.828
-0.109,-0.914,0.828
-0.051,-0.859,0.828
-0.02,-0.84,0.828
-0.02,-0.832,0.844
-0.035,-0.805,0.852
-0.055,-0.773,0.855
-0.078,-0.742,0.848
-0.09,-0.707,0.84
-0.094,-0.68,0.836
-0.098,-0.664,0.824
-0.098,-0.652,0.805
-0.098,-0.645,0.77
-0.094,-0.633,0.727
-0.086,-0.617,0.684
-0.074,-0.598,0.648
-0.066,-0.582,0.609
-0.063,-0.574,0.574
-0.055,-0.57,0.551
-0.051,-0.578,0.539
-0.055,-0.582,0.527
-0.059,-0.59,0.512
-0.059,-0.598,0.508
-0.055,-0.613,0.516
-0.059,-0.621,0.523
-0.043,-0.625,0.539
-0.035,-0.633,0.555
-0.023,-0.652,0.57
-0.023,-0.664,0.59
-0.027,-0.68,0.605
-0.039,-0.688,0.617
-0.055,-0.684,0.625
-0.07,-0.668,0.625
-0.078,-0.652,0.641
-0.086,-0.652,0.656
-0.09,-0.668,0.668
-0.09,-0.688,0.68
-0.09,-0.703,0.691
-0.086,-0.723,0.699
-0.074,-0.73,0.703
-0.074,-0.746,0.715
-0.07,-0.758,0.723
-0.07,-0.781,0.727
-0.07,-0.785,0.723
-0.063,-0.785,0.727
-0.059,-0.785,0.754
-0.055,-0.836,0.824
-0.035,-0.926,0.895
-0.012,-1.035,0.938
0.016,-1.102,0.992
0.051,-1.09,1.043
0.102,-1.031,1.059
0.148,-0.934,1.039
0.168,-0.813,1.008
0.172,-0.723,0.969
0.16,-0.664,0.91
0.141,-0.664,0.855
0.121,-0.691,0.816
0.109,-0.738,0.789
0.102,-0.797,0.758
0.098,-0.832,0.742
0.105,-0.809,0.734
0.113,-0.77,0.73
0.117,-0.727,0.723
0.125,-0.684,0.719
0.133,-0.641,0.707
0.141,-0.609,0.703
0.145,-0.582,0.684
0.145,-0.559,0.672
0.137,-0.551,0.648
0.129,-0.543,0.629
0.121,-0.535,0.609
0.109,-0.539,0.598
0.098,-0.543,0.582
0.09,-0.543,0.574
0.102,-0.551,0.574
0.105,-0.559,0.57
0.117,-0.563,0.574
0.125,-0.578,0.582
0.129,-0.594,0.586
0.133,-0.605,0.59
0.129,-0.605,0.598
0.121,-0.609,0.598
0.113,-0.625,0.598
0.105,-0.633,0.598
0.094,-0.645,0.602
0.086,-0.664,0.602
0.082,-0.676,0.594
0.086,-0.676,0.59
0.102,-0.672,0.594
0.113,-0.664,0.602
0.129,-0.664,0.629
0.141,-0.672,0.652
0.137,-0.68,0.688
0.129,-0.688,0.723
0.113,-0.707,0.75
0.098,-0.719,0.758
0.094,-0.727,0.762
0.098,-0.73,0.773
0.105,-0.734,0.773
0.121,-0.73,0.785
0.141,-0.727,0.813
0.16,-0.746,0.852
0.164,-0.801,0.879
0.141,-0.84,0.914
0.098,-0.871,0.969
0.074,-0.914,1.031
0.039,-0.98,1.02
-0.047,-1.008,0.957
-0.129,-0.93,0.906
-0.129,-0.797,0.887
-0.063,-0.715,0.871
-0.008,-0.699,0.863
0.02,-0.711,0.852
0.016,-0.719,0.852
0.0,-0.723,0.848
-0.031,-0.719,0.844
-0.059,-0.711,0.832
-0.082,-0.688,0.816
-0.098,-0.668,0.805
-0.098,-0.648,0.797
-0.098,-0.637,0.789
-0.098,-0.637,0.762
-0.09,-0.621,0.727
-0.09,-0.605,0.695
-0.07,-0.586,0.672
-0.059,-0.574,0.641
-0.047,-0.574,0.617
-0.039,-0.578,0.598
-0.039,-0.578,0.582
-0.047,-0.578,0.57
-0.055,-0.574,0.566
-0.059,-0.57,0.574
-0.059,-0.574,0.582
-0.059,-0.586,0.59
-0.047,-0.59,0.602
-0.051,-0.605,0.609
-0.055,-0.621,0.613
-0.059,-0.645,0.617
-0.063,-0.668,0.633
-0.066,-0.68,0.633
-0.074,-0.684,0.629
-0.09,-0.672,0.633
-0.102,-0.656,0.637
-0.113,-0.645,0.645
-0.121,-0.648,0.656
-0.125,-0.656,0.676
-0.121,-0.668,0.695
-0.113,-0.68,0.727
-0.105,-0.691,0.75
-0.09,-0.703,0.77
-0.078,-0.711,0.777
-0.074,-0.711,0.785
-0.074,-0.707,0.785
-0.078,-0.699,0.785
-0.074,-0.711,0.785
-0.07,-0.738,0.82
-0.066,-0.828,0.871
-0.043,-0.965,0.906
-0.023,-1.051,0.926
-0.004,-1.02,0.961
0.043,-0.953,0.996
0.09,-0.945,0.996
0.129,-0.922,0.957
0.152,-0.828,0.902
0.18,-0.738,0.848
0.199,-0.703,0.801
0.207,-0.711,0.762
0.207,-0.742,0.742
0.207,-0.781,0.734
0.211,-0.805,0.738
0.207,-0.809,0.754
0.203,-0.789,0.766
0.199,-0.754,0.777
0.18,-0.723,0.781
0.18,-0.676,0.785
0.18,-0.637,0.773
0.18,-0.613,0.766
0.176,-0.59,0.742
0.164,-0.586,0.723
0.156,-0.574,0.691
0.137,-0.555,0.656
0.117,-0.551,0.641
0.105,-0.551,0.625
0.102,-0.559,0.609
0.109,-0.563,0.605
0.117,-0.563,0.598
0.117,-0.563,0.594
0.117,-0.57,0.59
0.129,-0.574,0.594
0.137,-0.59,0.602
0.133,-0.602,0.609
0.129,-0.609,0.613
0.125,-0.609,0.613
0.121,-0.605,0.613
0.113,-0.605,0.605
0.105,-0.609,0.605
0.105,-0.617,0.617
0.109,-0.625,0.637
0.117,-0.617,0.648
0.129,-0.602,0.664
0.137,-0.586,0.68
0.137,-0.578,0.691
0.137,-0.574,0.715
0.121,-0.59,0.742
0.102,-0.605,0.754
0.082,-0.637,0.762
0.086,-0.656,0.758
0.098,-0.668,0.75
0.113,-0.684,0.734
0.121,-0.691,0.73
0.137,-0.688,0.734
0.156,-0.691,0.758
0.172,-0.73,0.813
0.172,-0.809,0.855
0.121,-0.891,0.906
0.051,-0.945,0.969
-0.008,-1.004,1.012
-0.066,-1.051,1.0
-0.121,-1.0,0.957
-0.121,-0.871,0.934
-0.074,-0.762,0.91
-0.023,-0.723,0.883
0.004,-0.719,0.859
0.012,-0.715,0.844
0.02,-0.711,0.836
0.023,-0.699,0.82
0.012,-0.68,0.809
-0.004,-0.664,0.797
-0.016,-0.645,0.785
-0.027,-0.637,0.777
-0.031,-0.633,0.77
-0.043,-0.633,0.762
-0.055,-0.629,0.746
-0.043,-0.621,0.723
-0.035,-0.613,0.703
-0.027,-0.605,0.688
-0.016,-0.602,0.684
-0.008,-0.602,0.676
-0.008,-0.609,0.668
-0.008,-0.617,0.664
-0.012,-0.629,0.664
-0.023,-0.633,0.664
-0.027,-0.637,0.664
-0.031,-0.645,0.668
-0.023,-0.648,0.668
-0.027,-0.66,0.672
-0.02,-0.664,0.676
-0.02,-0.672,0.684
-0.012,-0.664,0.684
-0.016,-0.648,0.684
-0.02,-0.641,0.68
-0.035,-0.637,0.676
-0.039,-0.629,0.684
-0.047,-0.621,0.68
-0.055,-0.625,0.68
-0.055,-0.645,0.684
-0.055,-0.656,0.684
-0.055,-0.66,0.688
-0.063,-0.656,0.695
-0.063,-0.656,0.699
-0.063,-0.664,0.711
-0.066,-0.688,0.711
-0.07,-0.703,0.707
-0.078,-0.711,0.711
-0.086,-0.711,0.715
-0.09,-0.711,0.707
-0.09,-0.719,0.703
-0.082,-0.727,0.688
-0.082,-0.727,0.676
-0.086,-0.715,0.668
-0.09,-0.707,0.668
-0.086,-0.719,0.68
-0.078,-0.77,0.711
-0.074,-0.84,0.738
-0.047,-0.895,0.762
-0.016,-0.914,0.809
0.023,-0.934,0.863
0.051,-0.969,0.898
0.074,-0.98,0.898
0.102,-0.93,0.895
0.133,-0.848,0.875
0.16,-0.785,0.84
0.164,-0.746,0.793
0.156,-0.723,0.75
0.141,-0.715,0.719
0.125,-0.719,0.707
0.102,-0.73,0.699
0.086,-0.734,0.699
0.07,-0.734,0.711
0.059,-0.723,0.719
0.055,-0.723,0.742
0.051,-0.711,0.762
0.055,-0.699,0.781
0.063,-0.68,0.793
0.07,-0.652,0.801
0.074,-0.625,0.805
0.082,-0.605,0.809
0.082,-0.609,0.797
0.082,-0.613,0.789
0.078,-0.629,0.77
0.074,-0.633,0.754
0.066,-0.637,0.734
0.066,-0.633,0.715
0.07,-0.625,0.699
0.074,-0.613,0.684
0.078,-0.609,0.672
0.082,-0.621,0.668
0.086,-0.629,0.656
0.082,-0.637,0.656
0.078,-0.641,0.656
0.078,-0.645,0.652
0.07,-0.641,0.66
0.074,-0.645,0.664
0.074,-0.641,0.668
0.074,-0.645,0.672
0.078,-0.645,0.672
0.078,-0.641,0.676
0.078,-0.641,0.672
0.082,-0.637,0.668
0.082,-0.629,0.668
0.078,-0.633,0.668
0.074,-0.633,0.668
0.074,-0.633,0.668
0.07,-0.637,0.668
0.078,-0.633,0.668
0.09,-0.637,0.664
0.094,-0.648,0.68
0.098,-0.66,0.691
0.098,-0.668,0.699
0.09,-0.676,0.707
0.09,-0.68,0.711
0.09,-0.691,0.707
0.102,-0.695,0.703
0.105,-0.699,0.699
0.105,-0.703,0.695
0.121,-0.699,0.691
0.129,-0.699,0.695
0.133,-0.703,0.695
0.145,-0.719,0.715
0.148,-0.742,0.75
0.145,-0.801,0.797
0.129,-0.867,0.832
0.094,-0.93,0.867
0.055,-0.953,0.902
0.016,-0.957,0.938
-0.012,-0.945,0.938
-0.039,-0.875,0.914
-0.063,-0.77,0.883
-0.063,-0.68,0.84
-0.051,-0.625,0.793
-0.031,-0.602,0.746
-0.02,-0.613,0.715
-0.012,-0.629,0.703
-0.016,-0.645,0.703
-0.031,-0.66,0.73
-0.055,-0.684,0.766
-0.09,-0.715,0.785
-0.121,-0.73,0.805
-0.148,-0.727,0.832
-0.164,-0.699,0.852
-0.16,-0.672,0.867
-0.148,-0.668,0.879
-0.141,-0.676,0.875
-0.129,-0.684,0.852
-0.113,-0.676,0.82
-0.094,-0.652,0.785
-0.074,-0.633,0.742
-0.066,-0.617,0.711
-0.066,-0.609,0.684
-0.07,-0.605,0.664
-0.066,-0.605,0.656
-0.066,-0.617,0.648
-0.07,-0.629,0.652
-0.086,-0.633,0.652
-0.082,-0.645,0.664
-0.078,-0.656,0.668
-0.082,-0.664,0.68
-0.082,-0.668,0.691
-0.086,-0.676,0.699
-0.082,-0.68,0.715
-0.086,-0.688,0.715
-0.098,-0.691,0.719
-0.102,-0.695,0.719
-0.109,-0.695,0.719
-0.109,-0.699,0.715
-0.113,-0.699,0.711
-0.121,-0.699,0.707
-0.125,-0.699,0.699
-0.133,-0.695,0.695
-0.129,-0.695,0.695
-0.125,-0.699,0.699
-0.125,-0.699,0.703
-0.121,-0.699,0.707
-0.117,-0.699,0.703
-0.109,-0.699,0.703
-0.109,-0.699,0.699
-0.109,-0.695,0.688
-0.121,-0.691,0.684
-0.125,-0.688,0.695
-0.125,-0.688,0.691
-0.129,-0.68,0.691
-0.129,-0.672,0.691
-0.133,-0.672,0.691
-0.137,-0.672,0.695
-0.141,-0.668,0.695
-0.148,-0.664,0.695
-0.152,-0.66,0.695
-0.152,-0.648,0.695
-0.152,-0.637,0.699
-0.141,-0.633,0.719
-0.137,-0.656,0.734
-0.133,-0.699,0.773
-0.117,-0.789,0.836
-0.086,-0.93,0.914
-0.047,-1.078,0.988
-0.016,-1.152,1.012
0.008,-1.082,0.992
0.023,-0.906,0.941
0.055,-0.801,0.891
0.09,-0.777,0.844
0.109,-0.777,0.797
0.117,-0.75,0.746
0.109,-0.707,0.711
0.094,-0.656,0.676
0.105,-0.613,0.664
0.117,-0.586,0.66
0.141,-0.574,0.664
0.164,-0.57,0.691
0.184,-0.57,0.723
0.199,-0.57,0.75
0.211,-0.57,0.773
0.211,-0.563,0.801
0.211,-0.551,0.828
0.195,-0.551,0.848
0.188,-0.543,0.863
0.191,-0.539,0.863
0.188,-0.547,0.852
0.188,-0.547,0.832
0.176,-0.543,0.805
0.168,-0.539,0.789
0.16,-0.543,0.773
0.152,-0.547,0.766
0.152,-0.547,0.766
0.145,-0.551,0.773
0.145,-0.555,0.77
0.145,-0.559,0.773
0.148,-0.551,0.777
0.148,-0.547,0.781
0.16,-0.543,0.781
0.156,-0.547,0.793
0.16,-0.555,0.801
0.16,-0.551,0.816
0.16,-0.547,0.824
0.156,-0.543,0.828
0.152,-0.531,0.828
0.152,-0.52,0.828
0.145,-0.516,0.824
0.145,-0.512,0.824
0.145,-0.52,0.809
0.141,-0.527,0.801
0.133,-0.535,0.793
0.137,-0.547,0.781
0.141,-0.555,0.773
0.141,-0.57,0.77
0.148,-0.586,0.773
0.156,-0.602,0.777
0.172,-0.621,0.781
0.172,-0.629,0.793
0.176,-0.637,0.805
0.176,-0.648,0.824
0.18,-0.676,0.855
0.164,-0.719,0.879
0.133,-0.754,0.902
0.07,-0.75,0.898
0.031,-0.711,0.879
0.012,-0.648,0.852
0.012,-0.598,0.832
0.027,-0.566,0.813
0.043,-0.551,0.801
0.055,-0.559,0.793
0.059,-0.574,0.789
0.039,-0.582,0.789
0.008,-0.605,0.789
-0.027,-0.625,0.797
-0.066,-0.652,0.809
-0.094,-0.672,0.824
-0.105,-0.68,0.832
-0.109,-0.676,0.844
-0.109,-0.676,0.859
-0.105,-0.68,0.867
-0.098,-0.691,0.875
-0.086,-0.707,0.875
-0.078,-0.707,0.855
-0.074,-0.688,0.824
-0.07,-0.668,0.797
-0.066,-0.648,0.766
-0.066,-0.637,0.742
-0.063,-0.637,0.723
-0.063,-0.629,0.703
-0.066,-0.625,0.695
-0.07,-0.629,0.691
-0.078,-0.633,0.688
-0.082,-0.633,0.684
-0.082,-0.633,0.691
-0.082,-0.641,0.703
-0.086,-0.648,0.711
-0.086,-0.652,0.719
-0.078,-0.66,0.73
-0.074,-0.664,0.742
-0.078,-0.66,0.75
-0.074,-0.645,0.758
-0.082,-0.637,0.758
-0.078,-0.629,0.766
-0.078,-0.625,0.777
-0.074,-0.633,0.777
-0.074,-0.633,0.781
-0.07,-0.625,0.781
-0.066,-0.629,0.785
-0.066,-0.629,0.785
-0.063,-0.629,0.785
-0.055,-0.621,0.785
-0.051,-0.609,0.785
-0.051,-0.598,0.781
-0.063,-0.586,0.777
-0.059,-0.582,0.77
-0.059,-0.574,0.758
-0.063,-0.57,0.75
-0.063,-0.566,0.742
-0.059,-0.574,0.734
-0.055,-0.586,0.746
-0.051,-0.621,0.777
-0.027,-0.691,0.832
0.004,-0.793,0.879
0.039,-0.891,0.891
0.066,-0.922,0.898
0.082,-0.863,0.891
0.109,-0.762,0.887
0.141,-0.699,0.887
0.164,-0.68,0.883
0.168,-0.703,0.875
0.156,-0.723,0.855
0.125,-0.719,0.832
0.109,-0.688,0.793
0.098,-0.656,0.762
0.102,-0.621,0.73
0.113,-0.59,0.707
0.125,-0.563,0.691
0.137,-0.555,0.691
0.148,-0.566,0.699
0.16,-0.586,0.715
0.168,-0.613,0.734
0.172,-0.629,0.746
0.172,-0.625,0.754
0.172,-0.613,0.766
0.176,-0.605,0.777
0.18,-0.602,0.785
0.184,-0.605,0.793
0.199,-0.605,0.797
0.203,-0.605,0.793
0.211,-0.609,0.781
0.215,-0.621,0.766
0.215,-0.641,0.742
0.207,-0.656,0.723
0.203,-0.676,0.703
0.195,-0.684,0.688
0.188,-0.691,0.676
0.188,-0.688,0.672
0.188,-0.691,0.672
0.195,-0.688,0.676
0.195,-0.676,0.688
0.207,-0.652,0.691
0.211,-0.641,0.695
0.219,-0.625,0.703
0.211,-0.625,0.711
0.219,-0.641,0.727
0.219,-0.652,0.73
0.219,-0.656,0.734
0.219,-0.648,0.746
0.215,-0.633,0.75
0.215,-0.617,0.75
0.215,-0.605,0.746
0.215,-0.594,0.746
0.215,-0.598,0.742
0.223,-0.605,0.738
0.227,-0.617,0.742
0.223,-0.621,0.742
0.223,-0.609,0.75
0.234,-0.602,0.75
0.242,-0.586,0.758
0.242,-0.586,0.758
0.234,-0.586,0.762
0.227,-0.594,0.762
0.219,-0.598,0.762
0.207,-0.598,0.766
0.199,-0.609,0.766
0.199,-0.625,0.766
0.199,-0.648,0.762
0.199,-0.668,0.781
0.199,-0.711,0.797
0.188,-0.77,0.824
0.156,-0.816,0.852
0.113,-0.824,0.879
0.078,-0.793,0.902
0.066,-0.746,0.91
0.074,-0.711,0.914
0.082,-0.672,0.906
0.098,-0.633,0.891
0.117,-0.605,0.867
0.141,-0.598,0.84
0.152,-0.613,0.809
0.152,-0.648,0.777
0.141,-0.684,0.75
0.117,-0.703,0.727
0.09,-0.695,0.699
0.066,-0.68,0.695
0.051,-0.672,0.703
0.043,-0.672,0.723
0.035,-0.688,0.742
0.031,-0.68,0.77
0.02,-0.664,0.785
0.008,-0.652,0.801
0.004,-0.652,0.813
0.008,-0.668,0.816
0.0,-0.68,0.801
0.0,-0.684,0.793
-0.008,-0.668,0.766
-0.004,-0.648,0.738
0.0,-0.641,0.711
0.004,-0.633,0.691
0.012,-0.637,0.68
0.008,-0.641,0.664
0.004,-0.648,0.648
0.004,-0.645,0.641
0.008,-0.641,0.637
0.004,-0.637,0.637
0.004,-0.629,0.645
0.008,-0.625,0.645
0.012,-0.625,0.656
0.012,-0.637,0.664
0.012,-0.641,0.668
0.008,-0.648,0.684
0.008,-0.645,0.691
0.0,-0.652,0.695
-0.016,-0.648,0.699
-0.023,-0.641,0.711
-0.027,-0.637,0.723
-0.035,-0.637,0.727
-0.043,-0.625,0.738
-0.047,-0.613,0.746
-0.043,-0.613,0.75
-0.039,-0.613,0.754
-0.035,-0.617,0.758
-0.031,-0.633,0.762
-0.031,-0.66,0.77
-0.035,-0.684,0.777
-0.047,-0.695,0.777
-0.055,-0.699,0.777
-0.063,-0.699,0.773
-0.063,-0.699,0.77
-0.066,-0.707,0.77
-0.063,-0.723,0.77
-0.047,-0.758,0.801
-0.02,-0.84,0.848
0.012,-0.926,0.895
0.031,-0.953,0.93
0.051,-0.926,0.961
0.078,-0.887,0.98
0.117,-0.852,0.988
0.152,-0.805,0.961
0.164,-0.75,0.926
0.172,-0.703,0.879
0.172,-0.688,0.828
0.168,-0.691,0.789
0.148,-0.723,0.754
0.141,-0.746,0.738
0.125,-0.75,0.73
0.125,-0.738,0.738
0.125,-0.719,0.742
0.125,-0.695,0.754
0.125,-0.664,0.766
0.133,-0.633,0.77
0.137,-0.605,0.777
0.137,-0.586,0.785
0.129,-0.574,0.777
0.121,-0.559,0.77
0.109,-0.551,0.742
0.102,-0.543,0.719
0.086,-0.539,0.691
0.086,-0.535,0.672
0.09,-0.535,0.652
0.098,-0.543,0.637
0.105,-0.555,0.633
0.117,-0.555,0.625
0.121,-0.559,0.625
0.121,-0.563,0.629
0.125,-0.566,0.629
0.121,-0.566,0.629
0.109,-0.574,0.637
0.105,-0.59,0.648
0.105,-0.609,0.652
0.102,-0.625,0.656
0.105,-0.629,0.66
0.109,-0.621,0.656
0.113,-0.609,0.656
0.113,-0.602,0.66
0.121,-0.602,0.664
0.129,-0.59,0.668
0.141,-0.586,0.684
0.16,-0.582,0.707
0.172,-0.59,0.723
0.172,-0.605,0.738
0.164,-0.633,0.758
0.148,-0.656,0.77
0.137,-0.684,0.77
0.133,-0.707,0.766
0.133,-0.734,0.766
0.133,-0.75,0.766
0.141,-0.742,0.77
0.156,-0.73,0.781
0.172,-0.758,0.801
0.184,-0.824,0.824
0.141,-0.891,0.836
0.063,-0.91,0.875
0.012,-0.902,0.922
0.008,-0.934,0.941
-0.02,-0.984,0.918
-0.082,-0.957,0.902
-0.098,-0.863,0.887
-0.063,-0.781,0.852
-0.02,-0.734,0.82
0.004,-0.711,0.797
0.008,-0.715,0.777
-0.004,-0.727,0.773
-0.023,-0.758,0.781
-0.059,-0.777,0.785
-0.086,-0.781,0.793
-0.102,-0.758,0.793
-0.113,-0.723,0.789
-0.113,-0.691,0.793
-0.102,-0.676,0.793
-0.098,-0.668,0.789
-0.082,-0.66,0.77
-0.07,-0.645,0.742
-0.059,-0.633,0.711
-0.047,-0.613,0.68
-0.039,-0.594,0.648
-0.035,-0.574,0.617
-0.039,-0.57,0.602
-0.051,-0.578,0.586
-0.07,-0.594,0.574
-0.086,-0.613,0.57
-0.094,-0.637,0.582
-0.098,-0.652,0.574
-0.105,-0.66,0.578
-0.102,-0.664,0.582
-0.094,-0.668,0.59
-0.086,-0.672,0.598
-0.078,-0.68,0.609
-0.07,-0.695,0.621
-0.074,-0.715,0.625
-0.086,-0.723,0.629
-0.09,-0.719,0.633
-0.102,-0.703,0.641
-0.113,-0.695,0.648
-0.121,-0.695,0.66
-0.125,-0.707,0.66
-0.133,-0.711,0.664
-0.133,-0.719,0.676
-0.129,-0.719,0.691
-0.133,-0.723,0.703
-0.133,-0.73,0.719
-0.129,-0.73,0.723
-0.125,-0.73,0.723
-0.137,-0.715,0.719
-0.133,-0.699,0.719
-0.133,-0.688,0.711
-0.137,-0.68,0.707
-0.141,-0.676,0.719
-0.133,-0.699,0.75
-0.113,-0.781,0.809
-0.078,-0.895,0.852
-0.031,-0.973,0.887
0.008,-0.992,0.938
0.059,-0.988,0.977
0.121,-0.996,0.98
0.156,-0.969,0.965
0.172,-0.895,0.93
0.184,-0.82,0.895
0.203,-0.77,0.848
0.211,-0.73,0.828
0.211,-0.727,0.828
0.195,-0.734,0.813
0.18,-0.734,0.801
0.152,-0.727,0.789
0.129,-0.699,0.777
0.109,-0.684,0.766
0.102,-0.664,0.75
0.098,-0.645,0.734
0.098,-0.641,0.719
0.094,-0.629,0.695
0.082,-0.613,0.668
0.07,-0.605,0.648
0.066,-0.59,0.629
0.063,-0.586,0.613
0.059,-0.578,0.594
0.059,-0.578,0.578
0.059,-0.582,0.566
0.055,-0.59,0.563
0.055,-0.605,0.566
0.059,-0.609,0.566
0.063,-0.605,0.566
0.063,-0.609,0.57
0.07,-0.609,0.574
0.078,-0.621,0.582
0.086,-0.629,0.59
0.09,-0.648,0.59
0.098,-0.664,0.598
0.098,-0.668,0.602
0.105,-0.664,0.605
0.113,-0.648,0.609
0.129,-0.637,0.613
0.141,-0.629,0.625
0.16,-0.625,0.645
0.152,-0.633,0.672
0.16,-0.637,0.699
0.148,-0.652,0.719
0.125,-0.676,0.742
0.102,-0.699,0.754
0.086,-0.719,0.75
0.086,-0.746,0.742
0.09,-0.77,0.746
0.098,-0.77,0.75
0.117,-0.758,0.762
0.137,-0.766,0.793
0.148,-0.801,0.828
0.133,-0.852,0.852
0.082,-0.875,0.898
0.051,-0.891,0.957
0.035,-0.938,0.984
-0.012,-0.996,0.973
-0.09,-1.004,0.938
-0.117,-0.926,0.906
-0.066,-0.828,0.871
0.0,-0.766,0.848
0.035,-0.73,0.828
0.047,-0.719,0.82
0.043,-0.738,0.813
0.02,-0.766,0.813
-0.02,-0.785,0.805
-0.051,-0.777,0.793
-0.078,-0.746,0.773
-0.086,-0.699,0.766
-0.082,-0.676,0.758
-0.074,-0.672,0.738
-0.07,-0.676,0.715
-0.063,-0.66,0.684
-0.055,-0.645,0.645
-0.039,-0.617,0.613
-0.035,-0.59,0.582
-0.027,-0.578,0.555
-0.023,-0.57,0.543
-0.031,-0.582,0.535
-0.027,-0.594,0.535
-0.027,-0.613,0.547
-0.031,-0.625,0.555
-0.031,-0.625,0.563
-0.027,-0.621,0.574
-0.023,-0.621,0.594
-0.02,-0.625,0.613
-0.027,-0.637,0.633
-0.039,-0.648,0.637
-0.055,-0.66,0.645
-0.074,-0.664,0.648
-0.098,-0.664,0.645
-0.105,-0.648,0.652
-0.109,-0.637,0.66
-0.113,-0.641,0.668
-0.117,-0.664,0.68
-0.113,-0.672,0.691
-0.109,-0.688,0.699
-0.102,-0.703,0.719
-0.09,-0.719,0.73
-0.082,-0.742,0.742
-0.078,-0.758,0.746
-0.082,-0.762,0.742
-0.09,-0.758,0.734
-0.086,-0.738,0.723
-0.09,-0.707,0.723
-0.094,-0.707,0.754
-0.078,-0.766,0.805
-0.051,-0.891,0.848
-0.016,-0.992,0.895
0.016,-1.012,0.949
0.043,-0.996,0.992
0.094,-0.988,1.004
0.141,-0.961,0.984
0.164,-0.891,0.957
0.184,-0.82,0.926
0.203,-0.781,0.898
0.211,-0.773,0.875
0.199,-0.793,0.867
0.184,-0.805,0.859
0.164,-0.801,0.848
0.137,-0.77,0.828
0.109,-0.734,0.801
0.094,-0.695,0.777
0.09,-0.652,0.758
0.082,-0.625,0.734
0.078,-0.602,0.707
0.07,-0.586,0.68
0.063,-0.574,0.648
0.059,-0.559,0.621
0.066,-0.539,0.598
0.074,-0.535,0.578
0.086,-0.539,0.57
0.098,-0.543,0.563
0.102,-0.547,0.559
0.105,-0.559,0.563
0.105,-0.566,0.57
0.109,-0.582,0.578
0.113,-0.578,0.586
0.117,-0.594,0.598
0.117,-0.598,0.605
0.109,-0.602,0.609
0.117,-0.609,0.621
0.121,-0.625,0.625
0.129,-0.633,0.621
0.125,-0.645,0.617
0.121,-0.652,0.613
0.121,-0.656,0.605
0.129,-0.645,0.602
0.137,-0.637,0.613
0.156,-0.633,0.633
0.176,-0.633,0.652
0.191,-0.633,0.672
0.184,-0.625,0.703
0.164,-0.625,0.73
0.145,-0.629,0.746
0.121,-0.648,0.746
0.105,-0.672,0.75
0.098,-0.691,0.758
0.102,-0.703,0.762
0.117,-0.699,0.785
0.145,-0.703,0.824
0.172,-0.754,0.883
0.172,-0.852,0.914
0.105,-0.926,0.965
0.039,-0.969,1.039
0.0,-1.027,1.066
-0.066,-1.039,1.035
-0.145,-0.93,0.984
-0.137,-0.762,0.953
-0.07,-0.664,0.922
-0.012,-0.648,0.891
0.016,-0.66,0.863
0.023,-0.684,0.844
0.016,-0.719,0.832
-0.02,-0.75,0.828
-0.07,-0.758,0.828
-0.105,-0.742,0.813
-0.121,-0.707,0.801
-0.121,-0.68,0.797
-0.117,-0.664,0.797
-0.109,-0.668,0.781
-0.098,-0.672,0.762
-0.086,-0.668,0.738
-0.066,-0.648,0.707
-0.047,-0.625,0.68
-0.035,-0.613,0.652
-0.027,-0.598,0.621
-0.027,-0.578,0.598
-0.031,-0.574,0.578
-0.027,-0.574,0.566
-0.039,-0.578,0.559
-0.027,-0.582,0.563
-0.027,-0.586,0.563
-0.027,-0.598,0.563
-0.023,-0.598,0.57
-0.016,-0.605,0.574
-0.023,-0.621,0.582
-0.02,-0.633,0.598
-0.02,-0.648,0.609
-0.027,-0.664,0.617
-0.027,-0.668,0.621
-0.035,-0.664,0.625
-0.047,-0.664,0.629
-0.055,-0.668,0.648
-0.063,-0.688,0.66
-0.066,-0.715,0.672
-0.07,-0.742,0.688
-0.078,-0.75,0.699
-0.078,-0.754,0.723
-0.074,-0.762,0.746
-0.074,-0.77,0.758
-0.086,-0.773,0.77
-0.094,-0.77,0.77
-0.094,-0.754,0.762
-0.094,-0.742,0.762
-0.094,-0.73,0.77
-0.082,-0.746,0.816
-0.059,-0.824,0.871
-0.027,-0.941,0.906
-0.004,-1.027,0.949
0.023,-1.031,0.992
0.082,-0.992,1.031
0.141,-0.938,1.027
0.172,-0.863,1.0
0.18,-0.758,0.965
0.18,-0.668,0.918
0.168,-0.629,0.883
0.156,-0.645,0.867
0.141,-0.68,0.844
0.133,-0.711,0.836
0.125,-0.727,0.832
0.117,-0.719,0.824
0.113,-0.691,0.801
0.109,-0.664,0.781
0.109,-0.645,0.762
0.109,-0.633,0.742
0.109,-0.617,0.727
0.109,-0.602,0.703
0.102,-0.578,0.684
0.094,-0.559,0.664
0.082,-0.543,0.648
0.074,-0.539,0.625
0.066,-0.535,0.609
0.063,-0.535,0.594
0.063,-0.535,0.59
0.066,-0.535,0.59
0.074,-0.539,0.586
0.082,-0.551,0.586
0.09,-0.555,0.586
0.094,-0.563,0.59
0.102,-0.566,0.586
0.105,-0.57,0.594
0.102,-0.582,0.594
0.098,-0.594,0.594
0.094,-0.602,0.59
0.09,-0.605,0.598
0.09,-0.605,0.602
0.102,-0.602,0.602
0.121,-0.594,0.602
0.133,-0.598,0.617
0.145,-0.602,0.637
0.148,-0.617,0.66
0.137,-0.633,0.695
0.125,-0.656,0.715
0.113,-0.691,0.727
0.105,-0.719,0.742
0.094,-0.742,0.754
0.094,-0.758,0.758
0.09,-0.773,0.762
0.09,-0.785,0.773
0.094,-0.789,0.789
0.109,-0.828,0.84
0.102,-0.914,0.867
0.047,-0.992,0.902
-0.027,-1.012,0.965
-0.055,-1.004,1.008
-0.07,-1.004,1.004
-0.125,-0.961,0.973
-0.145,-0.855,0.953
-0.109,-0.758,0.918
-0.047,-0.715,0.895
0.008,-0.707,0.867
0.023,-0.715,0.852
0.027,-0.734,0.848
0.004,-0.777,0.84
-0.031,-0.801,0.832
-0.074,-0.801,0.82
-0.098,-0.773,0.809
-0.102,-0.738,0.797
-0.098,-0.711,0.797
-0.094,-0.691,0.781
-0.078,-0.68,0.758
-0.07,-0.648,0.723
-0.051,-0.617,0.695
-0.035,-0.586,0.66
-0.023,-0.563,0.625
-0.02,-0.555,0.598
-0.02,-0.543,0.57
-0.02,-0.547,0.551
-0.027,-0.555,0.539
-0.035,-0.563,0.531
-0.031,-0.574,0.531
-0.035,-0.586,0.535
-0.031,-0.594,0.539
-0.035,-0.602,0.543
-0.031,-0.609,0.555
-0.031,-0.617,0.57
-0.031,-0.633,0.586
-0.035,-0.648,0.598
-0.043,-0.652,0.602
-0.059,-0.645,0.602
-0.074,-0.633,0.605
-0.098,-0.625,0.617
-0.109,-0.629,0.633
-0.113,-0.656,0.645
-0.117,-0.688,0.664
-0.109,-0.711,0.684
-0.098,-0.73,0.707
-0.086,-0.75,0.723
-0.074,-0.762,0.738
-0.074,-0.777,0.742
-0.082,-0.797,0.738
-0.086,-0.805,0.73
-0.082,-0.797,0.719
-0.082,-0.777,0.719
-0.074,-0.77,0.738
-0.063,-0.816,0.793
-0.043,-0.918,0.836
-0.008,-1.004,0.883
0.02,-1.031,0.93
0.07,-1.02,0.984
0.133,-1.008,1.0
0.18,-0.965,0.977
0.195,-0.887,0.945
0.199,-0.809,0.914
0.203,-0.762,0.883
0.207,-0.766,0.867
0.191,-0.785,0.844
0.168,-0.809,0.828
0.148,-0.832,0.813
0.137,-0.828,0.801
0.141,-0.793,0.785
0.141,-0.75,0.762
0.133,-0.711,0.738
0.125,-0.672,0.715
0.117,-0.633,0.695
0.113,-0.613,0.676
0.105,-0.602,0.648
0.098,-0.582,0.621
0.094,-0.57,0.594
0.086,-0.559,0.57
0.082,-0.555,0.551
0.086,-0.555,0.535
0.082,-0.563,0.527
0.082,-0.574,0.527
0.09,-0.594,0.523
0.09,-0.605,0.531
0.098,-0.617,0.539
0.098,-0.629,0.551
0.094,-0.629,0.555
0.09,-0.625,0.563
0.09,-0.629,0.574
0.09,-0.633,0.578
0.082,-0.637,0.582
0.074,-0.637,0.582
0.074,-0.637,0.578
0.082,-0.637,0.582
0.09,-0.641,0.582
0.105,-0.633,0.59
0.117,-0.629,0.605
0.121,-0.641,0.637
0.125,-0.656,0.656
0.113,-0.676,0.688
0.102,-0.711,0.707
0.082,-0.742,0.715
0.066,-0.758,0.723
0.063,-0.781,0.727
0.066,-0.797,0.738
0.078,-0.809,0.75
0.09,-0.824,0.766
0.109,-0.863,0.805
0.109,-0.93,0.828
0.055,-0.992,0.867
-0.012,-1.0,0.926
-0.047,-0.996,0.965
-0.074,-0.988,0.953
-0.117,-0.934,0.922
-0.141,-0.836,0.898
-0.105,-0.758,0.875
-0.043,-0.723,0.855
0.008,-0.727,0.848
0.051,-0.742,0.855
0.055,-0.785,0.859
0.023,-0.824,0.863
-0.023,-0.848,0.863
-0.078,-0.836,0.852
-0.109,-0.797,0.844
-0.117,-0.754,0.84
-0.109,-0.73,0.836
-0.086,-0.719,0.813
-0.07,-0.695,0.781
-0.059,-0.656,0.742
-0.047,-0.621,0.699
-0.039,-0.59,0.652
-0.035,-0.574,0.613
-0.035,-0.57,0.582
-0.031,-0.566,0.559
-0.043,-0.566,0.539
-0.043,-0.563,0.531
-0.047,-0.563,0.523
-0.051,-0.566,0.523
-0.051,-0.57,0.523
-0.039,-0.57,0.527
-0.039,-0.57,0.539
-0.043,-0.586,0.551
-0.043,-0.594,0.559
-0.047,-0.609,0.574
-0.051,-0.629,0.59
-0.063,-0.637,0.602
-0.078,-0.637,0.613
-0.09,-0.625,0.629
-0.102,-0.609,0.652
-0.109,-0.605,0.684
-0.113,-0.613,0.711
-0.113,-0.637,0.723
-0.105,-0.656,0.738
-0.094,-0.676,0.75
-0.082,-0.707,0.762
-0.082,-0.738,0.762
-0.086,-0.762,0.754
-0.094,-0.781,0.738
-0.102,-0.789,0.727
-0.105,-0.785,0.727
-0.098,-0.809,0.75
-0.074,-0.887,0.801
-0.043,-1.008,0.844
-0.008,-1.098,0.887
0.027,-1.086,0.934
0.066,-1.008,0.973
0.121,-0.934,0.992
0.152,-0.863,0.98
0.168,-0.793,0.957
0.168,-0.754,0.93
0.168,-0.754,0.895
0.141,-0.785,0.863
0.105,-0.824,0.844
0.09,-0.852,0.832
0.086,-0.867,0.828
0.09,-0.867,0.82
0.094,-0.84,0.813
0.094,-0.801,0.801
0.09,-0.746,0.781
0.094,-0.691,0.762
0.094,-0.652,0.738
0.094,-0.621,0.715
0.086,-0.602,0.688
0.078,-0.582,0.656
0.07,-0.566,0.617
0.063,-0.547,0.594
0.059,-0.535,0.57
0.059,-0.527,0.551
0.055,-0.527,0.539
0.059,-0.531,0.535
0.07,-0.535,0.531
0.086,-0.551,0.531
0.098,-0.566,0.543
0.098,-0.582,0.555
0.094,-0.594,0.563
0.09,-0.605,0.566
0.082,-0.613,0.574
0.078,-0.621,0.59
0.086,-0.629,0.594
0.09,-0.637,0.602
0.082,-0.625,0.602
0.09,-0.609,0.605
0.102,-0.605,0.609
0.105,-0.602,0.617
0.109,-0.602,0.637
0.113,-0.609,0.664
0.117,-0.617,0.695
0.109,-0.637,0.719
0.09,-0.652,0.738
0.059,-0.688,0.746
0.039,-0.723,0.746
0.031,-0.758,0.742
0.023,-0.801,0.75
0.02,-0.824,0.75
0.031,-0.816,0.766
0.063,-0.813,0.781
0.094,-0.859,0.809
0.074,-0.922,0.82
0.027,-0.938,0.844
-0.008,-0.906,0.883
-0.012,-0.891,0.926
-0.016,-0.918,0.93
-0.055,-0.922,0.891
-0.094,-0.852,0.852
-0.074,-0.77,0.832
-0.016,-0.734,0.813
0.031,-0.75,0.797
0.055,-0.781,0.797
0.051,-0.813,0.805
0.023,-0.828,0.82
-0.016,-0.832,0.832
-0.059,-0.816,0.852
-0.09,-0.785,0.859
-0.105,-0.738,0.859
-0.102,-0.703,0.859
-0.094,-0.684,0.848
-0.082,-0.676,0.824
-0.074,-0.664,0.789
-0.063,-0.645,0.754
-0.051,-0.617,0.711
-0.035,-0.598,0.664
-0.023,-0.586,0.629
-0.016,-0.574,0.594
-0.016,-0.57,0.574
-0.016,-0.566,0.551
-0.02,-0.566,0.543
-0.027,-0.57,0.535
-0.035,-0.586,0.539
-0.031,-0.59,0.547
-0.035,-0.594,0.551
-0.031,-0.598,0.555
-0.035,-0.605,0.563
-0.035,-0.617,0.574
-0.035,-0.625,0.59
-0.039,-0.641,0.594
-0.047,-0.652,0.598
-0.059,-0.652,0.605
-0.07,-0.645,0.617
-0.078,-0.633,0.629
-0.09,-0.633,0.648
-0.094,-0.641,0.672
-0.094,-0.656,0.691
-0.094,-0.676,0.711
-0.078,-0.699,0.734
-0.07,-0.727,0.75
-0.066,-0.75,0.75
-0.07,-0.77,0.754
-0.09,-0.793,0.746
-0.094,-0.801,0.734
-0.098,-0.797,0.719
-0.105,-0.785,0.707
-0.109,-0.777,0.719
-0.102,-0.82,0.77
-0.082,-0.914,0.816
-0.043,-1.008,0.863
-0.008,-1.051,0.91
0.043,-1.035,0.965
0.109,-1.0,0.988
0.16,-0.945,0.969
0.188,-0.848,0.941
0.188,-0.773,0.914
0.188,-0.727,0.883
0.172,-0.727,0.863
0.145,-0.758,0.84
0.109,-0.785,0.828
0.086,-0.813,0.816
0.082,-0.824,0.805
0.086,-0.813,0.793
0.082,-0.781,0.781
0.082,-0.754,0.773
0.078,-0.727,0.758
0.082,-0.695,0.75
0.086,-0.672,0.734
0.082,-0.648,0.711
0.074,-0.633,0.684
0.066,-0.609,0.656
0.063,-0.59,0.633
0.055,-0.574,0.613
0.051,-0.563,0.594
0.059,-0.555,0.582
0.059,-0.559,0.559
0.066,-0.563,0.543
0.07,-0.57,0.539
0.078,-0.57,0.535
0.082,-0.582,0.539
0.078,-0.586,0.543
0.082,-0.59,0.547
0.078,-0.598,0.555
0.086,-0.598,0.559
0.09,-0.605,0.563
0.098,-0.609,0.566
0.102,-0.613,0.574
0.102,-0.617,0.582
0.109,-0.613,0.594
0.125,-0.605,0.613
0.141,-0.598,0.641
0.152,-0.594,0.668
0.145,-0.594,0.699
0.148,-0.602,0.738
0.125,-0.621,0.75
0.098,-0.648,0.754
0.074,-0.684,0.738
0.066,-0.719,0.734
0.063,-0.742,0.73
0.063,-0.742,0.727
0.078,-0.742,0.738
0.109,-0.766,0.77
0.133,-0.84,0.801
0.113,-0.898,0.824
0.055,-0.922,0.895
0.02,-0.945,0.961
-0.008,-0.988,0.957
-0.082,-0.992,0.938
-0.141,-0.93,0.918
-0.113,-0.848,0.902
-0.043,-0.789,0.898
0.012,-0.766,0.898
0.043,-0.766,0.902
0.047,-0.793,0.914
0.02,-0.824,0.918
-0.027,-0.828,0.902
-0.063,-0.793,0.883
-0.09,-0.75,0.863
-0.098,-0.719,0.848
-0.102,-0.711,0.828
-0.109,-0.711,0.797
-0.109,-0.699,0.754
-0.098,-0.672,0.707
-0.086,-0.645,0.66
-0.074,-0.625,0.629
-0.063,-0.609,0.594
-0.055,-0.605,0.566
-0.043,-0.598,0.543
-0.035,-0.59,0.52
-0.027,-0.59,0.508
-0.027,-0.586,0.5
-0.027,-0.586,0.492
-0.027,-0.586,0.504
-0.023,-0.586,0.516
-0.027,-0.598,0.523
-0.027,-0.613,0.539
-0.031,-0.629,0.555
-0.039,-0.648,0.566
-0.051,-0.668,0.578
-0.059,-0.688,0.582
-0.07,-0.707,0.59
-0.078,-0.715,0.598
-0.094,-0.715,0.609
-0.094,-0.73,0.633
-0.102,-0.75,0.645
-0.105,-0.762,0.66
-0.105,-0.762,0.676
-0.102,-0.754,0.691
-0.098,-0.762,0.711
-0.094,-0.773,0.727
-0.078,-0.789,0.742
-0.07,-0.801,0.746
-0.07,-0.805,0.734
-0.074,-0.793,0.723
-0.082,-0.77,0.711
-0.078,-0.766,0.727
-0.07,-0.816,0.777
-0.051,-0.926,0.809
-0.027,-1.027,0.836
0.008,-1.047,0.875
0.051,-1.008,0.922
0.102,-0.969,0.941
0.148,-0.918,0.93
0.164,-0.84,0.914
0.172,-0.777,0.891
0.18,-0.75,0.863
0.176,-0.758,0.84
0.156,-0.785,0.82
0.129,-0.809,0.809
0.117,-0.824,0.809
0.117,-0.828,0.816
0.117,-0.813,0.816
0.117,-0.781,0.813
0.113,-0.75,0.805
0.113,-0.715,0.801
0.109,-0.688,0.789
0.109,-0.652,0.777
0.102,-0.625,0.746
0.098,-0.605,0.715
0.094,-0.586,0.684
0.086,-0.574,0.656
0.078,-0.57,0.625
0.074,-0.57,0.602
0.07,-0.566,0.582
0.074,-0.566,0.563
0.082,-0.566,0.551
0.09,-0.559,0.543
0.094,-0.559,0.543
0.098,-0.559,0.543
0.102,-0.566,0.551
0.098,-0.574,0.559
0.098,-0.586,0.563
0.082,-0.59,0.57
0.086,-0.598,0.582
0.078,-0.602,0.586
0.074,-0.617,0.59
0.074,-0.617,0.59
0.078,-0.633,0.594
0.078,-0.645,0.598
0.086,-0.648,0.602
0.102,-0.648,0.617
0.121,-0.66,0.645
0.137,-0.668,0.668
0.137,-0.672,0.699
0.129,-0.688,0.719
0.113,-0.695,0.742
0.102,-0.707,0.746
0.094,-0.719,0.746
0.094,-0.73,0.754
0.098,-0.754,0.746
0.105,-0.754,0.754
0.121,-0.742,0.777
0.145,-0.766,0.805
0.156,-0.813,0.832
0.133,-0.859,0.852
0.074,-0.867,0.895
0.043,-0.871,0.941
0.035,-0.914,0.973
-0.004,-0.961,0.949
-0.066,-0.922,0.902
-0.086,-0.809,0.875
-0.043,-0.727,0.852
0.016,-0.703,0.836
0.051,-0.715,0.82
0.063,-0.727,0.824
0.051,-0.746,0.832
0.023,-0.758,0.848
-0.012,-0.758,0.848
-0.047,-0.75,0.844
-0.066,-0.719,0.836
-0.074,-0.695,0.832
-0.078,-0.676,0.832
-0.078,-0.672,0.82
-0.078,-0.668,0.793
-0.078,-0.656,0.758
-0.07,-0.645,0.719
-0.063,-0.621,0.68
-0.047,-0.609,0.645
-0.039,-0.605,0.609
-0.035,-0.602,0.582
-0.035,-0.598,0.563
-0.039,-0.594,0.547
-0.055,-0.594,0.539
-0.051,-0.602,0.543
-0.051,-0.602,0.539
-0.043,-0.609,0.543
-0.039,-0.613,0.551
-0.035,-0.605,0.559
-0.031,-0.609,0.563
-0.027,-0.617,0.574
-0.031,-0.629,0.586
-0.043,-0.645,0.59
-0.051,-0.652,0.59
-0.07,-0.66,0.59
-0.074,-0.656,0.605
-0.086,-0.66,0.621
-0.094,-0.676,0.637
-0.105,-0.691,0.652
-0.117,-0.707,0.676
-0.117,-0.727,0.699
-0.105,-0.738,0.719
-0.102,-0.754,0.738
-0.098,-0.762,0.754
-0.102,-0.77,0.762
-0.098,-0.77,0.758
-0.09,-0.754,0.742
-0.082,-0.742,0.73
-0.078,-0.758,0.746
-0.066,-0.816,0.805
-0.035,-0.941,0.852
-0.008,-1.066,0.883
0.02,-1.098,0.926
0.066,-1.051,0.973
0.125,-1.012,0.984
0.168,-0.973,0.965
0.18,-0.887,0.922
0.184,-0.793,0.883
0.188,-0.738,0.84
0.18,-0.723,0.801
0.16,-0.742,0.777
0.145,-0.785,0.754
0.141,-0.82,0.742
0.141,-0.848,0.75
0.145,-0.836,0.754
0.137,-0.793,0.754
0.133,-0.75,0.746
0.133,-0.715,0.746
0.129,-0.688,0.738
0.125,-0.656,0.73
0.125,-0.629,0.719
0.121,-0.613,0.699
0.121,-0.598,0.676
0.105,-0.578,0.648
0.098,-0.574,0.633
0.094,-0.57,0.609
0.09,-0.57,0.594
0.086,-0.578,0.582
0.09,-0.582,0.574
0.094,-0.59,0.57
0.098,-0.586,0.57
0.105,-0.594,0.57
0.113,-0.598,0.574
0.113,-0.602,0.574
0.109,-0.605,0.586
0.102,-0.617,0.594
0.098,-0.625,0.598
0.094,-0.637,0.594
0.09,-0.645,0.598
0.082,-0.641,0.59
0.078,-0.645,0.59
0.078,-0.641,0.59
0.086,-0.629,0.59
0.105,-0.625,0.609
0.125,-0.621,0.625
0.141,-0.625,0.652
0.141,-0.633,0.676
0.129,-0.645,0.699
0.117,-0.656,0.719
0.102,-0.676,0.723
0.094,-0.699,0.727
0.109,-0.723,0.723
0.133,-0.75,0.727
0.145,-0.762,0.73
0.156,-0.758,0.746
0.168,-0.762,0.781
0.184,-0.801,0.832
0.172,-0.863,0.859
0.121,-0.898,0.902
0.07,-0.906,0.957
0.039,-0.926,0.977
0.0,-0.949,0.957
-0.07,-0.914,0.93
-0.09,-0.82,0.906
-0.047,-0.742,0.879
0.0,-0.707,0.852
0.027,-0.711,0.828
0.035,-0.711,0.824
0.023,-0.73,0.828
0.008,-0.754,0.832
-0.027,-0.762,0.832
-0.063,-0.766,0.832
-0.09,-0.746,0.832
-0.109,-0.723,0.824
-0.105,-0.707,0.824
-0.109,-0.699,0.816
-0.102,-0.695,0.793
-0.094,-0.684,0.758
-0.082,-0.664,0.723
-0.066,-0.648,0.691
-0.051,-0.629,0.656
-0.043,-0.617,0.625
-0.027,-0.602,0.594
-0.031,-0.594,0.57
-0.031,-0.59,0.555
-0.027,-0.594,0.551
-0.023,-0.605,0.547
-0.012,-0.617,0.551
-0.004,-0.629,0.559
-0.004,-0.637,0.566
-0.008,-0.641,0.57
-0.016,-0.648,0.578
-0.02,-0.656,0.59
-0.02,-0.668,0.602
-0.027,-0.68,0.602
-0.043,-0.688,0.605
-0.059,-0.684,0.609
-0.066,-0.676,0.621
-0.07,-0.672,0.625
-0.074,-0.676,0.637
-0.074,-0.691,0.652
-0.082,-0.715,0.66
-0.078,-0.734,0.664
-0.074,-0.746,0.676
-0.066,-0.746,0.688
-0.059,-0.758,0.699
-0.059,-0.77,0.703
-0.063,-0.781,0.699
-0.063,-0.777,0.691
-0.07,-0.77,0.684
-0.074,-0.75,0.672
-0.082,-0.727,0.668
-0.09,-0.711,0.676
-0.082,-0.73,0.719
-0.059,-0.801,0.781
-0.035,-0.906,0.824
-0.012,-0.98,0.867
0.012,-0.988,0.93
0.051,-0.98,0.984
0.098,-0.988,1.0
0.137,-0.945,0.984
0.164,-0.836,0.961
0.184,-0.754,0.926
0.191,-0.715,0.895
0.195,-0.711,0.879
0.188,-0.73,0.859
0.176,-0.738,0.844
0.16,-0.742,0.836
0.148,-0.738,0.832
0.137,-0.723,0.824
0.133,-0.703,0.82
0.133,-0.676,0.809
0.133,-0.645,0.789
0.137,-0.621,0.777
0.125,-0.605,0.762
0.117,-0.59,0.738
0.109,-0.59,0.715
0.102,-0.582,0.691
0.098,-0.574,0.672
0.094,-0.57,0.652
0.094,-0.566,0.637
0.094,-0.574,0.617
0.094,-0.574,0.609
0.094,-0.578,0.602
0.094,-0.578,0.602
0.102,-0.578,0.605
0.105,-0.57,0.602
0.102,-0.574,0.602
0.098,-0.582,0.598
0.094,-0.586,0.605
0.094,-0.605,0.617
0.094,-0.617,0.625
0.094,-0.629,0.629
0.094,-0.637,0.629
0.09,-0.641,0.629
0.082,-0.633,0.633
0.078,-0.629,0.637
0.078,-0.629,0.648
0.086,-0.633,0.656
0.094,-0.641,0.668
0.102,-0.641,0.676
0.113,-0.637,0.688
0.113,-0.637,0.695
0.109,-0.645,0.703
0.098,-0.652,0.707
0.078,-0.672,0.691
0.063,-0.695,0.684
0.063,-0.715,0.68
0.063,-0.734,0.676
0.07,-0.738,0.672
0.082,-0.727,0.672
0.094,-0.711,0.699
0.105,-0.715,0.73
0.102,-0.742,0.777
0.098,-0.797,0.824
0.055,-0.828,0.867
0.02,-0.855,0.93
0.008,-0.918,0.988
-0.023,-1.0,1.02
-0.094,-1.0,1.016
-0.152,-0.895,0.988
-0.152,-0.805,0.953
-0.113,-0.762,0.898
-0.07,-0.73,0.852
-0.043,-0.711,0.813
-0.023,-0.699,0.789
-0.008,-0.695,0.789
-0.004,-0.703,0.797
-0.023,-0.711,0.813
-0.059,-0.699,0.816
-0.082,-0.68,0.824
-0.105,-0.66,0.828
-0.109,-0.645,0.828
-0.098,-0.633,0.832
-0.09,-0.645,0.832
-0.078,-0.656,0.813
-0.066,-0.645,0.785
-0.043,-0.625,0.75
-0.031,-0.609,0.711
-0.023,-0.602,0.684
-0.02,-0.598,0.66
-0.02,-0.598,0.641
-0.023,-0.598,0.633
-0.02,-0.602,0.625
-0.016,-0.605,0.625
-0.016,-0.605,0.621
-0.02,-0.605,0.621
-0.016,-0.617,0.625
-0.016,-0.629,0.633
-0.02,-0.645,0.641
-0.023,-0.66,0.652
-0.027,-0.668,0.66
-0.027,-0.668,0.668
-0.027,-0.664,0.668
-0.027,-0.664,0.672
-0.031,-0.648,0.672
-0.035,-0.645,0.676
-0.031,-0.641,0.684
-0.035,-0.645,0.695
-0.035,-0.648,0.699
-0.035,-0.645,0.699
-0.039,-0.641,0.699
-0.043,-0.637,0.699
-0.047,-0.637,0.703
-0.043,-0.652,0.711
-0.035,-0.676,0.703
-0.031,-0.688,0.695
-0.031,-0.695,0.691
-0.035,-0.695,0.676
-0.031,-0.699,0.668
-0.031,-0.699,0.652
-0.035,-0.699,0.648
-0.035,-0.695,0.656
-0.043,-0.723,0.684
-0.039,-0.77,0.742
-0.02,-0.859,0.805
-0.016,-0.953,0.848
-0.012,-0.984,0.898
0.004,-0.965,0.941
0.035,-0.961,0.977
0.066,-0.957,0.996
0.109,-0.938,1.016
0.152,-0.914,1.023
0.172,-0.875,1.008
0.18,-0.797,0.957
0.168,-0.727,0.895
0.156,-0.672,0.84
0.152,-0.641,0.797
0.152,-0.641,0.773
0.145,-0.645,0.766
0.133,-0.648,0.766
0.113,-0.637,0.766
0.102,-0.617,0.773
0.094,-0.602,0.785
0.098,-0.578,0.785
0.102,-0.559,0.793
0.117,-0.547,0.793
0.129,-0.531,0.797
0.141,-0.527,0.801
0.148,-0.523,0.797
0.152,-0.523,0.797
0.152,-0.523,0.793
0.145,-0.527,0.789
0.141,-0.531,0.781
0.148,-0.535,0.773
0.152,-0.535,0.766
0.156,-0.527,0.75
0.16,-0.523,0.738
0.164,-0.523,0.719
0.164,-0.527,0.711
0.164,-0.527,0.711
0.156,-0.539,0.715
0.152,-0.555,0.723
0.141,-0.563,0.734
0.148,-0.57,0.75
0.152,-0.566,0.77
0.152,-0.555,0.793
0.152,-0.547,0.82
0.152,-0.547,0.844
0.148,-0.547,0.859
0.152,-0.535,0.871
0.152,-0.52,0.883
0.164,-0.504,0.875
0.172,-0.496,0.867
0.176,-0.5,0.859
0.176,-0.508,0.844
0.164,-0.516,0.836
0.16,-0.527,0.828
0.156,-0.531,0.82
0.16,-0.531,0.805
0.168,-0.531,0.793
0.168,-0.523,0.789
0.172,-0.52,0.777
0.18,-0.512,0.777
0.184,-0.508,0.77
0.191,-0.52,0.77
0.191,-0.539,0.773
0.195,-0.563,0.781
0.188,-0.605,0.789
0.168,-0.652,0.797
0.137,-0.688,0.809
0.098,-0.715,0.824
0.066,-0.746,0.832
0.031,-0.773,0.84
0.0,-0.781,0.836
-0.02,-0.766,0.82
-0.027,-0.746,0.809
-0.023,-0.727,0.797
-0.012,-0.711,0.781
0.004,-0.703,0.77
0.016,-0.688,0.75
0.027,-0.668,0.734
0.031,-0.652,0.723
0.031,-0.637,0.719
0.027,-0.625,0.715
0.02,-0.629,0.727
0.02,-0.645,0.754
0.016,-0.668,0.777
0.016,-0.695,0.809
-0.004,-0.711,0.828
-0.02,-0.723,0.848
-0.031,-0.73,0.863
-0.039,-0.719,0.863
-0.047,-0.691,0.852
-0.043,-0.676,0.848
-0.047,-0.652,0.828
-0.059,-0.641,0.805
-0.078,-0.629,0.777
-0.094,-0.621,0.746
-0.109,-0.609,0.723
-0.113,-0.602,0.711
-0.121,-0.594,0.703
-0.125,-0.586,0.703
-0.129,-0.586,0.699
-0.133,-0.586,0.707
-0.137,-0.594,0.723
-0.148,-0.613,0.738
-0.145,-0.625,0.758
-0.145,-0.633,0.766
-0.145,-0.645,0.777
-0.145,-0.641,0.789
-0.156,-0.648,0.793
-0.16,-0.656,0.793
-0.156,-0.664,0.797
-0.156,-0.668,0.797
-0.148,-0.668,0.793
-0.141,-0.668,0.793
-0.141,-0.668,0.785
-0.141,-0.668,0.781
-0.148,-0.672,0.773
-0.148,-0.676,0.777
-0.148,-0.672,0.773
-0.152,-0.668,0.77
-0.152,-0.672,0.766
-0.152,-0.672,0.758
-0.141,-0.668,0.758
-0.137,-0.668,0.762
-0.137,-0.668,0.762
-0.133,-0.668,0.758
-0.129,-0.668,0.754
-0.129,-0.668,0.75
-0.129,-0.668,0.75
-0.129,-0.676,0.75
-0.133,-0.68,0.746
-0.133,-0.688,0.75
-0.145,-0.688,0.746
-0.148,-0.688,0.742
-0.148,-0.691,0.738
-0.152,-0.695,0.746
-0.156,-0.695,0.75
-0.156,-0.695,0.75
-0.156,-0.691,0.742
-0.148,-0.688,0.738
-0.156,-0.68,0.727
-0.145,-0.672,0.727
-0.141,-0.676,0.73
-0.133,-0.676,0.734
-0.125,-0.684,0.746
-0.121,-0.691,0.754
-0.121,-0.691,0.758
-0.125,-0.688,0.762
-0.137,-0.68,0.766
-0.141,-0.672,0.77
-0.141,-0.672,0.766
-0.145,-0.668,0.762
-0.141,-0.668,0.758
-0.133,-0.668,0.742
-0.117,-0.668,0.742
-0.105,-0.672,0.742
-0.09,-0.676,0.742
-0.082,-0.676,0.75
-0.078,-0.684,0.758
-0.078,-0.691,0.758
-0.082,-0.695,0.758
-0.078,-0.688,0.758
-0.078,-0.691,0.758
-0.074,-0.695,0.762
-0.07,-0.699,0.762
-0.074,-0.703,0.762
-0.074,-0.711,0.75
-0.074,-0.711,0.746
-0.078,-0.707,0.738
-0.074,-0.703,0.73
-0.07,-0.699,0.727
-0.07,-0.699,0.723
-0.07,-0.695,0.719
-0.074,-0.695,0.719
-0.074,-0.699,0.711
-0.074,-0.699,0.715
-0.07,-0.703,0.723
-0.066,-0.707,0.719
-0.063,-0.723,0.73
-0.055,-0.742,0.742
-0.047,-0.758,0.754
-0.039,-0.773,0.762
-0.031,-0.773,0.773
-0.016,-0.766,0.773
-0.004,-0.746,0.766
0.0,-0.73,0.762
0.008,-0.715,0.754
0.023,-0.703,0.738
0.039,-0.695,0.727
0.051,-0.684,0.723
0.055,-0.676,0.715
0.066,-0.672,0.723
0.07,-0.668,0.723
0.074,-0.664,0.727
0.082,-0.648,0.734
0.086,-0.625,0.754
0.086,-0.605,0.777
0.09,-0.578,0.793
0.09,-0.555,0.816
0.09,-0.539,0.832
0.09,-0.52,0.84
0.09,-0.508,0.84
0.086,-0.5,0.828
0.094,-0.504,0.82
0.094,-0.516,0.809
0.094,-0.527,0.801
0.094,-0.535,0.789
0.098,-0.543,0.785
0.105,-0.555,0.777
0.117,-0.574,0.785
0.125,-0.586,0.793
0.125,-0.602,0.809
0.121,-0.621,0.824
0.109,-0.633,0.84
0.094,-0.652,0.848
0.078,-0.66,0.852
0.051,-0.668,0.852
0.035,-0.66,0.836
0.02,-0.645,0.816
0.008,-0.633,0.789
0.008,-0.625,0.766
0.008,-0.629,0.742
0.012,-0.641,0.73
0.016,-0.652,0.723
0.016,-0.668,0.727
0.016,-0.676,0.73
0.008,-0.676,0.734
0.008,-0.672,0.75
0.008,-0.672,0.758
0.004,-0.672,0.766
0.004,-0.672,0.773
0.008,-0.664,0.785
0.012,-0.66,0.789
0.012,-0.656,0.781
0.012,-0.645,0.773
0.02,-0.645,0.766
0.027,-0.645,0.758
0.027,-0.648,0.75
0.027,-0.664,0.738
0.035,-0.68,0.734
0.031,-0.688,0.73
0.043,-0.695,0.742
0.051,-0.699,0.734
0.051,-0.703,0.738
0.051,-0.711,0.734
0.051,-0.715,0.73
0.047,-0.719,0.73
0.039,-0.723,0.73
0.035,-0.719,0.723
0.039,-0.711,0.723
0.035,-0.711,0.719
0.031,-0.707,0.719
0.031,-0.703,0.715
0.027,-0.703,0.715
0.027,-0.711,0.715
0.039,-0.715,0.719
0.047,-0.715,0.723
0.043,-0.703,0.723
0.047,-0.699,0.727
0.047,-0.703,0.723
0.043,-0.707,0.723
0.035,-0.711,0.719
0.027,-0.719,0.723
0.027,-0.719,0.719
