0.176,-0.555,0.855
0.18,-0.559,0.855
0.18,-0.555,0.852
0.176,-0.551,0.855
0.176,-0.555,0.855
0.172,-0.559,0.855
0.16,-0.551,0.852
0.172,-0.559,0.852
0.172,-0.551,0.852
0.168,-0.551,0.848
0.168,-0.547,0.848
0.172,-0.551,0.848
0.172,-0.555,0.852
0.164,-0.559,0.855
0.16,-0.559,0.852
0.164,-0.559,0.848
0.164,-0.559,0.844
0.172,-0.559,0.848
0.176,-0.555,0.852
0.176,-0.555,0.855
0.168,-0.555,0.855
0.176,-0.551,0.855
0.18,-0.551,0.855
0.18,-0.547,0.855
0.18,-0.547,0.855
0.18,-0.547,0.852
0.176,-0.543,0.852
0.172,-0.543,0.852
0.168,-0.547,0.852
0.168,-0.551,0.855
0.168,-0.547,0.855
0.172,-0.551,0.855
0.176,-0.543,0.855
0.168,-0.547,0.859
0.168,-0.547,0.859
0.168,-0.547,0.859
0.168,-0.547,0.855
0.168,-0.547,0.852
0.168,-0.543,0.852
0.168,-0.539,0.855
0.168,-0.539,0.852
0.164,-0.539,0.852
0.164,-0.539,0.848
0.164,-0.535,0.852
0.172,-0.535,0.855
0.176,-0.531,0.855
0.176,-0.535,0.855
0.172,-0.535,0.859
0.168,-0.535,0.863
0.168,-0.543,0.859
0.172,-0.539,0.859
0.172,-0.535,0.859
0.168,-0.539,0.863
0.172,-0.539,0.859
0.18,-0.539,0.859
0.176,-0.535,0.859
0.172,-0.535,0.859
0.18,-0.539,0.871
0.172,-0.535,0.863
0.18,-0.531,0.859
0.18,-0.527,0.859
0.184,-0.527,0.859
0.18,-0.527,0.859
0.18,-0.531,0.863
0.176,-0.539,0.863
0.176,-0.531,0.859
0.176,-0.531,0.863
0.176,-0.531,0.863
0.172,-0.531,0.859
0.176,-0.527,0.863
0.184,-0.531,0.863
0.184,-0.531,0.859
0.18,-0.531,0.852
0.176,-0.535,0.855
0.18,-0.531,0.855
0.176,-0.535,0.855
0.18,-0.535,0.855
0.168,-0.531,0.855
0.168,-0.535,0.855
0.176,-0.535,0.855
0.176,-0.531,0.859
0.18,-0.531,0.859
0.18,-0.531,0.859
0.184,-0.535,0.859
0.184,-0.531,0.859
0.184,-0.531,0.863
0.172,-0.535,0.859
0.172,-0.535,0.859
0.172,-0.531,0.852
0.168,-0.539,0.848
0.172,-0.535,0.855
0.18,-0.531,0.855
0.18,-0.531,0.855
0.176,-0.535,0.859
0.18,-0.531,0.859
0.184,-0.531,0.859
0.176,-0.531,0.859
0.18,-0.535,0.863
0.184,-0.535,0.859
0.184,-0.535,0.859
0.18,-0.535,0.859
0.176,-0.531,0.859
0.176,-0.531,0.859
0.184,-0.527,0.859
0.184,-0.531,0.863
0.184,-0.531,0.863
0.176,-0.531,0.863
0.184,-0.535,0.863
0.18,-0.535,0.859
0.184,-0.531,0.855
0.184,-0.535,0.859
0.184,-0.531,0.859
0.184,-0.531,0.859
0.18,-0.527,0.859
0.184,-0.527,0.859
0.18,-0.527,0.852
0.184,-0.527,0.855
0.184,-0.531,0.855
0.184,-0.531,0.855
0.188,-0.527,0.855
0.191,-0.527,0.855
0.188,-0.527,0.859
0.188,-0.531,0.863
0.18,-0.531,0.863
0.18,-0.531,0.863
0.184,-0.535,0.859
0.184,-0.535,0.859
0.18,-0.531,0.859
0.18,-0.531,0.863
0.184,-0.531,0.867
0.184,-0.531,0.859
0.184,-0.535,0.855
0.184,-0.531,0.855
0.18,-0.531,0.859
0.184,-0.527,0.859
0.188,-0.527,0.855
0.184,-0.527,0.855
0.184,-0.527,0.855
0.184,-0.527,0.855
0.184,-0.527,0.855
0.188,-0.531,0.855
0.188,-0.535,0.859
0.188,-0.531,0.859
0.188,-0.531,0.863
0.188,-0.531,0.863
0.191,-0.527,0.863
0.188,-0.535,0.859
0.191,-0.531,0.859
0.195,-0.531,0.859
0.191,-0.531,0.859
0.188,-0.527,0.863
0.188,-0.527,0.863
0.184,-0.523,0.867
0.184,-0.527,0.867
0.188,-0.531,0.859
0.18,-0.531,0.863
0.172,-0.523,0.859
0.184,-0.527,0.871
0.18,-0.531,0.863
0.184,-0.527,0.859
0.184,-0.531,0.859
0.176,-0.527,0.863
0.18,-0.527,0.867
0.176,-0.527,0.867
0.18,-0.523,0.863
0.176,-0.527,0.859
0.18,-0.527,0.859
0.184,-0.527,0.859
0.188,-0.52,0.863
0.184,-0.52,0.863
0.184,-0.516,0.867
0.18,-0.516,0.863
0.184,-0.516,0.863
0.184,-0.52,0.859
0.184,-0.52,0.867
0.184,-0.52,0.867
0.188,-0.523,0.867
0.184,-0.523,0.863
0.184,-0.523,0.867
0.184,-0.527,0.867
0.184,-0.523,0.871
0.184,-0.523,0.871
0.184,-0.527,0.871
0.18,-0.523,0.871
0.18,-0.52,0.871
0.18,-0.523,0.867
0.176,-0.523,0.871
0.18,-0.523,0.871
0.184,-0.516,0.867
0.18,-0.516,0.863
0.176,-0.52,0.863
0.176,-0.523,0.863
0.176,-0.527,0.863
0.172,-0.527,0.863
0.172,-0.523,0.867
0.176,-0.52,0.867
0.164,-0.516,0.867
0.176,-0.52,0.871
0.18,-0.523,0.859
0.18,-0.527,0.859
0.184,-0.523,0.863
0.184,-0.527,0.863
0.18,-0.527,0.859
0.184,-0.52,0.859
0.191,-0.52,0.863
0.188,-0.52,0.863
0.176,-0.52,0.863
0.18,-0.523,0.871
0.184,-0.527,0.863
0.188,-0.523,0.859
0.188,-0.527,0.863
0.191,-0.527,0.867
0.188,-0.523,0.867
0.191,-0.523,0.867
0.191,-0.523,0.863
0.188,-0.523,0.863
0.188,-0.527,0.859
0.191,-0.523,0.859
0.188,-0.523,0.859
0.191,-0.523,0.859
0.191,-0.527,0.859
0.195,-0.523,0.855
0.191,-0.523,0.859
0.191,-0.52,0.859
0.188,-0.523,0.859
0.188,-0.523,0.859
0.188,-0.523,0.859
0.188,-0.527,0.867
0.184,-0.527,0.871
0.188,-0.527,0.863
0.188,-0.527,0.863
0.191,-0.523,0.863
0.191,-0.527,0.863
0.188,-0.527,0.859
0.188,-0.527,0.863
0.188,-0.523,0.859
0.184,-0.523,0.859
0.184,-0.527,0.859
0.188,-0.527,0.855
0.184,-0.527,0.855
0.184,-0.527,0.855
0.184,-0.523,0.855
0.188,-0.523,0.859
0.188,-0.527,0.859
0.188,-0.527,0.859
0.195,-0.527,0.863
0.195,-0.527,0.867
0.195,-0.527,0.863
0.195,-0.531,0.859
0.203,-0.531,0.867
0.199,-0.531,0.863
0.199,-0.531,0.863
0.195,-0.527,0.859
0.195,-0.527,0.863
0.199,-0.523,0.859
0.195,-0.527,0.859
0.184,-0.527,0.859
0.195,-0.531,0.859
0.195,-0.527,0.859
0.195,-0.527,0.859
0.188,-0.527,0.859
0.188,-0.523,0.863
0.191,-0.52,0.859
0.191,-0.516,0.859
0.195,-0.52,0.859
0.188,-0.523,0.859
0.188,-0.523,0.859
0.188,-0.523,0.859
0.191,-0.523,0.859
0.203,-0.516,0.859
0.199,-0.52,0.859
0.191,-0.516,0.859
0.191,-0.52,0.859
0.191,-0.52,0.859
0.195,-0.527,0.863
0.191,-0.523,0.863
0.188,-0.523,0.859
0.188,-0.52,0.863
0.188,-0.52,0.867
0.191,-0.516,0.871
0.188,-0.516,0.871
0.191,-0.52,0.867
0.188,-0.523,0.867
0.188,-0.523,0.871
0.188,-0.523,0.867
0.191,-0.523,0.867
0.191,-0.52,0.867
0.195,-0.523,0.871
0.195,-0.516,0.871
0.195,-0.52,0.863
0.195,-0.52,0.867
0.195,-0.52,0.863
0.195,-0.52,0.867
0.188,-0.523,0.867
0.195,-0.523,0.863
0.203,-0.523,0.867
0.199,-0.523,0.863
0.199,-0.52,0.867
0.203,-0.52,0.867
0.203,-0.52,0.863
0.203,-0.516,0.863
0.195,-0.523,0.867
0.188,-0.527,0.859
0.191,-0.523,0.859
0.191,-0.523,0.859
0.188,-0.523,0.859
0.188,-0.523,0.859
0.195,-0.523,0.859
0.188,-0.52,0.859
0.184,-0.527,0.859
0.184,-0.527,0.855
0.184,-0.527,0.855
0.184,-0.52,0.855
0.188,-0.527,0.859
0.188,-0.52,0.859
0.184,-0.523,0.859
0.184,-0.523,0.867
0.191,-0.523,0.863
0.188,-0.52,0.863
0.184,-0.523,0.867
0.188,-0.527,0.867
0.191,-0.527,0.863
0.195,-0.523,0.859
0.191,-0.523,0.867
0.184,-0.523,0.871
0.188,-0.523,0.875
0.191,-0.527,0.871
0.188,-0.523,0.871
0.188,-0.52,0.871
0.195,-0.516,0.871
0.195,-0.516,0.871
0.195,-0.52,0.871
0.199,-0.52,0.863
0.191,-0.52,0.867
0.188,-0.52,0.863
0.188,-0.52,0.871
0.188,-0.516,0.871
0.188,-0.52,0.871
0.191,-0.523,0.863
0.188,-0.523,0.867
0.188,-0.516,0.867
0.191,-0.52,0.867
0.191,-0.52,0.867
0.191,-0.523,0.863
0.191,-0.52,0.863
0.188,-0.523,0.867
0.188,-0.523,0.867
0.191,-0.52,0.863
0.191,-0.516,0.867
0.184,-0.516,0.867
0.188,-0.52,0.867
0.184,-0.523,0.867
0.18,-0.52,0.863
0.188,-0.52,0.867
0.188,-0.516,0.863
0.18,-0.52,0.867
0.18,-0.52,0.863
0.188,-0.52,0.871
0.18,-0.52,0.867
0.188,-0.523,0.867
0.191,-0.523,0.867
0.191,-0.523,0.867
0.188,-0.52,0.871
0.188,-0.52,0.867
0.188,-0.523,0.867
0.188,-0.523,0.867
0.188,-0.52,0.867
0.188,-0.516,0.863
0.184,-0.52,0.859
0.191,-0.52,0.859
0.188,-0.52,0.863
0.184,-0.52,0.867
0.184,-0.516,0.863
0.191,-0.52,0.863
0.188,-0.512,0.867
0.188,-0.508,0.863
0.184,-0.516,0.871
0.176,-0.516,0.871
0.184,-0.516,0.867
0.184,-0.516,0.863
0.184,-0.512,0.859
0.188,-0.508,0.863
0.191,-0.508,0.871
0.188,-0.508,0.871
0.184,-0.512,0.871
0.184,-0.516,0.875
0.184,-0.52,0.879
0.184,-0.516,0.875
0.184,-0.516,0.871
0.184,-0.516,0.863
0.188,-0.512,0.867
0.188,-0.516,0.867
0.188,-0.516,0.871
0.188,-0.516,0.875
0.195,-0.508,0.871
0.188,-0.508,0.871
0.188,-0.512,0.875
0.188,-0.512,0.871
0.188,-0.512,0.875
0.188,-0.512,0.871
0.191,-0.512,0.871
0.195,-0.516,0.871
0.188,-0.516,0.867
0.188,-0.508,0.871
0.188,-0.504,0.875
0.184,-0.504,0.879
0.176,-0.5,0.875
0.184,-0.508,0.879
0.184,-0.508,0.871
0.191,-0.504,0.871
0.195,-0.504,0.871
0.195,-0.504,0.875
0.191,-0.508,0.867
0.195,-0.504,0.867
0.191,-0.504,0.871
0.188,-0.5,0.875
0.188,-0.504,0.871
0.188,-0.512,0.875
0.188,-0.504,0.875
0.195,-0.5,0.875
0.191,-0.504,0.871
0.191,-0.504,0.871
0.191,-0.5,0.875
0.191,-0.504,0.867
0.191,-0.508,0.871
0.188,-0.512,0.871
0.191,-0.508,0.871
0.188,-0.5,0.871
0.188,-0.5,0.871
0.188,-0.504,0.875
0.188,-0.504,0.875
0.188,-0.504,0.875
0.188,-0.5,0.875
0.191,-0.5,0.883
0.191,-0.5,0.883
0.195,-0.5,0.879
0.195,-0.504,0.879
0.191,-0.5,0.879
0.191,-0.5,0.879
0.191,-0.504,0.883
0.188,-0.5,0.883
0.191,-0.504,0.883
0.191,-0.5,0.883
0.191,-0.5,0.879
0.195,-0.496,0.879
0.199,-0.5,0.879
0.199,-0.5,0.875
0.199,-0.504,0.875
0.199,-0.504,0.875
0.199,-0.508,0.875
0.199,-0.5,0.875
0.199,-0.5,0.879
0.191,-0.496,0.871
0.191,-0.496,0.871
0.191,-0.5,0.875
0.195,-0.504,0.875
0.188,-0.5,0.867
0.203,-0.504,0.879
0.199,-0.5,0.871
0.191,-0.496,0.871
0.195,-0.496,0.875
0.195,-0.496,0.875
0.195,-0.496,0.879
0.195,-0.5,0.871
0.191,-0.504,0.875
0.195,-0.508,0.879
0.199,-0.512,0.875
0.207,-0.504,0.875
0.203,-0.5,0.879
0.203,-0.496,0.883
0.203,-0.496,0.875
0.203,-0.496,0.875
0.203,-0.504,0.871
0.199,-0.504,0.875
0.195,-0.504,0.879
0.203,-0.508,0.875
0.207,-0.5,0.879
0.207,-0.496,0.879
0.211,-0.496,0.879
0.211,-0.5,0.883
0.203,-0.5,0.875
0.203,-0.5,0.875
0.203,-0.496,0.875
0.195,-0.5,0.875
0.199,-0.504,0.879
0.203,-0.504,0.879
0.199,-0.5,0.879
0.203,-0.5,0.875
0.207,-0.5,0.875
0.199,-0.5,0.871
0.199,-0.5,0.867
0.191,-0.504,0.863
0.195,-0.5,0.863
0.195,-0.508,0.867
0.199,-0.5,0.871
0.203,-0.5,0.875
0.199,-0.504,0.867
0.203,-0.508,0.867
0.203,-0.512,0.867
0.203,-0.512,0.867
0.211,-0.516,0.867
0.215,-0.52,0.871
0.211,-0.52,0.871
0.211,-0.52,0.871
0.211,-0.516,0.871
0.203,-0.516,0.863
0.199,-0.516,0.863
0.207,-0.52,0.859
0.211,-0.52,0.859
0.215,-0.52,0.859
0.215,-0.516,0.855
0.211,-0.52,0.855
0.211,-0.523,0.852
0.215,-0.527,0.855
0.215,-0.527,0.855
0.215,-0.527,0.859
0.211,-0.523,0.859
0.215,-0.512,0.859
0.211,-0.516,0.867
0.211,-0.52,0.867
0.215,-0.516,0.867
0.211,-0.52,0.867
0.207,-0.523,0.867
0.207,-0.527,0.859
0.211,-0.523,0.863
0.211,-0.52,0.859
0.211,-0.523,0.859
0.207,-0.527,0.859
0.211,-0.527,0.859
0.211,-0.523,0.859
0.203,-0.523,0.859
0.207,-0.527,0.859
0.207,-0.527,0.859
0.203,-0.527,0.859
0.207,-0.527,0.859
0.207,-0.527,0.859
0.203,-0.527,0.859
0.199,-0.527,0.863
0.203,-0.523,0.867
0.207,-0.52,0.863
0.207,-0.523,0.867
0.211,-0.523,0.883
0.207,-0.527,0.879
0.211,-0.52,0.887
0.215,-0.508,0.895
0.211,-0.496,0.895
0.211,-0.484,0.902
0.215,-0.477,0.914
0.211,-0.461,0.914
0.203,-0.461,0.926
0.207,-0.457,0.926
0.207,-0.465,0.926
0.188,-0.469,0.926
0.16,-0.473,0.922
0.141,-0.477,0.918
0.113,-0.488,0.91
0.086,-0.492,0.902
0.082,-0.508,0.898
0.07,-0.512,0.879
0.055,-0.52,0.871
0.047,-0.539,0.855
0.031,-0.566,0.836
0.016,-0.594,0.824
0.004,-0.609,0.813
-0.008,-0.617,0.809
-0.008,-0.633,0.793
0.012,-0.637,0.785
0.027,-0.645,0.781
0.043,-0.648,0.781
0.055,-0.652,0.781
0.063,-0.641,0.781
0.059,-0.625,0.789
0.059,-0.598,0.793
0.063,-0.57,0.801
0.063,-0.547,0.813
0.082,-0.531,0.816
0.094,-0.527,0.813
0.094,-0.523,0.809
0.09,-0.527,0.797
0.098,-0.531,0.793
0.105,-0.531,0.797
0.113,-0.531,0.793
0.113,-0.527,0.809
0.105,-0.531,0.82
0.094,-0.551,0.828
0.09,-0.563,0.84
0.09,-0.578,0.848
0.094,-0.594,0.863
0.098,-0.617,0.871
0.098,-0.633,0.879
0.094,-0.645,0.891
0.102,-0.637,0.91
0.109,-0.629,0.922
0.125,-0.617,0.934
0.145,-0.613,0.938
0.148,-0.617,0.941
0.152,-0.613,0.941
0.145,-0.602,0.938
0.141,-0.594,0.934
0.137,-0.578,0.93
0.133,-0.574,0.91
0.125,-0.578,0.887
0.117,-0.586,0.867
0.113,-0.59,0.855
0.105,-0.594,0.859
0.113,-0.598,0.871
0.133,-0.605,0.895
0.18,-0.613,0.922
0.219,-0.617,0.945
0.254,-0.605,0.953
0.266,-0.578,0.977
0.25,-0.543,1
0.219,-0.492,1.008
0.195,-0.438,1.004
0.176,-0.375,1.004
0.184,-0.324,0.996
0.207,-0.293,0.965
0.227,-0.289,0.93
0.23,-0.32,0.898
0.234,-0.352,0.867
0.234,-0.379,0.859
0.242,-0.402,0.859
0.25,-0.426,0.859
0.242,-0.449,0.859
0.227,-0.488,0.871
0.219,-0.512,0.879
0.203,-0.539,0.883
0.184,-0.555,0.887
0.168,-0.563,0.891
0.156,-0.57,0.895
0.156,-0.566,0.895
0.156,-0.566,0.887
0.156,-0.543,0.875
0.141,-0.531,0.859
0.121,-0.527,0.84
0.102,-0.527,0.828
0.098,-0.539,0.816
0.105,-0.551,0.809
0.113,-0.566,0.801
0.121,-0.57,0.789
0.121,-0.57,0.77
0.117,-0.574,0.762
0.117,-0.574,0.746
0.117,-0.578,0.742
0.125,-0.57,0.738
0.141,-0.551,0.746
0.168,-0.523,0.762
0.188,-0.492,0.781
0.203,-0.477,0.809
0.211,-0.473,0.832
0.211,-0.484,0.848
0.207,-0.504,0.855
0.195,-0.535,0.863
0.203,-0.57,0.863
0.211,-0.605,0.855
0.223,-0.641,0.84
0.234,-0.66,0.813
0.262,-0.676,0.797
0.27,-0.691,0.777
0.281,-0.711,0.758
0.281,-0.738,0.762
0.262,-0.813,0.801
0.215,-0.867,0.844
0.137,-0.816,0.879
0.059,-0.699,0.961
0.027,-0.547,1.082
0.023,-0.414,1.133
0,-0.355,1.117
-0.059,-0.371,1.051
-0.129,-0.395,0.953
-0.191,-0.406,0.855
-0.207,-0.41,0.793
-0.168,-0.438,0.777
-0.105,-0.492,0.789
-0.047,-0.551,0.809
-0.016,-0.586,0.813
-0.012,-0.594,0.824
-0.012,-0.57,0.844
-0.012,-0.527,0.867
-0.008,-0.504,0.875
0,-0.5,0.887
0.02,-0.508,0.883
0.047,-0.523,0.871
0.059,-0.535,0.855
0.059,-0.531,0.855
0.059,-0.527,0.848
0.059,-0.516,0.84
0.051,-0.504,0.84
0.051,-0.496,0.844
0.059,-0.496,0.836
0.07,-0.512,0.82
0.082,-0.523,0.813
0.09,-0.531,0.805
0.094,-0.547,0.797
0.098,-0.559,0.793
0.086,-0.578,0.793
0.078,-0.594,0.785
0.078,-0.613,0.781
0.082,-0.629,0.777
0.086,-0.637,0.781
0.07,-0.641,0.785
0.063,-0.641,0.797
0.063,-0.641,0.805
0.066,-0.656,0.801
0.07,-0.664,0.797
0.078,-0.664,0.801
0.066,-0.648,0.809
0.066,-0.629,0.824
0.059,-0.609,0.836
0.043,-0.605,0.828
0.031,-0.617,0.813
0.023,-0.633,0.793
0.027,-0.648,0.777
0.031,-0.664,0.75
0.035,-0.691,0.727
0.035,-0.711,0.703
0.039,-0.73,0.684
0.074,-0.762,0.727
0.207,-0.773,0.766
0.371,-0.719,0.824
0.441,-0.633,0.938
0.43,-0.539,1.059
0.359,-0.484,1.164
0.266,-0.484,1.223
0.184,-0.512,1.203
0.16,-0.527,1.148
0.172,-0.512,1.102
0.172,-0.48,1.066
0.152,-0.477,1.039
0.137,-0.5,1.023
0.141,-0.52,1.004
0.148,-0.527,0.98
0.137,-0.52,0.961
0.117,-0.492,0.949
0.082,-0.473,0.93
0.055,-0.457,0.91
0.043,-0.438,0.895
0.027,-0.422,0.879
0.023,-0.402,0.852
0.02,-0.402,0.82
0.02,-0.406,0.805
0.035,-0.414,0.789
0.051,-0.438,0.789
0.066,-0.453,0.785
0.074,-0.48,0.797
0.086,-0.508,0.805
0.105,-0.543,0.805
0.113,-0.574,0.801
0.121,-0.59,0.801
0.125,-0.598,0.801
0.129,-0.609,0.785
0.133,-0.609,0.77
0.141,-0.602,0.762
0.148,-0.59,0.754
0.16,-0.57,0.754
0.16,-0.559,0.762
0.164,-0.547,0.766
0.18,-0.551,0.777
0.168,-0.559,0.785
0.168,-0.566,0.801
0.168,-0.59,0.805
0.16,-0.625,0.801
0.152,-0.668,0.793
0.148,-0.691,0.781
0.16,-0.719,0.762
0.18,-0.734,0.746
0.191,-0.727,0.73
0.191,-0.703,0.723
0.176,-0.684,0.719
0.168,-0.695,0.727
0.164,-0.758,0.754
0.137,-0.91,0.797
0.063,-1.016,0.734
-0.027,-0.98,0.719
-0.039,-0.836,0.844
0.027,-0.609,1.055
0.066,-0.379,1.223
0.055,-0.242,1.238
0.008,-0.234,1.141
-0.063,-0.301,1.012
-0.105,-0.391,0.895
-0.09,-0.43,0.832
-0.051,-0.461,0.84
-0.004,-0.496,0.855
0.035,-0.516,0.863
0.066,-0.523,0.867
0.082,-0.52,0.871
0.086,-0.504,0.883
0.082,-0.488,0.895
0.074,-0.473,0.906
0.066,-0.461,0.906
0.059,-0.461,0.902
0.063,-0.469,0.898
0.07,-0.492,0.895
0.078,-0.5,0.895
0.09,-0.496,0.891
0.086,-0.492,0.879
0.066,-0.504,0.867
0.043,-0.52,0.859
0.031,-0.547,0.855
0.043,-0.574,0.848
0.07,-0.59,0.832
0.09,-0.598,0.824
0.094,-0.602,0.82
0.078,-0.605,0.816
0.063,-0.609,0.797
0.023,-0.617,0.77
0.023,-0.617,0.754
0.02,-0.602,0.738
0.027,-0.574,0.727
0.031,-0.543,0.73
0.043,-0.523,0.738
0.035,-0.508,0.746
0.031,-0.5,0.738
0.02,-0.5,0.73
0.004,-0.5,0.738
-0.02,-0.512,0.746
-0.043,-0.539,0.734
-0.059,-0.609,0.695
-0.066,-0.656,0.637
-0.086,-0.691,0.59
-0.078,-0.727,0.633
0.082,-0.723,0.777
0.379,-0.695,0.926
0.559,-0.645,1.039
0.52,-0.594,1.156
0.418,-0.555,1.262
0.313,-0.555,1.297
0.254,-0.582,1.281
0.281,-0.582,1.238
0.344,-0.59,1.191
0.359,-0.602,1.141
0.309,-0.625,1.098
0.23,-0.648,1.063
0.184,-0.652,1.027
0.156,-0.641,0.996
0.156,-0.621,0.969
0.152,-0.594,0.93
0.148,-0.563,0.895
0.148,-0.535,0.863
0.141,-0.512,0.828
0.129,-0.504,0.793
0.117,-0.5,0.762
0.098,-0.488,0.734
0.078,-0.488,0.707
0.063,-0.492,0.684
0.043,-0.496,0.672
0.023,-0.508,0.66
0.016,-0.512,0.652
0.023,-0.523,0.656
0.051,-0.539,0.656
0.086,-0.551,0.645
0.105,-0.57,0.645
0.113,-0.59,0.648
0.117,-0.605,0.66
0.129,-0.613,0.672
0.129,-0.617,0.688
0.145,-0.613,0.707
0.148,-0.605,0.727
0.152,-0.602,0.742
0.152,-0.59,0.758
0.16,-0.59,0.781
0.176,-0.605,0.805
0.195,-0.621,0.813
0.207,-0.648,0.809
0.211,-0.684,0.797
0.223,-0.707,0.777
0.23,-0.73,0.758
0.242,-0.738,0.746
0.242,-0.738,0.75
0.203,-0.773,0.797
0.125,-0.813,0.836
0.023,-0.785,0.855
-0.066,-0.719,0.922
-0.09,-0.617,1.02
-0.086,-0.512,1.082
-0.082,-0.438,1.086
-0.09,-0.426,1.051
-0.117,-0.445,0.977
-0.141,-0.469,0.91
-0.141,-0.5,0.867
-0.102,-0.551,0.844
-0.043,-0.598,0.836
0.02,-0.641,0.852
0.055,-0.656,0.871
0.066,-0.645,0.887
0.063,-0.637,0.91
0.07,-0.625,0.922
0.086,-0.598,0.926
0.098,-0.57,0.922
0.105,-0.543,0.906
0.102,-0.531,0.895
0.105,-0.527,0.867
0.121,-0.535,0.844
0.137,-0.535,0.82
0.148,-0.535,0.797
0.16,-0.531,0.785
0.164,-0.516,0.781
0.168,-0.504,0.777
0.16,-0.516,0.777
0.152,-0.539,0.762
0.148,-0.555,0.75
0.145,-0.563,0.75
0.141,-0.563,0.754
0.137,-0.563,0.754
0.141,-0.563,0.754
0.133,-0.57,0.754
0.129,-0.586,0.758
0.109,-0.594,0.754
0.09,-0.602,0.754
0.074,-0.602,0.762
0.066,-0.594,0.785
0.059,-0.586,0.805
0.047,-0.59,0.805
0.039,-0.602,0.793
0.023,-0.617,0.785
-0.008,-0.617,0.777
-0.035,-0.629,0.773
-0.059,-0.652,0.75
-0.074,-0.691,0.719
-0.086,-0.762,0.742
-0.004,-0.832,0.816
0.195,-0.832,0.871
0.34,-0.773,0.941
0.363,-0.695,1.047
0.328,-0.563,1.148
0.281,-0.465,1.211
0.227,-0.461,1.195
0.191,-0.496,1.141
0.211,-0.523,1.078
0.23,-0.535,1.035
0.227,-0.531,0.988
0.199,-0.539,0.961
0.176,-0.551,0.949
0.172,-0.559,0.945
0.168,-0.57,0.93
0.145,-0.563,0.902
0.098,-0.539,0.887
0.059,-0.512,0.875
0.055,-0.5,0.855
0.066,-0.496,0.828
0.09,-0.488,0.801
0.102,-0.48,0.777
0.109,-0.473,0.762
0.105,-0.461,0.754
0.098,-0.465,0.746
0.09,-0.477,0.738
0.09,-0.488,0.738
0.098,-0.508,0.738
0.105,-0.535,0.73
0.109,-0.566,0.723
0.113,-0.566,0.719
0.125,-0.578,0.715
0.133,-0.598,0.707
0.133,-0.629,0.691
0.137,-0.641,0.68
0.121,-0.664,0.676
0.137,-0.664,0.688
0.152,-0.645,0.703
0.172,-0.629,0.73
0.195,-0.609,0.762
0.203,-0.59,0.797
0.207,-0.582,0.828
0.207,-0.594,0.848
0.203,-0.621,0.863
0.191,-0.664,0.867
0.188,-0.688,0.852
0.188,-0.699,0.836
0.191,-0.695,0.805
0.199,-0.668,0.77
0.199,-0.641,0.738
0.164,-0.652,0.746
0.078,-0.727,0.801
-0.027,-0.711,0.809
-0.129,-0.637,0.848
-0.18,-0.547,0.938
-0.176,-0.457,1.055
-0.172,-0.363,1.113
-0.18,-0.316,1.094
-0.191,-0.371,1.043
-0.184,-0.453,0.992
-0.145,-0.535,0.969
-0.078,-0.625,0.973
0.016,-0.695,0.98
0.098,-0.699,0.988
0.137,-0.66,0.996
0.137,-0.613,0.988
0.125,-0.574,0.988
0.117,-0.559,0.977
0.121,-0.547,0.953
0.133,-0.531,0.93
0.145,-0.516,0.91
0.156,-0.504,0.891
0.16,-0.5,0.867
0.152,-0.492,0.844
0.137,-0.496,0.816
0.133,-0.5,0.797
0.125,-0.496,0.789
0.121,-0.492,0.781
0.113,-0.492,0.777
0.109,-0.496,0.762
0.109,-0.512,0.758
0.105,-0.539,0.738
0.094,-0.555,0.727
0.078,-0.582,0.719
0.055,-0.594,0.707
0.02,-0.586,0.707
0.008,-0.574,0.727
0,-0.551,0.734
-0.008,-0.527,0.758
-0.016,-0.523,0.773
-0.027,-0.535,0.781
-0.027,-0.559,0.777
-0.016,-0.582,0.781
-0.012,-0.582,0.785
-0.016,-0.582,0.785
-0.035,-0.602,0.785
-0.055,-0.652,0.766
-0.07,-0.727,0.727
-0.086,-0.793,0.676
-0.086,-0.859,0.652
-0.035,-0.93,0.707
0.164,-0.922,0.816
0.379,-0.816,0.922
0.418,-0.707,1.07
0.371,-0.582,1.215
0.293,-0.496,1.301
0.18,-0.504,1.273
0.125,-0.539,1.195
0.176,-0.539,1.141
0.246,-0.508,1.109
0.273,-0.484,1.051
0.25,-0.469,1
0.215,-0.477,0.977
0.188,-0.496,0.961
0.18,-0.512,0.945
0.16,-0.496,0.922
0.125,-0.461,0.906
0.098,-0.426,0.898
0.09,-0.406,0.887
0.094,-0.398,0.867
0.094,-0.418,0.836
0.086,-0.434,0.797
0.074,-0.441,0.777
0.078,-0.438,0.766
0.09,-0.43,0.754
0.09,-0.441,0.742
0.09,-0.457,0.738
0.086,-0.477,0.734
0.086,-0.508,0.742
0.09,-0.531,0.734
0.094,-0.566,0.727
0.094,-0.602,0.715
0.113,-0.621,0.703
0.129,-0.625,0.691
0.141,-0.633,0.688
0.133,-0.633,0.688
0.137,-0.633,0.695
0.145,-0.621,0.707
0.168,-0.609,0.734
0.184,-0.609,0.762
0.188,-0.625,0.789
0.184,-0.656,0.801
0.168,-0.691,0.793
0.152,-0.73,0.781
0.141,-0.762,0.777
0.148,-0.789,0.781
0.164,-0.813,0.785
0.18,-0.855,0.785
0.156,-0.93,0.785
0.094,-0.996,0.785
0.02,-0.926,0.785
-0.023,-0.793,0.895
-0.043,-0.625,1.02
-0.059,-0.477,1.098
-0.086,-0.391,1.105
-0.105,-0.402,1.078
-0.109,-0.469,1.023
-0.133,-0.523,0.949
-0.148,-0.547,0.891
-0.133,-0.539,0.848
-0.082,-0.531,0.828
-0.023,-0.531,0.836
0.043,-0.535,0.855
0.105,-0.539,0.883
0.141,-0.535,0.891
0.152,-0.527,0.898
0.156,-0.508,0.906
0.152,-0.484,0.906
0.156,-0.469,0.906
0.148,-0.469,0.902
0.137,-0.469,0.883
0.125,-0.469,0.867
0.105,-0.469,0.859
0.098,-0.48,0.848
0.109,-0.488,0.832
0.117,-0.492,0.824
0.129,-0.5,0.809
0.137,-0.508,0.789
0.129,-0.516,0.781
0.125,-0.523,0.766
0.109,-0.527,0.758
0.098,-0.531,0.758
0.09,-0.531,0.75
0.074,-0.539,0.742
0.066,-0.543,0.73
0.051,-0.551,0.727
0.051,-0.566,0.738
0.035,-0.59,0.738
0.031,-0.625,0.742
0.02,-0.664,0.73
0,-0.695,0.711
-0.012,-0.711,0.691
-0.027,-0.715,0.699
-0.039,-0.727,0.711
-0.055,-0.742,0.699
-0.078,-0.777,0.664
-0.078,-0.824,0.625
-0.039,-0.891,0.66
0.117,-0.922,0.73
0.344,-0.891,0.832
0.43,-0.793,0.938
0.359,-0.688,1.066
0.262,-0.594,1.176
0.199,-0.535,1.215
0.16,-0.523,1.184
0.168,-0.543,1.133
0.215,-0.57,1.074
0.238,-0.59,1.016
0.223,-0.617,0.961
0.184,-0.629,0.934
0.16,-0.621,0.926
0.16,-0.605,0.922
0.164,-0.586,0.906
0.152,-0.57,0.875
0.133,-0.547,0.859
0.105,-0.523,0.84
0.102,-0.512,0.816
0.105,-0.504,0.793
0.113,-0.492,0.766
0.113,-0.48,0.738
0.113,-0.469,0.719
0.102,-0.461,0.703
0.098,-0.469,0.688
0.098,-0.488,0.676
0.09,-0.512,0.676
0.094,-0.539,0.68
0.109,-0.566,0.684
0.133,-0.59,0.684
0.148,-0.625,0.68
0.152,-0.641,0.68
0.148,-0.656,0.68
0.145,-0.652,0.684
0.148,-0.652,0.695
0.156,-0.645,0.707
0.168,-0.637,0.727
0.168,-0.633,0.75
0.176,-0.637,0.77
0.172,-0.645,0.773
0.184,-0.66,0.773
0.199,-0.68,0.77
0.227,-0.695,0.758
0.238,-0.703,0.746
0.242,-0.695,0.742
0.23,-0.699,0.762
0.203,-0.766,0.82
0.121,-0.852,0.836
-0.004,-0.809,0.797
-0.133,-0.727,0.855
-0.18,-0.602,0.977
-0.16,-0.469,1.082
-0.148,-0.414,1.105
-0.148,-0.43,1.07
-0.141,-0.48,1.008
-0.137,-0.52,0.953
-0.109,-0.559,0.934
-0.066,-0.613,0.93
-0.008,-0.668,0.918
0.039,-0.703,0.922
0.07,-0.688,0.934
0.09,-0.648,0.949
0.094,-0.609,0.945
0.105,-0.578,0.938
0.121,-0.551,0.93
0.121,-0.539,0.914
0.117,-0.535,0.887
0.113,-0.535,0.855
0.109,-0.531,0.828
0.113,-0.527,0.805
0.121,-0.508,0.801
0.121,-0.508,0.793
0.125,-0.508,0.777
0.125,-0.516,0.766
0.129,-0.516,0.758
0.125,-0.527,0.742
0.113,-0.539,0.73
0.105,-0.539,0.73
0.09,-0.539,0.738
0.078,-0.543,0.746
0.07,-0.555,0.746
0.063,-0.574,0.746
0.059,-0.59,0.75
0.059,-0.617,0.75
0.043,-0.637,0.742
0.027,-0.645,0.734
0.012,-0.668,0.719
-0.02,-0.699,0.699
-0.031,-0.703,0.695
-0.039,-0.711,0.703
-0.035,-0.719,0.723
-0.035,-0.742,0.73
-0.047,-0.777,0.719
-0.055,-0.816,0.699
-0.066,-0.844,0.664
-0.07,-0.855,0.645
-0.051,-0.875,0.684
0.09,-0.875,0.754
0.289,-0.805,0.813
0.391,-0.715,0.898
0.352,-0.617,1.031
0.285,-0.508,1.148
0.207,-0.465,1.207
0.141,-0.5,1.184
0.141,-0.555,1.129
0.195,-0.582,1.094
0.23,-0.586,1.031
0.219,-0.566,0.973
0.176,-0.547,0.949
0.152,-0.539,0.941
0.145,-0.551,0.93
0.133,-0.555,0.902
0.098,-0.543,0.879
0.063,-0.516,0.867
0.043,-0.488,0.855
0.031,-0.488,0.828
0.031,-0.48,0.805
0.031,-0.473,0.777
0.043,-0.473,0.75
0.059,-0.473,0.73
0.063,-0.477,0.703
0.059,-0.488,0.691
0.043,-0.496,0.684
0.035,-0.516,0.68
0.047,-0.539,0.691
0.074,-0.566,0.688
0.098,-0.59,0.691
0.121,-0.621,0.695
0.137,-0.641,0.699
0.145,-0.656,0.691
0.148,-0.676,0.688
0.148,-0.672,0.691
0.148,-0.66,0.711
0.16,-0.648,0.73
0.176,-0.645,0.746
0.184,-0.648,0.758
0.188,-0.652,0.777
0.191,-0.652,0.797
0.223,-0.684,0.805
0.234,-0.711,0.797
0.227,-0.734,0.781
0.211,-0.758,0.777
0.207,-0.773,0.77
0.215,-0.777,0.754
0.207,-0.809,0.738
0.168,-0.891,0.746
0.07,-0.98,0.738
-0.055,-0.934,0.691
-0.141,-0.809,0.777
-0.113,-0.629,0.934
-0.059,-0.477,1.066
-0.039,-0.395,1.121
-0.051,-0.402,1.105
-0.078,-0.445,1.055
-0.129,-0.492,0.98
-0.145,-0.508,0.926
-0.137,-0.523,0.887
-0.094,-0.555,0.871
-0.035,-0.59,0.875
0.012,-0.602,0.891
0.051,-0.586,0.906
0.082,-0.563,0.918
0.102,-0.535,0.918
0.121,-0.512,0.918
0.133,-0.488,0.914
0.125,-0.469,0.902
0.105,-0.461,0.891
0.086,-0.457,0.879
0.074,-0.453,0.863
0.074,-0.453,0.84
0.09,-0.457,0.82
0.105,-0.461,0.813
0.121,-0.465,0.809
0.133,-0.465,0.809
0.141,-0.477,0.801
0.133,-0.492,0.781
0.125,-0.512,0.762
0.109,-0.531,0.742
0.082,-0.559,0.73
0.066,-0.574,0.738
0.066,-0.594,0.746
0.078,-0.605,0.754
0.09,-0.617,0.766
0.098,-0.625,0.777
0.086,-0.629,0.793
0.063,-0.633,0.801
0.043,-0.637,0.813
0.012,-0.637,0.801
0.008,-0.645,0.801
-0.008,-0.645,0.789
-0.02,-0.645,0.777
-0.035,-0.656,0.762
-0.043,-0.688,0.742
-0.051,-0.727,0.707
-0.043,-0.738,0.641
-0.031,-0.734,0.613
-0.008,-0.766,0.668
0.133,-0.777,0.766
0.355,-0.742,0.883
0.438,-0.707,0.984
0.352,-0.664,1.105
0.25,-0.582,1.238
0.184,-0.531,1.301
0.137,-0.531,1.262
0.133,-0.559,1.199
0.16,-0.598,1.148
0.18,-0.617,1.082
0.16,-0.625,1.012
0.125,-0.625,0.961
0.117,-0.613,0.941
0.133,-0.602,0.926
0.16,-0.602,0.898
0.16,-0.59,0.859
0.141,-0.563,0.836
0.105,-0.527,0.82
0.074,-0.496,0.809
0.063,-0.48,0.781
0.059,-0.477,0.754
0.051,-0.477,0.727
0.047,-0.469,0.699
0.043,-0.465,0.688
0.047,-0.469,0.672
0.051,-0.48,0.66
0.059,-0.508,0.648
0.086,-0.539,0.637
0.105,-0.582,0.637
0.121,-0.609,0.637
0.121,-0.629,0.633
0.133,-0.637,0.633
0.137,-0.648,0.637
0.145,-0.66,0.652
0.16,-0.664,0.664
0.18,-0.68,0.688
0.203,-0.691,0.703
0.223,-0.699,0.711
0.242,-0.684,0.719
0.258,-0.656,0.75
0.262,-0.648,0.785
0.273,-0.668,0.805
0.277,-0.707,0.781
0.281,-0.762,0.754
0.27,-0.805,0.734
0.254,-0.828,0.727
0.211,-0.879,0.766
0.129,-0.992,0.793
-0.012,-0.977,0.734
-0.141,-0.871,0.789
-0.168,-0.734,0.949
-0.129,-0.582,1.094
-0.098,-0.477,1.164
-0.082,-0.461,1.121
-0.094,-0.48,1.035
-0.137,-0.504,0.973
-0.176,-0.531,0.926
-0.191,-0.57,0.891
-0.152,-0.609,0.871
-0.066,-0.613,0.879
0.008,-0.609,0.895
0.059,-0.578,0.898
0.086,-0.543,0.895
0.098,-0.516,0.887
0.113,-0.496,0.875
0.125,-0.484,0.863
0.141,-0.48,0.848
0.148,-0.484,0.832
0.148,-0.488,0.82
0.145,-0.484,0.813
0.137,-0.496,0.797
0.129,-0.496,0.797
0.125,-0.496,0.793
0.121,-0.496,0.777
0.125,-0.5,0.77
0.129,-0.516,0.762
0.125,-0.539,0.746
0.117,-0.559,0.73
0.105,-0.57,0.715
0.098,-0.59,0.707
0.082,-0.594,0.707
0.074,-0.598,0.715
0.086,-0.598,0.738
0.094,-0.602,0.754
0.078,-0.613,0.758
0.055,-0.625,0.773
0.039,-0.633,0.797
0.027,-0.633,0.805
0.008,-0.645,0.793
-0.008,-0.648,0.797
-0.035,-0.645,0.797
-0.047,-0.664,0.789
-0.047,-0.707,0.758
-0.039,-0.77,0.707
-0.039,-0.824,0.645
-0.031,-0.859,0.621
0.043,-0.879,0.672
0.219,-0.84,0.781
0.367,-0.758,0.891
0.371,-0.672,1.004
0.316,-0.586,1.109
0.254,-0.523,1.191
0.191,-0.523,1.211
0.164,-0.563,1.18
0.191,-0.582,1.133
0.223,-0.574,1.078
0.211,-0.566,1.027
0.172,-0.582,0.992
0.152,-0.594,0.973
0.148,-0.594,0.945
0.137,-0.586,0.914
0.109,-0.559,0.898
0.078,-0.527,0.883
0.07,-0.496,0.867
0.066,-0.477,0.844
0.063,-0.469,0.813
0.063,-0.465,0.781
0.074,-0.457,0.758
0.074,-0.453,0.73
0.066,-0.445,0.711
0.051,-0.438,0.691
0.039,-0.449,0.684
0.043,-0.461,0.676
0.051,-0.488,0.668
0.059,-0.523,0.664
0.078,-0.555,0.668
0.109,-0.59,0.672
0.133,-0.617,0.672
0.137,-0.641,0.672
0.133,-0.664,0.672
0.125,-0.68,0.68
0.121,-0.684,0.684
0.121,-0.695,0.699
0.148,-0.703,0.715
0.164,-0.707,0.727
0.184,-0.703,0.746
0.207,-0.691,0.77
0.219,-0.684,0.797
0.227,-0.691,0.801
0.223,-0.73,0.785
0.203,-0.77,0.766
0.215,-0.797,0.762
0.215,-0.813,0.773
0.184,-0.871,0.82
0.102,-0.934,0.84
0.012,-0.883,0.813
-0.047,-0.773,0.906
-0.059,-0.613,1.031
-0.07,-0.469,1.121
-0.109,-0.402,1.137
-0.137,-0.398,1.078
-0.156,-0.418,1.008
-0.164,-0.441,0.949
-0.141,-0.465,0.902
-0.117,-0.504,0.871
-0.074,-0.547,0.844
-0.031,-0.582,0.848
0.004,-0.586,0.867
0.031,-0.555,0.891
0.059,-0.52,0.914
0.09,-0.512,0.922
0.121,-0.504,0.926
0.133,-0.5,0.922
0.125,-0.488,0.91
0.121,-0.477,0.902
0.121,-0.469,0.891
0.121,-0.461,0.883
0.129,-0.461,0.871
0.133,-0.465,0.859
0.133,-0.477,0.84
0.133,-0.484,0.816
0.125,-0.492,0.801
0.117,-0.492,0.777
0.105,-0.492,0.766
0.094,-0.496,0.75
0.09,-0.508,0.75
0.086,-0.527,0.75
0.09,-0.555,0.754
0.098,-0.578,0.75
0.098,-0.594,0.754
0.082,-0.598,0.766
0.051,-0.598,0.781
0.027,-0.602,0.801
0.012,-0.621,0.816
0.012,-0.641,0.82
0.008,-0.672,0.809
0.008,-0.695,0.785
0.016,-0.711,0.77
0.02,-0.723,0.766
0.004,-0.73,0.758
-0.027,-0.742,0.742
-0.035,-0.766,0.723
-0.039,-0.793,0.668
-0.031,-0.824,0.645
0.031,-0.855,0.691
0.211,-0.824,0.766
0.379,-0.754,0.863
0.379,-0.664,0.977
0.297,-0.57,1.09
0.234,-0.504,1.184
0.176,-0.508,1.195
0.148,-0.539,1.148
0.164,-0.543,1.117
0.191,-0.539,1.09
0.207,-0.551,1.039
0.195,-0.559,0.988
0.16,-0.563,0.961
0.125,-0.57,0.941
0.113,-0.57,0.934
0.117,-0.566,0.922
0.113,-0.555,0.91
0.102,-0.531,0.902
0.078,-0.504,0.895
0.063,-0.48,0.871
0.051,-0.48,0.84
0.055,-0.484,0.805
0.055,-0.488,0.773
0.055,-0.48,0.746
0.059,-0.477,0.727
0.047,-0.477,0.707
0.043,-0.484,0.691
0.039,-0.5,0.684
0.047,-0.52,0.68
0.063,-0.543,0.68
0.086,-0.574,0.68
0.105,-0.598,0.68
0.109,-0.621,0.676
0.125,-0.633,0.676
0.137,-0.648,0.684
0.152,-0.637,0.695
0.164,-0.629,0.723
0.164,-0.609,0.746
0.164,-0.586,0.781
0.176,-0.57,0.816
0.176,-0.57,0.84
0.191,-0.586,0.852
0.203,-0.609,0.855
0.211,-0.633,0.852
0.219,-0.648,0.84
0.23,-0.66,0.828
0.23,-0.664,0.824
0.242,-0.668,0.836
0.227,-0.699,0.852
0.148,-0.793,0.883
0.023,-0.793,0.871
-0.105,-0.727,0.914
-0.16,-0.594,1.023
-0.133,-0.461,1.109
-0.09,-0.387,1.129
-0.082,-0.375,1.07
-0.098,-0.402,1.008
-0.125,-0.449,0.957
-0.137,-0.492,0.926
-0.121,-0.527,0.898
-0.074,-0.578,0.887
-0.02,-0.613,0.895
0.023,-0.625,0.91
0.043,-0.598,0.922
0.051,-0.566,0.934
0.074,-0.539,0.934
0.09,-0.527,0.926
0.102,-0.523,0.91
0.102,-0.52,0.895
0.098,-0.523,0.871
0.102,-0.523,0.852
0.105,-0.52,0.836
0.113,-0.512,0.816
0.109,-0.504,0.797
0.109,-0.508,0.785
0.109,-0.508,0.777
0.109,-0.516,0.773
0.109,-0.523,0.766
0.113,-0.539,0.754
0.105,-0.551,0.738
0.082,-0.555,0.738
0.066,-0.539,0.754
0.059,-0.535,0.785
0.059,-0.551,0.801
0.055,-0.559,0.813
0.043,-0.566,0.82
0.031,-0.574,0.828
0.027,-0.594,0.82
0.008,-0.617,0.789
-0.004,-0.641,0.762
-0.023,-0.66,0.738
-0.035,-0.66,0.727
-0.043,-0.652,0.73
-0.043,-0.648,0.73
-0.051,-0.672,0.73
-0.063,-0.715,0.707
-0.086,-0.773,0.668
-0.078,-0.82,0.664
-0.016,-0.852,0.711
0.168,-0.781,0.797
0.32,-0.688,0.914
0.352,-0.598,1.043
0.32,-0.488,1.184
0.266,-0.434,1.258
0.207,-0.469,1.242
0.176,-0.523,1.195
0.18,-0.539,1.156
0.199,-0.543,1.109
0.211,-0.551,1.055
0.195,-0.547,1.004
0.16,-0.539,0.969
0.133,-0.535,0.945
0.117,-0.539,0.922
0.117,-0.543,0.902
0.117,-0.531,0.887
0.113,-0.504,0.871
0.098,-0.48,0.863
0.086,-0.465,0.844
0.078,-0.465,0.813
0.07,-0.477,0.777
0.082,-0.488,0.746
0.086,-0.488,0.711
0.086,-0.48,0.691
0.078,-0.48,0.684
0.063,-0.496,0.676
0.059,-0.516,0.68
0.063,-0.535,0.68
0.098,-0.57,0.684
0.133,-0.609,0.684
0.16,-0.633,0.688
0.168,-0.645,0.695
0.168,-0.637,0.711
0.164,-0.617,0.723
0.16,-0.609,0.742
0.148,-0.613,0.75
0.133,-0.621,0.762
0.137,-0.625,0.77
0.148,-0.629,0.789
0.172,-0.629,0.789
0.188,-0.641,0.785
0.203,-0.648,0.781
0.219,-0.656,0.77
0.23,-0.668,0.758
0.238,-0.68,0.754
0.242,-0.695,0.77
0.219,-0.762,0.809
0.125,-0.879,0.859
0.02,-0.871,0.828
-0.082,-0.781,0.883
-0.094,-0.648,1.004
-0.063,-0.504,1.125
-0.051,-0.426,1.176
-0.047,-0.406,1.152
-0.059,-0.426,1.078
-0.102,-0.441,0.992
-0.133,-0.438,0.922
-0.145,-0.461,0.871
-0.137,-0.508,0.824
-0.098,-0.551,0.824
-0.047,-0.57,0.848
0,-0.566,0.883
0.043,-0.551,0.906
0.074,-0.531,0.922
0.105,-0.512,0.934
0.121,-0.5,0.945
0.105,-0.492,0.941
0.09,-0.48,0.93
0.074,-0.484,0.91
0.074,-0.488,0.887
0.086,-0.492,0.875
0.102,-0.488,0.859
0.121,-0.488,0.844
0.137,-0.492,0.828
0.148,-0.492,0.816
0.152,-0.5,0.809
0.152,-0.512,0.789
0.152,-0.527,0.773
0.148,-0.539,0.766
0.145,-0.551,0.758
0.141,-0.566,0.758
0.137,-0.566,0.766
0.137,-0.563,0.773
0.141,-0.559,0.793
0.148,-0.566,0.816
0.152,-0.578,0.836
0.137,-0.594,0.836
0.098,-0.605,0.832
0.059,-0.617,0.824
0.027,-0.625,0.809
0,-0.613,0.793
-0.02,-0.586,0.781
-0.023,-0.563,0.777
-0.02,-0.563,0.754
-0.004,-0.594,0.711
0.008,-0.645,0.684
0.063,-0.719,0.723
0.223,-0.758,0.785
0.402,-0.742,0.871
0.398,-0.668,0.988
0.266,-0.551,1.133
0.148,-0.453,1.254
0.109,-0.434,1.27
0.113,-0.473,1.227
0.152,-0.512,1.184
0.188,-0.527,1.133
0.199,-0.535,1.082
0.176,-0.566,1.031
0.148,-0.594,0.988
0.145,-0.621,0.969
0.152,-0.637,0.949
0.156,-0.633,0.93
0.148,-0.602,0.922
0.113,-0.559,0.918
0.09,-0.523,0.906
0.09,-0.5,0.879
0.098,-0.492,0.844
0.094,-0.488,0.805
0.094,-0.477,0.77
0.094,-0.461,0.738
0.094,-0.461,0.707
0.078,-0.461,0.691
0.07,-0.457,0.684
0.07,-0.473,0.672
0.07,-0.496,0.668
0.074,-0.504,0.676
0.082,-0.512,0.691
0.098,-0.523,0.703
0.113,-0.523,0.73
0.117,-0.523,0.746
0.117,-0.512,0.762
0.125,-0.504,0.781
0.137,-0.512,0.793
0.145,-0.52,0.809
0.148,-0.523,0.824
0.148,-0.527,0.832
0.148,-0.535,0.84
0.156,-0.547,0.844
0.172,-0.539,0.84
0.191,-0.543,0.844
0.219,-0.555,0.852
0.23,-0.566,0.852
0.199,-0.672,0.883
0.09,-0.832,0.945
-0.039,-0.816,0.949
-0.172,-0.688,1.016
-0.211,-0.516,1.113
-0.207,-0.359,1.168
-0.191,-0.305,1.137
-0.184,-0.285,1.074
-0.184,-0.301,1.02
-0.195,-0.348,0.965
-0.195,-0.418,0.918
-0.172,-0.484,0.887
-0.109,-0.547,0.883
-0.055,-0.582,0.91
-0.023,-0.574,0.945
0,-0.535,0.969
0.004,-0.504,0.984
0.008,-0.477,0.988
0.016,-0.465,0.988
0.023,-0.465,0.98
0.027,-0.465,0.969
0.031,-0.465,0.945
0.051,-0.461,0.922
0.063,-0.465,0.918
0.074,-0.457,0.906
0.078,-0.449,0.891
0.086,-0.441,0.875
0.082,-0.445,0.867
0.078,-0.438,0.855
0.074,-0.441,0.848
0.078,-0.449,0.836
0.082,-0.461,0.828
0.074,-0.48,0.816
0.066,-0.492,0.813
0.063,-0.504,0.824
0.063,-0.512,0.828
0.051,-0.527,0.828
0.043,-0.543,0.828
0.023,-0.547,0.824
-0.004,-0.559,0.824
-0.023,-0.578,0.824
-0.039,-0.59,0.828
-0.031,-0.602,0.832
-0.023,-0.621,0.816
-0.016,-0.629,0.801
-0.012,-0.633,0.781
-0.016,-0.633,0.766
-0.031,-0.641,0.758
-0.035,-0.66,0.746
-0.043,-0.684,0.727
-0.051,-0.691,0.699
-0.047,-0.68,0.711
0,-0.691,0.801
0.148,-0.684,0.906
0.277,-0.633,0.988
0.281,-0.563,1.094
0.227,-0.48,1.211
0.156,-0.398,1.297
0.086,-0.359,1.305
0.043,-0.391,1.25
0.039,-0.453,1.184
0.07,-0.48,1.125
0.09,-0.473,1.074
0.09,-0.461,1.031
0.086,-0.457,1.008
0.094,-0.461,0.996
0.074,-0.469,0.98
0.031,-0.465,0.957
-0.023,-0.449,0.938
-0.059,-0.422,0.922
-0.066,-0.402,0.906
-0.059,-0.395,0.898
-0.039,-0.391,0.883
-0.027,-0.395,0.867
-0.016,-0.387,0.852
-0.012,-0.383,0.836
0,-0.387,0.828
0.004,-0.395,0.824
0.012,-0.41,0.824
0.004,-0.422,0.824
0,-0.441,0.824
0,-0.465,0.82
0.008,-0.484,0.82
0.02,-0.508,0.82
0.047,-0.523,0.82
0.082,-0.535,0.813
0.105,-0.543,0.805
0.129,-0.535,0.809
0.145,-0.52,0.805
0.148,-0.492,0.816
0.148,-0.469,0.832
0.148,-0.445,0.855
0.16,-0.434,0.871
0.164,-0.441,0.883
0.168,-0.457,0.887
0.16,-0.469,0.879
0.152,-0.484,0.871
0.148,-0.512,0.848
0.133,-0.543,0.84
0.086,-0.602,0.863
-0.016,-0.688,0.93
-0.152,-0.707,0.949
-0.293,-0.645,0.953
-0.344,-0.5,0.969
-0.309,-0.344,0.988
-0.246,-0.254,0.996
-0.164,-0.262,0.992
-0.105,-0.309,0.973
-0.066,-0.379,0.969
-0.051,-0.441,0.969
-0.055,-0.508,0.973
-0.047,-0.559,0.996
-0.023,-0.582,1.027
0.023,-0.582,1.059
0.063,-0.555,1.086
0.094,-0.52,1.09
0.129,-0.48,1.09
0.148,-0.457,1.086
0.16,-0.449,1.063
0.156,-0.449,1.039
0.145,-0.453,1.012
0.129,-0.453,0.977
0.113,-0.445,0.949
0.105,-0.434,0.93
0.098,-0.418,0.906
0.082,-0.406,0.891
0.078,-0.402,0.875
0.078,-0.41,0.871
0.086,-0.418,0.867
0.094,-0.426,0.863
0.102,-0.445,0.855
0.082,-0.457,0.836
0.063,-0.461,0.824
0.035,-0.457,0.82
0.008,-0.461,0.82
-0.004,-0.473,0.82
-0.008,-0.48,0.82
0,-0.488,0.816
0,-0.496,0.809
-0.016,-0.5,0.789
-0.039,-0.504,0.773
-0.055,-0.52,0.754
-0.063,-0.563,0.742
-0.055,-0.605,0.73
-0.047,-0.629,0.727
-0.031,-0.637,0.738
-0.023,-0.637,0.754
-0.027,-0.648,0.789
-0.02,-0.695,0.84
0.082,-0.754,0.906
0.203,-0.801,0.969
0.242,-0.793,1.035
0.223,-0.695,1.121
0.188,-0.543,1.199
0.16,-0.434,1.246
0.113,-0.379,1.23
0.086,-0.379,1.195
0.074,-0.387,1.148
0.086,-0.387,1.09
0.113,-0.371,1.035
0.133,-0.363,0.984
0.141,-0.367,0.941
0.137,-0.379,0.93
0.105,-0.406,0.926
0.047,-0.434,0.938
-0.004,-0.449,0.949
-0.031,-0.449,0.961
-0.027,-0.441,0.969
-0.004,-0.43,0.965
0.012,-0.41,0.957
0.012,-0.387,0.949
0.012,-0.375,0.941
-0.004,-0.379,0.934
0,-0.398,0.93
0.004,-0.406,0.922
0.008,-0.402,0.902
0.016,-0.402,0.883
0.023,-0.406,0.867
0.027,-0.418,0.863
0.027,-0.438,0.863
0.027,-0.461,0.867
0.027,-0.469,0.867
0.027,-0.484,0.867
0.035,-0.48,0.871
0.043,-0.473,0.879
0.051,-0.457,0.879
0.051,-0.453,0.887
0.035,-0.438,0.895
0.027,-0.418,0.902
0.023,-0.398,0.922
0.023,-0.387,0.93
0.035,-0.383,0.945
0.055,-0.391,0.957
0.086,-0.395,0.953
0.109,-0.402,0.945
0.129,-0.422,0.93
0.137,-0.445,0.906
0.141,-0.477,0.883
0.121,-0.52,0.867
0.098,-0.566,0.863
0.066,-0.613,0.855
0.008,-0.648,0.863
-0.082,-0.664,0.883
-0.184,-0.637,0.906
-0.258,-0.566,0.93
-0.293,-0.473,0.938
-0.281,-0.379,0.926
-0.246,-0.313,0.895
-0.207,-0.285,0.875
-0.176,-0.293,0.863
-0.148,-0.324,0.859
-0.141,-0.375,0.867
-0.141,-0.418,0.883
-0.141,-0.438,0.906
-0.133,-0.43,0.949
-0.102,-0.41,0.984
-0.07,-0.398,1.008
-0.039,-0.402,1.035
-0.02,-0.402,1.051
-0.016,-0.406,1.063
-0.016,-0.406,1.074
-0.012,-0.41,1.074
0.008,-0.418,1.066
0.02,-0.414,1.063
0.016,-0.41,1.039
0,-0.402,1.023
-0.008,-0.391,1.004
-0.008,-0.387,0.984
0,-0.387,0.973
0.008,-0.387,0.961
0.012,-0.387,0.953
0.004,-0.387,0.941
0,-0.387,0.934
-0.012,-0.383,0.934
-0.031,-0.383,0.934
-0.043,-0.387,0.926
-0.043,-0.391,0.918
-0.051,-0.398,0.906
-0.066,-0.41,0.898
-0.086,-0.422,0.895
-0.098,-0.426,0.883
-0.109,-0.418,0.883
-0.121,-0.41,0.875
-0.125,-0.406,0.863
-0.137,-0.418,0.84
-0.148,-0.445,0.805
-0.141,-0.484,0.766
-0.102,-0.535,0.785
-0.004,-0.598,0.871
0.129,-0.641,0.977
0.234,-0.633,1.082
0.262,-0.551,1.176
0.219,-0.422,1.223
0.148,-0.328,1.215
0.07,-0.309,1.156
0.043,-0.313,1.094
0.09,-0.336,1.047
0.141,-0.344,1.008
0.176,-0.34,0.984
0.199,-0.336,0.961
0.207,-0.344,0.957
0.195,-0.375,0.969
0.172,-0.422,0.984
0.125,-0.445,1.004
0.082,-0.461,1.016
0.063,-0.461,1.02
0.047,-0.469,1.012
0.039,-0.484,0.984
0.039,-0.504,0.957
0.035,-0.512,0.934
0.027,-0.516,0.91
0.023,-0.516,0.887
0.012,-0.508,0.871
-0.004,-0.512,0.859
-0.016,-0.504,0.844
-0.031,-0.5,0.836
-0.039,-0.5,0.832
-0.047,-0.5,0.82
-0.051,-0.5,0.809
-0.043,-0.496,0.809
-0.027,-0.496,0.813
-0.016,-0.5,0.816
-0.008,-0.508,0.824
-0.012,-0.508,0.824
-0.016,-0.508,0.824
-0.023,-0.516,0.836
-0.031,-0.523,0.859
-0.031,-0.535,0.883
-0.02,-0.543,0.902
-0.012,-0.547,0.922
0.004,-0.547,0.945
0.02,-0.539,0.957
0.047,-0.523,0.957
0.086,-0.512,0.945
0.109,-0.5,0.938
0.129,-0.488,0.93
0.152,-0.48,0.914
0.191,-0.492,0.891
0.234,-0.523,0.867
0.273,-0.543,0.84
0.289,-0.566,0.82
0.277,-0.582,0.809
0.203,-0.633,0.82
0.063,-0.719,0.852
-0.109,-0.758,0.875
-0.266,-0.672,0.898
-0.316,-0.48,0.992
-0.273,-0.266,1.105
-0.191,-0.145,1.145
-0.129,-0.133,1.07
-0.086,-0.164,0.984
-0.07,-0.207,0.922
-0.051,-0.258,0.895
-0.023,-0.316,0.898
0.004,-0.379,0.906
0.008,-0.418,0.918
-0.012,-0.422,0.934
-0.023,-0.398,0.973
-0.027,-0.371,1.008
-0.02,-0.355,1.027
0.008,-0.355,1.031
0.031,-0.379,1.02
0.047,-0.41,1.008
0.043,-0.43,0.992
0.043,-0.426,0.977
0.047,-0.422,0.973
0.051,-0.414,0.969
0.063,-0.422,0.969
0.082,-0.43,0.961
0.094,-0.441,0.957
0.105,-0.453,0.953
0.113,-0.48,0.949
0.098,-0.504,0.938
0.082,-0.512,0.926
0.066,-0.516,0.914
0.055,-0.508,0.902
0.039,-0.5,0.891
0.035,-0.496,0.875
0.031,-0.5,0.852
0.02,-0.512,0.828
0.008,-0.52,0.824
0.016,-0.512,0.832
0.02,-0.504,0.848
0.02,-0.496,0.855
0.008,-0.488,0.875
-0.008,-0.492,0.891
-0.027,-0.512,0.895
-0.031,-0.52,0.879
-0.035,-0.527,0.855
-0.047,-0.535,0.832
-0.063,-0.555,0.809
-0.09,-0.605,0.758
-0.121,-0.664,0.711
-0.113,-0.734,0.73
0.055,-0.762,0.828
0.281,-0.758,0.926
0.387,-0.707,0.992
0.336,-0.598,1.082
0.262,-0.473,1.203
0.227,-0.391,1.23
0.223,-0.383,1.199
0.246,-0.402,1.141
0.27,-0.426,1.078
0.258,-0.473,1.023
0.219,-0.504,0.977
0.188,-0.512,0.949
0.18,-0.504,0.938
0.191,-0.496,0.93
0.199,-0.496,0.91
0.184,-0.508,0.879
0.156,-0.508,0.848
0.125,-0.496,0.82
0.102,-0.48,0.793
0.098,-0.473,0.781
0.105,-0.465,0.766
0.098,-0.461,0.758
0.082,-0.461,0.758
0.07,-0.449,0.754
0.059,-0.43,0.754
0.063,-0.414,0.762
0.066,-0.414,0.773
0.082,-0.434,0.785
0.086,-0.453,0.793
0.102,-0.48,0.813
0.117,-0.516,0.828
0.137,-0.543,0.836
0.16,-0.57,0.848
0.176,-0.59,0.859
0.184,-0.605,0.871
0.191,-0.609,0.883
0.211,-0.621,0.895
0.223,-0.625,0.898
0.227,-0.621,0.902
0.227,-0.609,0.91
0.223,-0.594,0.914
0.23,-0.582,0.902
0.234,-0.574,0.895
0.242,-0.574,0.871
0.254,-0.582,0.859
0.27,-0.594,0.836
0.277,-0.598,0.809
0.281,-0.598,0.793
0.27,-0.59,0.793
0.258,-0.566,0.789
0.23,-0.543,0.785
0.195,-0.52,0.781
0.152,-0.535,0.801
0.07,-0.609,0.852
-0.059,-0.633,0.875
-0.18,-0.539,0.863
-0.246,-0.441,0.914
-0.234,-0.352,1
-0.199,-0.289,1.031
-0.168,-0.309,1.016
-0.121,-0.379,0.992
-0.086,-0.469,0.957
-0.047,-0.559,0.945
0.016,-0.637,0.961
0.078,-0.691,0.973
0.113,-0.691,0.977
0.125,-0.629,0.973
0.113,-0.551,0.965
0.105,-0.496,0.957
0.109,-0.484,0.953
0.125,-0.492,0.93
0.141,-0.496,0.895
0.152,-0.488,0.871
0.156,-0.465,0.852
0.148,-0.449,0.836
0.145,-0.438,0.824
0.137,-0.445,0.813
0.145,-0.457,0.797
0.137,-0.469,0.789
0.117,-0.492,0.781
0.09,-0.512,0.781
0.066,-0.535,0.773
0.043,-0.551,0.781
0.039,-0.539,0.801
0.039,-0.523,0.82
0.047,-0.508,0.84
0.047,-0.508,0.852
0.035,-0.512,0.863
0.012,-0.508,0.871
-0.004,-0.5,0.871
-0.012,-0.496,0.863
-0.012,-0.516,0.848
-0.023,-0.555,0.793
-0.055,-0.605,0.727
-0.082,-0.656,0.66
-0.078,-0.699,0.668
0.07,-0.703,0.773
0.324,-0.723,0.922
0.5,-0.703,1.02
0.477,-0.629,1.094
0.34,-0.547,1.168
0.203,-0.5,1.199
0.16,-0.473,1.207
0.199,-0.449,1.184
0.266,-0.441,1.121
0.301,-0.477,1.039
0.285,-0.527,0.961
0.23,-0.566,0.91
0.203,-0.59,0.879
0.188,-0.594,0.867
0.168,-0.59,0.871
0.16,-0.578,0.879
0.145,-0.57,0.887
0.141,-0.559,0.879
0.141,-0.543,0.863
0.133,-0.535,0.84
0.117,-0.523,0.809
0.102,-0.508,0.785
0.102,-0.504,0.758
0.105,-0.508,0.727
0.094,-0.512,0.707
0.07,-0.512,0.699
0.059,-0.52,0.695
0.063,-0.527,0.691
0.082,-0.543,0.688
0.109,-0.574,0.684
0.133,-0.602,0.676
0.148,-0.609,0.676
0.152,-0.605,0.676
0.156,-0.598,0.684
0.16,-0.574,0.699
0.156,-0.563,0.711
0.164,-0.543,0.727
0.176,-0.516,0.77
0.191,-0.516,0.805
0.199,-0.555,0.82
0.207,-0.605,0.824
0.219,-0.652,0.84
0.234,-0.68,0.84
0.246,-0.68,0.844
0.246,-0.648,0.863
0.246,-0.609,0.887
0.227,-0.594,0.906
0.172,-0.645,0.938
0.078,-0.699,0.961
-0.039,-0.648,0.969
-0.117,-0.551,1.016
-0.133,-0.438,1.074
-0.121,-0.363,1.098
-0.098,-0.332,1.07
-0.086,-0.344,1.031
-0.098,-0.395,0.98
-0.086,-0.465,0.949
-0.055,-0.539,0.922
-0.008,-0.609,0.938
0.051,-0.66,0.98
0.102,-0.66,1.016
0.133,-0.621,1.031
0.141,-0.578,1.027
0.137,-0.531,1.012
0.133,-0.508,0.996
0.141,-0.5,0.969
0.145,-0.488,0.941
0.148,-0.477,0.914
0.156,-0.473,0.887
0.156,-0.465,0.863
0.148,-0.461,0.828
0.133,-0.457,0.793
0.113,-0.453,0.77
0.105,-0.457,0.75
0.105,-0.461,0.734
0.109,-0.469,0.727
0.113,-0.48,0.73
0.105,-0.496,0.727
0.09,-0.508,0.719
0.078,-0.52,0.715
0.055,-0.52,0.723
0.035,-0.504,0.746
0.027,-0.492,0.766
0.02,-0.488,0.777
0.004,-0.496,0.793
0,-0.516,0.801
-0.012,-0.547,0.785
-0.035,-0.574,0.77
-0.07,-0.582,0.758
-0.105,-0.621,0.754
-0.129,-0.68,0.75
-0.133,-0.766,0.73
-0.109,-0.879,0.742
0,-0.973,0.793
0.242,-0.977,0.859
0.41,-0.918,0.945
0.398,-0.793,1.086
0.32,-0.621,1.246
0.262,-0.469,1.328
0.215,-0.414,1.309
0.211,-0.414,1.234
0.246,-0.422,1.148
0.281,-0.445,1.059
0.277,-0.457,0.969
0.242,-0.461,0.918
0.199,-0.457,0.902
0.195,-0.465,0.902
0.184,-0.48,0.879
0.16,-0.461,0.867
0.141,-0.434,0.863
0.137,-0.402,0.855
0.145,-0.395,0.84
0.156,-0.406,0.82
0.152,-0.426,0.797
0.145,-0.438,0.781
0.125,-0.441,0.766
0.102,-0.441,0.754
0.082,-0.445,0.738
0.07,-0.449,0.746
0.07,-0.473,0.758
0.078,-0.508,0.766
0.09,-0.543,0.773
0.109,-0.578,0.77
0.125,-0.602,0.762
0.129,-0.617,0.754
0.121,-0.617,0.754
0.113,-0.605,0.762
0.113,-0.602,0.773
0.117,-0.605,0.781
0.141,-0.605,0.793
0.16,-0.617,0.797
0.16,-0.621,0.801
0.156,-0.617,0.813
0.152,-0.613,0.82
0.164,-0.621,0.824
0.172,-0.629,0.82
0.195,-0.645,0.82
0.211,-0.652,0.824
0.223,-0.633,0.824
0.223,-0.598,0.805
0.203,-0.574,0.789
0.137,-0.648,0.809
0.02,-0.766,0.852
-0.105,-0.691,0.852
-0.227,-0.555,0.945
-0.258,-0.391,1.094
-0.234,-0.277,1.207
-0.207,-0.23,1.199
-0.172,-0.281,1.125
-0.145,-0.348,1.027
-0.125,-0.402,0.969
-0.086,-0.473,0.949
-0.027,-0.563,0.953
0.035,-0.633,0.953
0.066,-0.652,0.961
0.07,-0.613,0.977
0.094,-0.543,1.008
0.102,-0.484,1.012
0.109,-0.449,1.012
0.129,-0.441,1.004
0.133,-0.453,0.98
0.137,-0.461,0.953
0.133,-0.457,0.926
0.129,-0.449,0.902
0.125,-0.441,0.879
0.129,-0.449,0.855
0.141,-0.457,0.82
0.148,-0.461,0.797
0.152,-0.461,0.785
0.141,-0.461,0.773
0.141,-0.461,0.766
0.129,-0.461,0.773
0.113,-0.469,0.781
0.105,-0.473,0.789
0.082,-0.492,0.785
0.055,-0.504,0.781
0.027,-0.516,0.773
0,-0.531,0.762
-0.02,-0.547,0.738
-0.02,-0.559,0.719
-0.012,-0.563,0.707
-0.008,-0.559,0.715
-0.004,-0.566,0.734
-0.02,-0.609,0.746
-0.027,-0.684,0.742
-0.039,-0.777,0.711
-0.047,-0.859,0.664
-0.035,-0.934,0.676
0.078,-0.941,0.738
0.309,-0.883,0.859
0.445,-0.793,0.988
0.418,-0.652,1.141
0.332,-0.508,1.281
0.238,-0.426,1.34
0.156,-0.414,1.316
0.125,-0.441,1.254
0.152,-0.473,1.195
0.18,-0.492,1.113
0.188,-0.484,1.027
0.172,-0.465,0.973
0.152,-0.477,0.934
0.148,-0.488,0.91
0.148,-0.512,0.891
0.141,-0.527,0.863
0.121,-0.512,0.859
0.102,-0.469,0.867
0.113,-0.43,0.883
0.117,-0.414,0.867
0.117,-0.426,0.836
0.109,-0.445,0.797
0.102,-0.457,0.77
0.105,-0.461,0.738
0.098,-0.469,0.719
0.086,-0.48,0.707
0.078,-0.496,0.703
0.086,-0.52,0.695
0.109,-0.547,0.691
0.125,-0.574,0.688
0.141,-0.586,0.684
0.145,-0.594,0.684
0.145,-0.59,0.691
0.145,-0.586,0.703
0.148,-0.59,0.715
0.148,-0.605,0.727
0.156,-0.609,0.742
0.172,-0.625,0.75
0.18,-0.645,0.754
0.188,-0.66,0.754
0.195,-0.684,0.746
0.207,-0.703,0.734
0.211,-0.727,0.738
0.215,-0.742,0.746
0.227,-0.746,0.75
0.23,-0.738,0.754
0.234,-0.734,0.758
0.238,-0.746,0.797
0.188,-0.816,0.848
0.063,-0.875,0.832
-0.059,-0.77,0.809
-0.148,-0.637,0.914
-0.16,-0.52,1.063
-0.145,-0.391,1.164
-0.145,-0.332,1.176
-0.145,-0.352,1.129
-0.148,-0.395,1.047
-0.152,-0.453,0.969
-0.133,-0.5,0.914
-0.078,-0.563,0.883
-0.008,-0.617,0.883
0.047,-0.648,0.898
0.07,-0.641,0.926
0.07,-0.605,0.938
0.074,-0.555,0.953
0.09,-0.516,0.953
0.113,-0.5,0.945
0.125,-0.488,0.922
0.141,-0.492,0.902
0.148,-0.492,0.879
0.145,-0.48,0.859
0.141,-0.465,0.84
0.133,-0.457,0.824
0.121,-0.457,0.801
0.129,-0.453,0.789
0.137,-0.449,0.77
0.141,-0.453,0.766
0.148,-0.461,0.766
0.148,-0.469,0.77
0.148,-0.484,0.762
0.137,-0.5,0.758
0.113,-0.516,0.758
0.082,-0.531,0.758
0.051,-0.555,0.762
0.031,-0.582,0.766
0.027,-0.613,0.762
0.023,-0.633,0.766
0.02,-0.637,0.773
-0.004,-0.621,0.781
-0.027,-0.602,0.805
-0.051,-0.598,0.816
-0.066,-0.609,0.809
-0.066,-0.648,0.773
-0.055,-0.68,0.723
-0.02,-0.715,0.699
0.059,-0.738,0.746
0.25,-0.723,0.859
0.438,-0.68,0.988
0.465,-0.59,1.086
0.371,-0.496,1.207
0.277,-0.445,1.273
0.219,-0.441,1.262
0.191,-0.492,1.215
0.195,-0.551,1.156
0.219,-0.59,1.09
0.234,-0.613,1.051
0.223,-0.609,1.004
0.203,-0.598,0.98
0.18,-0.578,0.961
0.156,-0.57,0.934
0.137,-0.555,0.895
0.105,-0.535,0.867
0.09,-0.5,0.852
0.086,-0.477,0.832
0.086,-0.457,0.801
0.074,-0.453,0.766
0.063,-0.449,0.738
0.051,-0.449,0.711
0.051,-0.445,0.699
0.035,-0.453,0.684
0.031,-0.477,0.676
0.035,-0.5,0.672
0.043,-0.52,0.672
0.055,-0.531,0.668
0.066,-0.551,0.664
0.078,-0.559,0.66
0.09,-0.563,0.664
0.098,-0.566,0.68
0.098,-0.566,0.699
0.109,-0.578,0.723
0.129,-0.598,0.746
0.152,-0.621,0.766
0.164,-0.641,0.781
0.18,-0.645,0.801
0.188,-0.656,0.824
0.195,-0.68,0.824
0.199,-0.684,0.82
0.199,-0.688,0.824
0.211,-0.68,0.828
0.23,-0.664,0.836
0.234,-0.633,0.832
0.219,-0.59,0.816
0.191,-0.547,0.813
0.141,-0.559,0.836
0.027,-0.66,0.887
-0.105,-0.668,0.855
-0.215,-0.617,0.891
-0.254,-0.508,0.992
-0.238,-0.379,1.113
-0.234,-0.309,1.188
-0.242,-0.324,1.195
-0.219,-0.383,1.145
-0.164,-0.43,1.078
-0.074,-0.48,1.027
0.039,-0.555,1
0.133,-0.613,0.996
0.172,-0.641,0.992
0.152,-0.617,0.992
0.113,-0.551,1
0.078,-0.477,1
0.082,-0.422,0.984
0.113,-0.414,0.969
0.137,-0.426,0.941
0.148,-0.441,0.914
0.152,-0.445,0.891
0.152,-0.441,0.871
0.152,-0.441,0.852
0.141,-0.438,0.832
0.145,-0.445,0.816
0.125,-0.449,0.797
0.109,-0.461,0.777
0.094,-0.48,0.766
0.09,-0.492,0.758
0.086,-0.504,0.746
0.074,-0.52,0.742
0.059,-0.527,0.758
0.051,-0.543,0.766
0.043,-0.539,0.77
0.035,-0.547,0.781
0.02,-0.559,0.777
0,-0.566,0.773
-0.012,-0.582,0.766
-0.023,-0.602,0.75
-0.035,-0.613,0.734
-0.035,-0.609,0.73
-0.043,-0.621,0.73
-0.063,-0.645,0.719
-0.09,-0.672,0.691
-0.113,-0.684,0.648
-0.113,-0.668,0.609
-0.086,-0.637,0.602
-0.023,-0.617,0.691
0.199,-0.57,0.844
0.465,-0.559,1.02
0.531,-0.527,1.133
0.438,-0.477,1.266
0.332,-0.438,1.367
0.254,-0.449,1.379
0.215,-0.477,1.34
0.215,-0.492,1.285
0.207,-0.492,1.238
0.18,-0.492,1.195
0.16,-0.523,1.152
0.184,-0.555,1.094
0.219,-0.566,1.043
0.234,-0.559,1
0.223,-0.539,0.977
0.199,-0.504,0.961
0.168,-0.469,0.941
0.141,-0.453,0.922
0.125,-0.434,0.887
0.109,-0.426,0.855
0.105,-0.414,0.828
0.102,-0.418,0.789
0.109,-0.418,0.758
0.121,-0.422,0.738
0.129,-0.434,0.727
0.129,-0.441,0.719
0.145,-0.453,0.723
0.152,-0.465,0.707
0.164,-0.48,0.699
0.168,-0.496,0.707
0.176,-0.508,0.699
0.18,-0.516,0.691
0.184,-0.527,0.695
0.191,-0.523,0.703
0.199,-0.523,0.715
0.207,-0.527,0.734
0.223,-0.535,0.754
0.238,-0.551,0.762
0.238,-0.578,0.773
0.25,-0.605,0.777
0.273,-0.633,0.781
0.293,-0.66,0.789
0.305,-0.688,0.797
0.316,-0.699,0.805
0.305,-0.691,0.816
0.273,-0.668,0.813
0.234,-0.66,0.797
0.16,-0.742,0.816
0.027,-0.84,0.828
-0.117,-0.773,0.828
-0.219,-0.652,0.941
-0.203,-0.496,1.07
-0.164,-0.375,1.16
-0.141,-0.359,1.184
-0.137,-0.391,1.137
-0.145,-0.426,1.07
-0.141,-0.449,1.008
-0.094,-0.48,0.973
-0.004,-0.551,0.953
0.078,-0.609,0.941
0.121,-0.637,0.938
0.129,-0.613,0.945
0.121,-0.539,0.953
0.102,-0.473,0.949
0.105,-0.441,0.941
0.129,-0.434,0.922
0.145,-0.438,0.902
0.148,-0.441,0.875
0.148,-0.438,0.852
0.16,-0.43,0.836
0.164,-0.426,0.828
0.16,-0.426,0.824
0.156,-0.426,0.824
0.152,-0.438,0.813
0.152,-0.445,0.793
0.137,-0.457,0.785
0.141,-0.477,0.797
0.137,-0.484,0.797
0.133,-0.5,0.801
0.125,-0.508,0.805
0.109,-0.508,0.809
0.086,-0.508,0.809
0.066,-0.52,0.82
0.07,-0.527,0.84
0.066,-0.539,0.859
0.059,-0.559,0.863
0.039,-0.582,0.859
0.02,-0.602,0.832
-0.004,-0.609,0.813
-0.023,-0.605,0.793
-0.035,-0.605,0.777
-0.039,-0.625,0.762
-0.039,-0.668,0.742
-0.031,-0.703,0.699
-0.008,-0.73,0.688
0.078,-0.758,0.734
0.27,-0.707,0.828
0.453,-0.621,0.953
0.469,-0.52,1.094
0.371,-0.414,1.223
0.27,-0.363,1.301
0.203,-0.379,1.27
0.188,-0.418,1.195
0.207,-0.422,1.141
0.238,-0.414,1.102
0.25,-0.406,1.059
0.254,-0.414,1.023
0.238,-0.434,1.004
0.223,-0.453,0.996
0.219,-0.465,0.984
0.207,-0.461,0.98
0.195,-0.441,0.965
0.172,-0.418,0.957
0.16,-0.406,0.945
0.152,-0.41,0.922
0.152,-0.418,0.887
0.141,-0.426,0.863
0.125,-0.426,0.848
0.109,-0.426,0.824
0.105,-0.426,0.805
0.105,-0.438,0.801
0.094,-0.445,0.789
0.09,-0.457,0.773
0.094,-0.469,0.762
0.094,-0.48,0.75
0.09,-0.504,0.73
0.094,-0.52,0.73
0.102,-0.531,0.73
0.109,-0.539,0.73
0.113,-0.535,0.738
0.121,-0.531,0.758
0.133,-0.523,0.773
0.141,-0.527,0.785
0.16,-0.531,0.789
0.172,-0.543,0.801
0.168,-0.559,0.813
0.168,-0.578,0.82
0.168,-0.594,0.82
0.172,-0.617,0.824
0.188,-0.625,0.832
0.207,-0.637,0.84
0.23,-0.637,0.852
0.227,-0.633,0.852
0.207,-0.633,0.848
0.172,-0.668,0.863
0.094,-0.75,0.91
-0.012,-0.746,0.906
-0.121,-0.648,0.941
-0.164,-0.535,1.035
-0.152,-0.414,1.121
-0.168,-0.363,1.125
-0.195,-0.398,1.07
-0.199,-0.441,0.984
-0.184,-0.457,0.91
-0.125,-0.484,0.875
-0.047,-0.539,0.867
0.027,-0.605,0.863
0.082,-0.652,0.863
0.094,-0.656,0.855
0.07,-0.621,0.867
0.063,-0.559,0.887
0.07,-0.52,0.898
0.098,-0.504,0.895
0.129,-0.5,0.895
0.145,-0.512,0.883
0.156,-0.512,0.859
0.152,-0.504,0.844
0.145,-0.5,0.828
0.137,-0.492,0.816
0.133,-0.484,0.797
0.129,-0.477,0.789
0.129,-0.488,0.781
0.133,-0.492,0.781
0.133,-0.496,0.785
0.125,-0.5,0.789
0.113,-0.508,0.801
0.098,-0.527,0.816
0.074,-0.539,0.813
0.063,-0.527,0.82
0.055,-0.512,0.836
0.051,-0.492,0.852
0.047,-0.492,0.844
0.027,-0.492,0.832
0.004,-0.504,0.813
-0.016,-0.512,0.816
-0.031,-0.52,0.824
-0.035,-0.543,0.836
-0.031,-0.598,0.828
-0.027,-0.664,0.805
-0.035,-0.734,0.766
-0.039,-0.789,0.746
0,-0.816,0.801
0.188,-0.793,0.898
0.379,-0.742,1.004
0.391,-0.68,1.102
0.313,-0.563,1.207
0.223,-0.461,1.273
0.164,-0.426,1.262
0.148,-0.418,1.203
0.191,-0.422,1.145
0.242,-0.43,1.074
0.266,-0.434,1.008
0.246,-0.441,0.945
0.199,-0.449,0.918
0.164,-0.465,0.906
0.141,-0.48,0.898
0.137,-0.48,0.898
0.137,-0.461,0.895
0.141,-0.43,0.898
0.145,-0.41,0.895
0.156,-0.414,0.875
0.164,-0.43,0.844
0.16,-0.434,0.816
0.148,-0.441,0.797
0.133,-0.441,0.789
0.121,-0.449,0.781
0.117,-0.461,0.77
0.109,-0.48,0.762
0.113,-0.504,0.758
0.117,-0.52,0.754
0.125,-0.535,0.746
0.129,-0.555,0.738
0.137,-0.566,0.734
0.152,-0.566,0.746
0.164,-0.566,0.758
0.164,-0.574,0.758
0.172,-0.582,0.77
0.16,-0.578,0.773
0.152,-0.57,0.777
0.16,-0.566,0.785
0.176,-0.57,0.801
0.191,-0.578,0.809
0.203,-0.59,0.816
0.207,-0.609,0.82
0.211,-0.633,0.809
0.215,-0.652,0.789
0.219,-0.66,0.789
0.246,-0.648,0.813
0.266,-0.625,0.859
0.23,-0.672,0.914
0.113,-0.793,0.941
-0.027,-0.762,0.883
-0.16,-0.645,0.93
-0.207,-0.508,1.055
-0.184,-0.414,1.16
-0.18,-0.359,1.18
-0.195,-0.363,1.133
-0.191,-0.375,1.059
-0.145,-0.387,0.988
-0.063,-0.441,0.945
0.035,-0.531,0.918
0.109,-0.613,0.906
0.137,-0.652,0.914
0.137,-0.621,0.922
0.125,-0.559,0.926
0.121,-0.496,0.93
0.133,-0.457,0.93
0.145,-0.453,0.922
0.156,-0.457,0.902
0.148,-0.469,0.879
0.133,-0.48,0.859
0.117,-0.484,0.84
0.109,-0.484,0.816
0.113,-0.484,0.809
0.109,-0.484,0.793
0.109,-0.488,0.777
0.113,-0.492,0.766
0.109,-0.496,0.758
0.102,-0.504,0.75
0.102,-0.516,0.754
0.094,-0.527,0.754
0.07,-0.543,0.758
0.047,-0.547,0.762
0.039,-0.555,0.77
0.031,-0.559,0.777
0.012,-0.547,0.785
0.004,-0.539,0.805
0,-0.555,0.793
-0.012,-0.57,0.773
-0.023,-0.586,0.758
-0.035,-0.594,0.75
-0.039,-0.602,0.75
-0.051,-0.621,0.762
-0.059,-0.66,0.754
-0.082,-0.707,0.727
-0.098,-0.738,0.703
-0.047,-0.75,0.742
0.156,-0.715,0.855
0.383,-0.66,0.996
0.465,-0.582,1.098
0.398,-0.484,1.207
0.313,-0.438,1.285
0.25,-0.465,1.266
0.234,-0.484,1.242
0.254,-0.492,1.223
0.277,-0.508,1.176
0.266,-0.52,1.109
0.219,-0.523,1.066
0.176,-0.527,1.043
0.16,-0.52,1.027
0.164,-0.5,0.996
0.152,-0.477,0.965
0.125,-0.453,0.934
0.102,-0.426,0.914
0.086,-0.418,0.887
0.074,-0.422,0.848
0.066,-0.418,0.805
0.059,-0.41,0.773
0.055,-0.402,0.762
0.051,-0.395,0.746
0.039,-0.398,0.734
0.031,-0.414,0.73
0.027,-0.434,0.73
0.031,-0.469,0.727
0.039,-0.496,0.727
0.055,-0.527,0.73
0.078,-0.555,0.734
0.098,-0.578,0.734
0.109,-0.598,0.746
0.117,-0.602,0.746
0.129,-0.609,0.75
0.137,-0.605,0.758
0.145,-0.59,0.773
0.152,-0.574,0.785
0.168,-0.574,0.801
0.168,-0.578,0.813
0.18,-0.59,0.828
0.168,-0.602,0.824
0.16,-0.594,0.82
0.16,-0.586,0.828
0.176,-0.57,0.848
0.207,-0.555,0.883
0.238,-0.555,0.895
0.246,-0.566,0.871
0.215,-0.602,0.848
0.113,-0.742,0.875
-0.051,-0.836,0.863
-0.199,-0.711,0.852
-0.27,-0.543,0.98
-0.25,-0.398,1.145
-0.215,-0.332,1.211
-0.18,-0.355,1.188
-0.16,-0.414,1.113
-0.148,-0.461,1.016
-0.109,-0.469,0.957
-0.043,-0.5,0.926
0.055,-0.555,0.91
0.141,-0.582,0.906
0.172,-0.574,0.914
0.16,-0.531,0.926
0.145,-0.48,0.926
0.125,-0.449,0.93
0.133,-0.43,0.934
0.141,-0.426,0.934
0.141,-0.426,0.926
0.129,-0.434,0.906
0.125,-0.445,0.887
0.125,-0.453,0.863
0.121,-0.457,0.852
0.113,-0.465,0.84
0.113,-0.465,0.832
0.109,-0.477,0.828
0.109,-0.488,0.809
0.113,-0.504,0.797
0.109,-0.512,0.801
0.102,-0.508,0.809
0.082,-0.5,0.805
0.051,-0.496,0.805
0.02,-0.492,0.816
0.008,-0.484,0.813
0.008,-0.492,0.805
0.008,-0.516,0.793
0.004,-0.527,0.77
-0.012,-0.539,0.762
-0.043,-0.555,0.75
-0.078,-0.578,0.734
-0.074,-0.613,0.723
-0.059,-0.656,0.684
-0.043,-0.676,0.645
-0.043,-0.68,0.656
0.02,-0.652,0.734
0.27,-0.602,0.883
0.492,-0.59,1.047
0.496,-0.555,1.168
0.387,-0.5,1.301
0.266,-0.484,1.328
0.211,-0.5,1.289
0.211,-0.512,1.254
0.238,-0.512,1.203
0.25,-0.508,1.16
0.242,-0.52,1.105
0.227,-0.555,1.043
0.223,-0.574,0.996
0.23,-0.559,0.973
0.219,-0.531,0.969
0.199,-0.484,0.965
0.176,-0.461,0.961
0.16,-0.445,0.938
0.141,-0.438,0.902
0.129,-0.434,0.871
0.121,-0.426,0.844
0.105,-0.422,0.809
0.098,-0.426,0.785
0.098,-0.438,0.758
0.098,-0.449,0.738
0.094,-0.461,0.719
0.086,-0.477,0.699
0.086,-0.484,0.688
0.082,-0.496,0.688
0.098,-0.512,0.688
0.121,-0.527,0.684
0.137,-0.539,0.691
0.145,-0.539,0.699
0.164,-0.535,0.715
0.184,-0.531,0.734
0.188,-0.52,0.75
0.188,-0.523,0.766
0.191,-0.547,0.773
0.195,-0.586,0.781
0.203,-0.605,0.797
0.199,-0.629,0.793
0.207,-0.645,0.801
0.223,-0.652,0.82
0.25,-0.648,0.844
0.266,-0.637,0.863
0.258,-0.613,0.875
0.25,-0.609,0.887
0.188,-0.691,0.906
0.063,-0.813,0.922
-0.086,-0.758,0.895
-0.188,-0.641,0.969
-0.184,-0.527,1.078
-0.145,-0.449,1.141
-0.125,-0.41,1.141
-0.129,-0.402,1.105
-0.137,-0.391,1.07
-0.141,-0.387,1.027
-0.109,-0.43,0.965
-0.039,-0.496,0.926
0.043,-0.57,0.91
0.105,-0.621,0.918
0.148,-0.633,0.93
0.16,-0.605,0.926
0.156,-0.555,0.918
0.152,-0.512,0.91
0.16,-0.484,0.902
0.168,-0.473,0.883
0.168,-0.473,0.871
0.168,-0.473,0.852
0.168,-0.469,0.836
0.156,-0.465,0.824
0.156,-0.461,0.816
0.156,-0.457,0.809
0.148,-0.453,0.797
0.148,-0.457,0.789
0.148,-0.473,0.777
0.148,-0.5,0.77
0.148,-0.516,0.762
0.148,-0.527,0.758
0.133,-0.531,0.766
0.113,-0.527,0.777
0.09,-0.523,0.789
0.07,-0.52,0.813
0.055,-0.52,0.836
0.035,-0.531,0.84
0.02,-0.547,0.84
0,-0.57,0.828
-0.016,-0.582,0.824
-0.035,-0.598,0.816
-0.059,-0.598,0.805
-0.078,-0.598,0.805
-0.086,-0.609,0.801
-0.09,-0.645,0.785
-0.09,-0.703,0.754
-0.082,-0.746,0.711
-0.082,-0.746,0.68
-0.047,-0.727,0.703
0.055,-0.688,0.785
0.273,-0.629,0.895
0.453,-0.586,1.016
0.461,-0.527,1.125
0.371,-0.445,1.219
0.285,-0.426,1.25
0.23,-0.453,1.215
0.219,-0.469,1.172
0.223,-0.461,1.133
0.238,-0.449,1.082
0.234,-0.426,1.031
0.219,-0.422,0.992
0.211,-0.434,0.965
0.219,-0.449,0.949
0.23,-0.465,0.934
0.215,-0.469,0.922
0.191,-0.457,0.914
0.172,-0.434,0.902
0.168,-0.41,0.898
0.16,-0.398,0.879
0.164,-0.406,0.867
0.156,-0.414,0.855
0.152,-0.422,0.844
0.152,-0.43,0.828
0.145,-0.438,0.82
0.129,-0.445,0.805
0.105,-0.465,0.801
0.086,-0.484,0.801
0.086,-0.504,0.789
0.105,-0.52,0.789
0.121,-0.531,0.789
0.141,-0.539,0.793
0.148,-0.539,0.789
0.16,-0.547,0.785
0.164,-0.555,0.773
0.16,-0.555,0.777
0.172,-0.539,0.789
0.184,-0.516,0.809
0.195,-0.512,0.82
0.199,-0.512,0.832
0.199,-0.531,0.836
0.191,-0.566,0.832
0.191,-0.582,0.828
0.195,-0.605,0.824
0.203,-0.602,0.832
0.203,-0.59,0.848
0.176,-0.625,0.871
0.105,-0.73,0.914
-0.008,-0.773,0.918
-0.109,-0.695,0.965
-0.18,-0.57,1.051
-0.18,-0.426,1.105
-0.18,-0.34,1.098
-0.172,-0.316,1.035
-0.172,-0.32,0.969
-0.168,-0.352,0.922
-0.133,-0.418,0.875
-0.082,-0.484,0.836
-0.02,-0.535,0.84
0.035,-0.551,0.863
0.063,-0.531,0.895
0.074,-0.496,0.914
0.078,-0.469,0.926
0.094,-0.441,0.934
0.094,-0.43,0.934
0.098,-0.418,0.93
0.098,-0.422,0.93
0.109,-0.422,0.91
0.117,-0.418,0.898
0.129,-0.422,0.895
0.141,-0.422,0.895
0.141,-0.43,0.887
0.145,-0.445,0.875
0.148,-0.457,0.867
0.148,-0.473,0.867
0.148,-0.484,0.867
0.137,-0.492,0.883
0.125,-0.496,0.898
0.109,-0.496,0.918
0.086,-0.496,0.922
0.066,-0.496,0.926
0.059,-0.496,0.926
0.039,-0.508,0.93
0.027,-0.52,0.914
0.02,-0.535,0.887
0.016,-0.551,0.859
0,-0.563,0.824
-0.012,-0.574,0.793
-0.027,-0.582,0.773
-0.035,-0.59,0.758
-0.035,-0.613,0.734
-0.035,-0.641,0.703
-0.027,-0.648,0.664
-0.012,-0.633,0.684
0.074,-0.605,0.777
0.277,-0.555,0.898
0.438,-0.516,1.008
0.422,-0.477,1.09
0.313,-0.422,1.184
0.223,-0.402,1.234
0.152,-0.398,1.215
0.133,-0.418,1.176
0.16,-0.449,1.129
0.203,-0.457,1.086
0.219,-0.465,1.051
0.207,-0.484,1.008
0.188,-0.508,0.984
0.176,-0.527,0.969
0.164,-0.531,0.961
0.148,-0.516,0.957
0.129,-0.477,0.961
0.117,-0.438,0.957
0.113,-0.406,0.941
0.113,-0.398,0.918
0.109,-0.398,0.887
0.109,-0.402,0.852
0.117,-0.398,0.832
0.117,-0.406,0.813
0.113,-0.414,0.797
0.117,-0.418,0.785
0.113,-0.438,0.773
0.113,-0.457,0.762
0.109,-0.473,0.77
0.109,-0.488,0.777
0.121,-0.496,0.781
0.141,-0.508,0.785
0.16,-0.516,0.797
0.176,-0.516,0.805
0.184,-0.512,0.813
0.199,-0.508,0.824
0.215,-0.516,0.836
0.223,-0.52,0.84
0.234,-0.512,0.852
0.242,-0.512,0.852
0.254,-0.52,0.852
0.262,-0.527,0.836
0.262,-0.539,0.828
0.266,-0.551,0.824
0.266,-0.547,0.824
0.277,-0.531,0.832
0.277,-0.516,0.84
0.238,-0.5,0.832
0.164,-0.547,0.832
0.059,-0.668,0.867
-0.039,-0.73,0.852
-0.141,-0.711,0.855
-0.191,-0.621,0.914
-0.172,-0.48,1.004
-0.168,-0.348,1.07
-0.168,-0.289,1.094
-0.168,-0.273,1.059
-0.152,-0.309,1.008
-0.113,-0.383,0.977
-0.047,-0.465,0.969
0.035,-0.551,0.973
0.102,-0.602,0.973
0.129,-0.598,0.973
0.117,-0.547,0.988
0.086,-0.484,0.992
0.074,-0.445,0.988
0.074,-0.43,0.98
0.09,-0.434,0.969
0.102,-0.441,0.953
0.113,-0.441,0.938
0.129,-0.438,0.918
0.133,-0.426,0.902
0.141,-0.41,0.895
0.141,-0.402,0.879
0.137,-0.41,0.863
0.129,-0.418,0.852
0.129,-0.422,0.848
0.121,-0.426,0.84
0.121,-0.43,0.84
0.117,-0.441,0.844
0.109,-0.441,0.852
0.098,-0.445,0.855
0.074,-0.453,0.852
0.059,-0.461,0.855
0.047,-0.465,0.859
0.027,-0.48,0.867
0.004,-0.488,0.867
-0.02,-0.496,0.863
-0.031,-0.496,0.859
-0.039,-0.496,0.859
-0.039,-0.496,0.852
-0.039,-0.488,0.848
-0.039,-0.492,0.844
-0.043,-0.512,0.836
-0.043,-0.539,0.816
-0.035,-0.555,0.785
-0.012,-0.555,0.805
0.086,-0.547,0.902
0.281,-0.527,1.051
0.422,-0.492,1.168
0.434,-0.41,1.258
0.359,-0.316,1.348
0.262,-0.242,1.371
0.184,-0.223,1.32
0.145,-0.258,1.242
0.164,-0.289,1.168
0.176,-0.305,1.113
0.191,-0.32,1.078
0.211,-0.352,1.059
0.215,-0.383,1.059
0.195,-0.402,1.055
0.152,-0.402,1.047
0.098,-0.371,1.035
0.07,-0.328,1.035
0.059,-0.293,1.02
0.063,-0.277,1
0.07,-0.281,0.973
0.07,-0.293,0.949
0.063,-0.301,0.934
0.047,-0.293,0.91
0.035,-0.289,0.898
0.031,-0.281,0.895
0.027,-0.289,0.887
0.027,-0.301,0.879
0.031,-0.313,0.883
0.043,-0.324,0.879
0.051,-0.336,0.887
0.051,-0.34,0.887
0.074,-0.336,0.902
0.09,-0.324,0.91
0.098,-0.313,0.906
0.113,-0.293,0.922
0.117,-0.285,0.934
0.125,-0.281,0.953
0.117,-0.281,0.961
0.117,-0.293,0.961
0.125,-0.324,0.953
0.121,-0.379,0.949
0.094,-0.441,0.957
0.059,-0.504,0.973
0.012,-0.559,0.98
-0.039,-0.57,0.961
-0.098,-0.543,0.926
-0.137,-0.473,0.91
-0.152,-0.387,0.902
-0.164,-0.32,0.902
-0.184,-0.285,0.887
-0.207,-0.262,0.879
-0.203,-0.25,0.883
-0.176,-0.238,0.891
-0.125,-0.258,0.898
-0.055,-0.293,0.91
0.008,-0.328,0.934
0.047,-0.352,0.973
0.055,-0.352,0.992
0.059,-0.34,1.016
0.055,-0.313,1.027
0.039,-0.285,1.035
0.027,-0.262,1.035
0.016,-0.25,1.016
0.008,-0.262,1.004
0.004,-0.281,0.992
0.004,-0.301,0.988
-0.004,-0.316,0.984
0.004,-0.324,0.992
0.012,-0.332,0.996
0.016,-0.336,1
0.016,-0.344,1.004
0.008,-0.348,1.012
0.004,-0.352,1.016
0.004,-0.355,1.02
0.012,-0.371,1.023
0.027,-0.375,1.035
0.043,-0.379,1.023
0.051,-0.387,1.012
0.051,-0.387,1.008
0.043,-0.387,1.004
0.035,-0.387,0.996
0.027,-0.395,0.996
0.027,-0.395,0.98
0.023,-0.398,0.965
0.008,-0.391,0.941
-0.008,-0.391,0.91
-0.027,-0.387,0.883
-0.039,-0.379,0.863
-0.035,-0.383,0.855
-0.004,-0.398,0.852
0.074,-0.418,0.891
0.188,-0.445,0.961
0.285,-0.445,1.039
0.32,-0.41,1.102
0.293,-0.352,1.141
0.246,-0.289,1.148
0.199,-0.258,1.117
0.184,-0.266,1.07
0.184,-0.277,1.031
0.172,-0.262,0.996
0.152,-0.246,0.98
0.148,-0.246,0.992
0.168,-0.277,1.012
0.188,-0.32,1.031
0.188,-0.344,1.051
0.156,-0.348,1.063
0.109,-0.344,1.074
0.066,-0.324,1.074
0.047,-0.328,1.078
0.039,-0.34,1.07
0.043,-0.344,1.055
0.047,-0.336,1.031
0.043,-0.324,1.012
0.039,-0.32,0.996
0.035,-0.309,0.973
0.027,-0.305,0.938
0.031,-0.297,0.906
0.043,-0.297,0.895
0.035,-0.289,0.887
0.035,-0.27,0.891
0.047,-0.242,0.895
0.066,-0.211,0.902
0.094,-0.191,0.906
0.109,-0.172,0.906
0.105,-0.168,0.914
0.102,-0.18,0.926
0.086,-0.207,0.945
0.082,-0.234,0.969
0.074,-0.262,0.996
0.063,-0.293,1.016
0.047,-0.316,1.031
0.027,-0.324,1.031
0.043,-0.316,1.027
0.09,-0.289,1.027
0.145,-0.266,1.016
0.176,-0.27,1.016
0.176,-0.27,1.008
0.141,-0.277,1.016
0.109,-0.281,1.031
0.09,-0.277,1.027
0.117,-0.262,1.023
0.148,-0.242,1.008
0.18,-0.219,0.98
0.195,-0.211,0.953
0.188,-0.207,0.941
0.168,-0.176,0.949
0.16,-0.184,0.965
0.141,-0.207,0.977
0.141,-0.219,0.996
0.16,-0.227,1.008
0.18,-0.223,1.023
0.188,-0.223,1.027
0.184,-0.207,1.031
0.18,-0.219,1.031
0.164,-0.238,1.023
0.152,-0.242,1.031
0.152,-0.238,1.031
0.141,-0.238,1.023
0.129,-0.23,1.016
0.109,-0.23,1.016
0.098,-0.234,1.016
0.098,-0.242,1.027
0.105,-0.23,1.035
0.113,-0.238,1.043
0.117,-0.246,1.051
0.113,-0.254,1.047
0.105,-0.254,1.039
0.094,-0.242,1.035
0.09,-0.227,1.02
0.094,-0.23,1.008
0.105,-0.238,1.004
0.113,-0.23,1.004
0.129,-0.23,1.004
0.133,-0.23,1
0.129,-0.227,0.992
0.121,-0.23,0.988
0.117,-0.246,0.992
0.125,-0.25,1
0.137,-0.246,1
0.137,-0.242,0.992
0.117,-0.23,0.973
0.105,-0.207,0.965
0.086,-0.207,0.965
0.07,-0.199,0.961
0.07,-0.195,0.965
0.09,-0.199,0.977
0.113,-0.215,0.992
0.141,-0.223,1.008
0.164,-0.223,1.016
0.168,-0.215,1.023
0.16,-0.211,1.02
0.156,-0.211,1.02
0.152,-0.215,1.008
0.141,-0.219,1.004
0.137,-0.215,1.008
0.137,-0.223,1.012
0.145,-0.223,1.02
0.152,-0.219,1.027
0.16,-0.215,1.035
0.16,-0.203,1.043
0.16,-0.195,1.047
0.16,-0.188,1.043
0.156,-0.184,1.035
0.152,-0.172,1.023
0.141,-0.172,1.012
0.129,-0.172,1.016
0.117,-0.164,1.02
0.105,-0.156,1.023
0.102,-0.164,1.031
0.109,-0.172,1.031
0.113,-0.176,1.023
0.125,-0.184,1.012
0.129,-0.188,0.992
0.121,-0.184,0.969
0.113,-0.18,0.953
0.105,-0.18,0.938
0.078,-0.191,0.93
0.055,-0.211,0.93
0.031,-0.219,0.938
-0.008,-0.215,0.945
-0.027,-0.211,0.953
-0.035,-0.203,0.957
-0.035,-0.207,0.969
-0.035,-0.203,0.969
-0.031,-0.207,0.992
-0.016,-0.223,1.008
-0.008,-0.238,1.02
0.004,-0.254,1.031
0.023,-0.262,1.047
0.039,-0.273,1.055
0.039,-0.277,1.051
0.031,-0.277,1.035
0.023,-0.262,1.02
0.02,-0.254,0.992
0.016,-0.254,0.969
0.016,-0.242,0.953
0.016,-0.227,0.965
0.031,-0.203,1
0.066,-0.188,1.031
0.125,-0.18,1.051
0.184,-0.176,1.047
0.223,-0.152,1.023
0.207,-0.137,1.012
0.152,-0.121,1.004
0.086,-0.121,1.004
0.055,-0.117,0.996
0.063,-0.098,0.984
0.094,-0.066,0.98
0.129,-0.023,0.996
0.164,0.031,1.039
0.191,0.07,1.102
0.195,0.066,1.156
0.176,0.023,1.191
0.141,-0.055,1.203
0.098,-0.125,1.188
0.059,-0.176,1.16
0.051,-0.188,1.121
0.047,-0.172,1.078
0.078,-0.141,1.051
0.098,-0.109,1.035
0.109,-0.09,1.016
0.125,-0.082,1.004
0.133,-0.07,1
0.145,-0.055,1.004
0.152,-0.043,1.004
0.16,-0.031,0.996
0.164,-0.023,0.992
0.164,-0.02,0.992
0.16,-0.027,1
0.16,-0.035,1.004
0.168,-0.051,1.008
0.172,-0.063,1.016
0.18,-0.07,1.02
0.176,-0.078,1.016
0.172,-0.082,1.023
0.168,-0.094,1.031
0.156,-0.102,1.039
0.148,-0.102,1.047
0.137,-0.098,1.059
0.125,-0.094,1.059
0.121,-0.105,1.066
0.121,-0.113,1.074
0.121,-0.113,1.078
0.121,-0.109,1.078
0.121,-0.094,1.07
0.129,-0.082,1.059
0.133,-0.078,1.047
0.141,-0.074,1.027
0.145,-0.074,1.012
0.148,-0.082,0.996
0.145,-0.09,0.984
0.129,-0.086,0.984
0.121,-0.082,0.996
0.121,-0.078,1.012
0.117,-0.086,1.031
0.117,-0.098,1.043
0.129,-0.113,1.051
0.137,-0.125,1.055
0.141,-0.129,1.055
0.148,-0.125,1.051
0.148,-0.125,1.047
0.152,-0.121,1.031
0.152,-0.125,1.02
0.148,-0.133,1.016
0.133,-0.145,1.012
0.121,-0.16,1.008
0.109,-0.18,1
0.086,-0.195,0.984
0.074,-0.207,0.984
0.047,-0.199,0.98
0.023,-0.199,0.973
0.012,-0.199,0.973
-0.004,-0.195,0.969
-0.023,-0.195,0.965
-0.031,-0.195,0.965
-0.043,-0.195,0.965
-0.047,-0.195,0.965
-0.051,-0.211,0.969
-0.059,-0.227,0.977
-0.055,-0.234,0.98
-0.047,-0.238,0.984
-0.035,-0.246,0.984
-0.02,-0.246,0.992
-0.004,-0.242,1
0.008,-0.242,1.004
0.012,-0.242,1.012
0.004,-0.242,1.008
0.004,-0.238,1.008
0.012,-0.23,1.012
0.016,-0.223,1.016
0.012,-0.207,1.02
0.008,-0.199,1.02
0,-0.191,1.016
0.004,-0.184,1.023
-0.004,-0.184,1.031
-0.008,-0.18,1.027
-0.004,-0.18,1.027
-0.008,-0.184,1.035
-0.004,-0.188,1.047
0.008,-0.184,1.059
0.027,-0.184,1.066
0.047,-0.18,1.074
0.063,-0.18,1.078
0.063,-0.18,1.074
0.066,-0.18,1.07
0.063,-0.176,1.063
0.059,-0.18,1.066
0.055,-0.18,1.063
0.051,-0.18,1.063
0.051,-0.176,1.059
0.074,-0.168,1.047
0.098,-0.16,1.031
0.125,-0.148,1.012
0.145,-0.141,1
0.164,-0.129,0.992
0.195,-0.109,0.992
0.223,-0.086,0.992
0.242,-0.055,0.996
0.266,-0.031,1.012
0.277,-0.008,1.02
0.27,0.012,1.043
0.246,0.004,1.078
0.215,-0.023,1.113
0.18,-0.078,1.133
0.145,-0.137,1.137
0.109,-0.195,1.125
0.074,-0.234,1.09
0.051,-0.227,1.047
0.039,-0.184,1.02
0.055,-0.125,1.012
0.078,-0.074,1.004
0.098,-0.031,1.016
0.094,-0.023,1.039
0.082,-0.051,1.074
0.055,-0.109,1.098
0.039,-0.188,1.086
0.027,-0.258,1.035
0.043,-0.277,0.984
0.063,-0.246,0.949
0.086,-0.184,0.934
0.098,-0.121,0.93
0.086,-0.09,0.93
0.063,-0.094,0.93
0.035,-0.121,0.922
0.02,-0.156,0.926
0.02,-0.172,0.93
0.027,-0.168,0.93
0.043,-0.152,0.938
0.063,-0.137,0.945
0.074,-0.141,0.965
0.066,-0.152,0.988
0.043,-0.18,1.008
0.027,-0.215,1.039
0.012,-0.246,1.059
0.016,-0.273,1.082
0.031,-0.301,1.086
0.059,-0.32,1.082
0.082,-0.328,1.074
0.113,-0.324,1.07
0.129,-0.309,1.063
0.121,-0.297,1.055
0.113,-0.27,1.043
0.09,-0.246,1.023
0.066,-0.23,1.012
0.059,-0.207,1
0.059,-0.188,0.992
0.086,-0.176,0.992
0.133,-0.156,0.992
0.199,-0.16,0.988
0.25,-0.16,0.977
0.289,-0.168,0.961
0.293,-0.164,0.953
0.27,-0.168,0.953
0.238,-0.172,0.949
0.203,-0.168,0.949
0.184,-0.168,0.957
0.188,-0.148,0.961
0.203,-0.117,0.965
0.227,-0.082,0.969
0.25,-0.055,0.984
0.27,-0.047,1.016
0.273,-0.059,1.051
0.266,-0.094,1.086
0.242,-0.141,1.117
0.207,-0.184,1.133
0.176,-0.219,1.133
0.152,-0.227,1.117
0.133,-0.23,1.105
0.117,-0.219,1.086
0.105,-0.215,1.078
0.113,-0.199,1.063
0.117,-0.184,1.035
0.117,-0.168,1.016
0.121,-0.145,0.988
0.121,-0.125,0.977
0.121,-0.117,0.98
0.129,-0.117,0.988
0.133,-0.129,1.004
0.125,-0.152,1.023
0.09,-0.176,1.035
0.055,-0.191,1.027
0.035,-0.184,1.012
0.027,-0.156,0.996
0.055,-0.125,0.984
0.086,-0.098,0.977
0.105,-0.09,0.973
0.121,-0.094,0.977
0.133,-0.109,0.98
0.145,-0.125,0.988
0.152,-0.137,0.996
0.16,-0.148,1.004
0.172,-0.148,1.004
0.184,-0.145,1.016
0.188,-0.141,1.031
0.176,-0.141,1.035
0.156,-0.141,1.043
0.137,-0.145,1.047
0.133,-0.129,1.047
0.145,-0.121,1.047
0.152,-0.121,1.043
0.152,-0.121,1.035
0.152,-0.129,1.02
0.145,-0.133,1.012
0.137,-0.137,1.004
0.133,-0.148,0.996
0.137,-0.164,0.988
0.125,-0.172,0.98
0.113,-0.18,0.973
0.094,-0.184,0.965
0.063,-0.191,0.965
0.047,-0.191,0.965
0.031,-0.199,0.98
0.023,-0.211,0.984
0.02,-0.219,0.996
0.008,-0.215,1.008
-0.004,-0.207,1.023
-0.008,-0.191,1.035
0,-0.191,1.051
0.012,-0.188,1.055
0.035,-0.203,1.051
0.063,-0.223,1.047
0.082,-0.246,1.043
0.094,-0.262,1.039
0.098,-0.262,1.039
0.105,-0.258,1.035
0.117,-0.254,1.023
0.117,-0.25,1.012
0.117,-0.25,1
0.121,-0.25,0.977
0.121,-0.254,0.961
0.109,-0.25,0.953
0.105,-0.242,0.957
0.105,-0.223,0.961
0.121,-0.199,0.98
0.148,-0.188,0.996
0.18,-0.18,1.004
0.203,-0.184,1.023
0.211,-0.18,1.02
0.207,-0.184,1.008
0.195,-0.188,0.988
0.184,-0.184,0.969
0.18,-0.172,0.938
0.188,-0.152,0.926
0.188,-0.129,0.918
0.195,-0.105,0.914
0.219,-0.082,0.914
0.254,-0.063,0.93
0.277,-0.043,0.949
0.313,-0.035,0.98
0.332,-0.039,1.016
0.344,-0.047,1.059
0.324,-0.063,1.105
0.285,-0.094,1.141
0.242,-0.133,1.16
0.199,-0.164,1.141
0.176,-0.176,1.109
0.164,-0.172,1.074
0.168,-0.152,1.039
0.18,-0.129,1.02
0.191,-0.094,1.008
0.203,-0.063,1
0.203,-0.043,1
0.195,-0.027,1.008
0.176,-0.027,1.016
0.152,-0.035,1.027
0.121,-0.059,1.039
0.105,-0.066,1.027
0.094,-0.066,1.016
0.105,-0.051,1.004
0.125,-0.027,1.004
0.145,0.004,1.012
0.168,0.008,1.02
0.184,0,1.027
0.195,-0.02,1.035
0.207,-0.035,1.035
0.211,-0.043,1.035
0.215,-0.039,1.031
0.211,-0.023,1.02
0.211,-0.004,1.02
0.203,0.008,1.02
0.199,0.016,1.027
0.199,0.008,1.031
0.199,-0.004,1.035
0.184,-0.02,1.047
0.176,-0.023,1.043
0.172,-0.031,1.031
0.16,-0.031,1.012
0.16,-0.031,0.996
0.16,-0.031,0.973
0.152,-0.035,0.949
0.148,-0.031,0.938
0.148,-0.031,0.941
0.145,-0.027,0.949
0.141,-0.031,0.965
0.148,-0.035,0.988
0.16,-0.047,1.004
0.176,-0.066,1.02
0.172,-0.086,1.031
0.176,-0.105,1.043
0.156,-0.117,1.051
0.133,-0.137,1.043
0.113,-0.164,1.043
0.094,-0.184,1.043
0.074,-0.188,1.039
0.055,-0.188,1.039
0.043,-0.176,1.035
0.043,-0.152,1.035
0.051,-0.125,1.031
0.063,-0.117,1.035
0.078,-0.109,1.047
0.098,-0.102,1.063
0.117,-0.086,1.074
0.133,-0.078,1.082
0.141,-0.074,1.078
0.141,-0.07,1.07
0.129,-0.063,1.059
0.113,-0.059,1.035
0.102,-0.066,1.02
0.102,-0.055,1.012
0.129,-0.043,1.02
0.176,-0.031,1.031
0.223,-0.016,1.047
0.277,0,1.043
0.301,0,1.043
0.281,0.012,1.039
0.234,0.016,1.031
0.172,0.023,1.023
0.109,0.027,1.012
0.082,0.031,1.008
0.09,0.051,1.023
0.121,0.066,1.043
0.156,0.078,1.066
0.18,0.074,1.086
0.18,0.063,1.098
0.152,0.027,1.113
0.102,-0.027,1.117
0.059,-0.074,1.125
0.035,-0.109,1.117
0.012,-0.121,1.098
0.02,-0.113,1.07
0.039,-0.082,1.039
0.078,-0.039,1
0.113,-0.008,0.961
0.133,0.008,0.934
0.145,0.02,0.93
0.137,0.027,0.949
0.125,0.035,0.98
0.105,0.031,1.008
0.098,0.02,1.012
0.094,0.008,1.004
0.105,0.004,0.984
0.125,0,0.977
0.129,-0.012,0.969
0.113,-0.027,0.965
0.082,-0.051,0.965
0.047,-0.07,0.965
0.02,-0.086,0.969
0.012,-0.082,0.973
0.02,-0.059,0.969
0.039,-0.031,0.969
0.051,-0.012,0.969
0.055,-0.008,0.977
0.055,-0.02,0.992
0.055,-0.039,1.008
0.055,-0.051,1.023
0.07,-0.055,1.031
0.078,-0.051,1.043
0.078,-0.047,1.043
0.063,-0.055,1.043
0.039,-0.066,1.031
0.027,-0.078,1.02
0.027,-0.09,1.012
0.039,-0.094,1.008
0.051,-0.082,0.992
0.059,-0.066,0.969
0.059,-0.043,0.945
0.059,-0.039,0.934
0.055,-0.043,0.926
0.055,-0.055,0.934
0.07,-0.063,0.949
0.098,-0.051,0.957
0.145,-0.023,0.961
0.188,0.008,0.945
0.211,0.039,0.938
0.211,0.07,0.945
0.203,0.117,0.969
0.207,0.156,1.012
0.23,0.18,1.051
0.262,0.188,1.09
0.289,0.188,1.121
0.277,0.172,1.133
0.242,0.156,1.133
0.207,0.129,1.121
0.172,0.105,1.105
0.141,0.094,1.098
0.121,0.102,1.094
0.121,0.121,1.094
0.133,0.141,1.102
0.164,0.152,1.109
0.188,0.164,1.109
0.215,0.176,1.113
0.234,0.184,1.109
0.258,0.188,1.098
0.27,0.188,1.086
0.262,0.18,1.082
0.254,0.168,1.086
0.25,0.156,1.078
0.242,0.152,1.074
0.254,0.148,1.059
0.277,0.16,1.047
0.301,0.176,1.043
0.305,0.203,1.043
0.289,0.227,1.047
0.266,0.234,1.055
0.238,0.219,1.063
0.215,0.203,1.074
0.184,0.184,1.09
0.16,0.16,1.109
0.141,0.141,1.133
0.125,0.121,1.164
0.125,0.109,1.172
0.145,0.102,1.16
0.176,0.102,1.16
0.195,0.102,1.141
0.215,0.113,1.098
0.215,0.129,1.055
0.219,0.145,1.039
0.227,0.152,1.047
0.25,0.145,1.074
0.277,0.141,1.098
0.289,0.137,1.102
0.297,0.145,1.102
0.293,0.16,1.09
0.258,0.18,1.078
0.215,0.188,1.074
0.168,0.176,1.07
0.117,0.156,1.066
0.078,0.133,1.055
0.066,0.105,1.039
0.086,0.09,1.016
0.133,0.09,0.984
0.152,0.098,0.945
0.172,0.109,0.918
0.164,0.125,0.906
0.141,0.133,0.91
0.098,0.129,0.918
0.055,0.113,0.926
0.012,0.086,0.941
0,0.063,0.953
-0.012,0.043,0.961
-0.012,0.023,0.969
-0.012,0,0.984
-0.016,-0.027,0.984
-0.023,-0.043,0.988
-0.02,-0.059,0.996
0,-0.066,1.004
0.02,-0.086,1.004
0.039,-0.105,1.004
0.059,-0.117,1.004
0.063,-0.129,1
0.066,-0.137,0.996
0.066,-0.152,0.996
0.07,-0.148,0.988
0.078,-0.145,0.992
0.09,-0.141,0.996
0.098,-0.133,0.996
0.109,-0.133,1
0.117,-0.125,1
0.117,-0.121,1
0.117,-0.113,1
0.117,-0.102,1.004
0.117,-0.094,1.012
0.129,-0.082,1.023
0.141,-0.086,1.035
0.168,-0.082,1.039
0.184,-0.078,1.043
0.188,-0.082,1.047
0.188,-0.082,1.055
0.184,-0.082,1.055
0.172,-0.086,1.043
0.16,-0.102,1.039
0.152,-0.109,1.035
0.152,-0.113,1.039
0.16,-0.109,1.039
0.168,-0.098,1.027
0.18,-0.082,1.02
0.191,-0.063,1.02
0.203,-0.051,1.02
0.211,-0.047,1.02
0.227,-0.055,1.012
0.23,-0.055,1.012
0.242,-0.063,1.008
0.25,-0.063,1.004
0.266,-0.063,1
0.277,-0.059,0.996
0.285,-0.059,0.988
0.285,-0.051,0.984
0.273,-0.047,0.984
0.277,-0.051,0.992
0.281,-0.051,0.984
0.281,-0.051,0.984
0.285,-0.051,0.98
0.293,-0.043,0.98
0.305,-0.039,0.988
0.305,-0.035,0.996
0.305,-0.043,0.996
0.305,-0.043,0.996
0.297,-0.043,0.996
0.289,-0.047,1
0.277,-0.055,1.004
0.273,-0.055,1.004
0.273,-0.047,1
0.27,-0.043,0.996
0.27,-0.035,0.98
0.27,-0.035,0.984
0.273,-0.035,0.98
0.277,-0.031,0.977
0.285,-0.027,0.977
0.285,-0.016,0.969
0.285,-0.008,0.98
0.277,-0.004,0.992
0.262,-0.008,1
0.25,-0.02,1.008
0.242,-0.027,1.016
0.242,-0.023,1.012
0.246,-0.012,1.008
0.246,-0.008,1.004
0.25,-0.004,1
0.266,-0.004,0.992
0.277,-0.004,0.977
0.285,-0.004,0.965
0.285,0,0.953
0.285,0.004,0.949
0.285,0.008,0.945
0.281,0.008,0.938
0.277,0.008,0.941
0.277,0,0.945
0.273,-0.008,0.949
0.277,-0.023,0.965
0.285,-0.031,0.977
0.277,-0.043,0.988
0.277,-0.055,1
0.262,-0.066,1.008
0.246,-0.066,1.027
0.246,-0.059,1.043
0.238,-0.066,1.043
0.23,-0.074,1.043
0.211,-0.07,1.051
0.211,-0.07,1.055
0.211,-0.066,1.039
0.203,-0.063,1.023
0.203,-0.066,1.023
0.207,-0.066,1.02
0.219,-0.063,1.012
0.219,-0.066,1.008
0.219,-0.063,1.004
0.207,-0.059,1.004
0.203,-0.07,1.008
0.203,-0.086,1.02
0.211,-0.094,1.027
0.211,-0.09,1.031
0.211,-0.082,1.035
0.215,-0.066,1.02
0.211,-0.051,1
0.199,-0.047,0.996
0.191,-0.043,0.996
0.184,-0.039,0.996
0.184,-0.031,1.004
0.176,-0.027,1.004
0.176,-0.02,0.996
0.18,-0.02,0.996
0.184,-0.027,1.004
0.188,-0.031,1.012
0.188,-0.031,1.012
0.199,-0.023,1.016
0.203,-0.02,1.012
0.199,-0.02,1.008
0.188,-0.031,1.012
0.168,-0.043,1.008
0.145,-0.051,1.016
0.133,-0.059,1.027
0.125,-0.07,1.035
0.137,-0.082,1.039
0.145,-0.098,1.039
0.148,-0.105,1.039
0.156,-0.102,1.035
0.16,-0.105,1.039
0.168,-0.094,1.035
0.168,-0.086,1.02
0.16,-0.082,1.008
0.145,-0.094,1.012
0.145,-0.094,1.016
0.148,-0.098,1.016
0.16,-0.098,1.016
0.168,-0.082,1.02
0.188,-0.07,1.02
0.188,-0.066,1.02
0.18,-0.066,1.02
0.195,-0.07,1.027
0.207,-0.074,1.023
0.207,-0.059,1.023
0.199,-0.051,1.023
0.199,-0.039,1.02
0.191,-0.035,1.012
0.195,-0.027,1.008
0.195,-0.031,1.004
0.195,-0.031,1.004
0.195,-0.039,1.016
0.195,-0.051,1.023
0.191,-0.055,1.02
0.188,-0.051,1.023
0.188,-0.055,1.02
0.184,-0.051,1.02
0.176,-0.059,1.031
0.164,-0.066,1.035
0.156,-0.078,1.051
0.152,-0.082,1.063
0.156,-0.09,1.066
0.152,-0.082,1.055
0.152,-0.078,1.047
0.148,-0.07,1.043
0.152,-0.07,1.039
0.145,-0.074,1.039
0.137,-0.074,1.043
0.129,-0.074,1.035
0.121,-0.074,1.027
0.121,-0.078,1.02
0.129,-0.086,1.02
0.141,-0.094,1.023
0.152,-0.094,1.02
0.168,-0.082,1.012
0.164,-0.074,1.004
0.172,-0.07,1.004
0.164,-0.066,1.004
0.164,-0.059,1.004
0.172,-0.059,1.004
0.18,-0.066,1
0.184,-0.07,1.004
0.191,-0.066,1.004
0.188,-0.063,1.012
0.18,-0.055,1.02
0.16,-0.059,1.02
0.141,-0.078,1.02
0.129,-0.098,1.031
0.121,-0.113,1.047
0.141,-0.117,1.051
0.156,-0.121,1.047
0.164,-0.121,1.039
0.176,-0.125,1.043
0.168,-0.125,1.039
0.152,-0.125,1.039
0.141,-0.129,1.035
0.137,-0.137,1.039
0.148,-0.137,1.039
0.16,-0.137,1.031
0.176,-0.129,1.027
0.172,-0.125,1.023
0.168,-0.125,1.023
0.168,-0.121,1.02
0.156,-0.125,1.023
0.148,-0.129,1.02
0.141,-0.125,1.016
0.137,-0.125,1.012
0.145,-0.121,1.008
0.148,-0.117,1.004
0.16,-0.105,1.004
0.152,-0.113,0.996
0.145,-0.113,0.992
0.141,-0.109,0.992
0.141,-0.109,0.992
0.148,-0.109,1
0.152,-0.109,1.004
0.148,-0.113,1.016
0.148,-0.117,1.023
0.148,-0.133,1.027
0.156,-0.133,1.027
0.156,-0.133,1.02
0.145,-0.133,1.012
0.129,-0.129,1.012
0.125,-0.125,1.016
0.129,-0.117,1.027
0.141,-0.113,1.035
0.148,-0.105,1.035
0.156,-0.105,1.039
0.156,-0.109,1.039
0.156,-0.117,1.051
0.145,-0.125,1.055
0.129,-0.129,1.051
0.133,-0.121,1.043
0.129,-0.121,1.031
0.129,-0.121,1.023
0.137,-0.113,1.02
0.148,-0.098,1.02
0.156,-0.098,1.016
0.164,-0.098,1.012
0.172,-0.105,1.008
0.168,-0.105,1.004
0.16,-0.094,0.996
0.16,-0.09,0.996
0.152,-0.082,0.984
0.141,-0.078,0.98
0.141,-0.078,0.984
0.141,-0.086,0.992
0.148,-0.105,1
0.156,-0.117,1.004
0.16,-0.129,1.008
0.16,-0.121,1.012
0.152,-0.113,1.008
0.152,-0.109,1.008
0.152,-0.098,1.004
0.152,-0.094,1.004
0.156,-0.094,1.016
0.16,-0.098,1.027
0.164,-0.105,1.031
0.172,-0.109,1.039
0.176,-0.117,1.047
0.168,-0.117,1.043
0.168,-0.113,1.043
0.16,-0.113,1.035
0.156,-0.109,1.035
0.156,-0.105,1.047
0.156,-0.109,1.043
0.164,-0.113,1.051
0.172,-0.113,1.047
0.18,-0.109,1.043
0.188,-0.102,1.039
0.184,-0.105,1.035
0.172,-0.105,1.039
0.16,-0.109,1.039
0.152,-0.109,1.031
0.145,-0.105,1.027
0.152,-0.098,1.016
0.168,-0.09,1.008
0.188,-0.078,0.992
0.207,-0.066,0.984
0.199,-0.059,0.98
0.191,-0.063,0.984
0.172,-0.063,0.996
0.152,-0.074,1.008
0.148,-0.082,1.023
0.148,-0.098,1.035
0.152,-0.105,1.039
0.168,-0.105,1.039
0.176,-0.102,1.027
0.164,-0.102,1.027
0.148,-0.109,1.027
0.137,-0.117,1.031
0.117,-0.121,1.035
0.125,-0.133,1.031
0.125,-0.141,1.02
0.121,-0.148,1.023
0.121,-0.152,1.027
0.121,-0.16,1.035
0.125,-0.16,1.035
0.117,-0.164,1.035
0.121,-0.164,1.02
0.125,-0.16,1.012
0.141,-0.156,1.004
0.145,-0.148,1.004
0.148,-0.137,1.004
0.148,-0.129,1.004
0.152,-0.125,1.008
0.152,-0.125,1.016
0.156,-0.129,1.016
0.156,-0.137,1.016
0.148,-0.141,1.02
0.145,-0.141,1.023
0.145,-0.145,1.027
0.137,-0.133,1.023
0.129,-0.125,1.023
0.129,-0.117,1.016
0.141,-0.109,1.008
0.156,-0.121,0.996
0.172,-0.121,0.996
0.191,-0.133,0.988
0.199,-0.137,0.988
0.199,-0.137,0.98
0.195,-0.137,0.988
0.18,-0.137,0.996
0.164,-0.129,1.016
0.148,-0.137,1.031
0.145,-0.141,1.023
0.141,-0.141,1.012
0.133,-0.137,1.008
0.121,-0.137,1.004
0.113,-0.141,1.004
0.113,-0.145,1.004
0.121,-0.148,1.008
0.129,-0.16,1.004
0.145,-0.164,1.004
0.156,-0.156,1.012
0.164,-0.16,1.008
0.16,-0.156,1.008
0.141,-0.156,1.012
0.129,-0.164,1.023
0.121,-0.172,1.035
0.125,-0.18,1.039
0.129,-0.176,1.035
0.156,-0.172,1.031
0.168,-0.172,1.02
0.18,-0.168,1.027
0.184,-0.168,1.039
0.172,-0.168,1.055
0.148,-0.164,1.063
0.125,-0.156,1.066
0.105,-0.168,1.07
0.098,-0.164,1.063
0.102,-0.172,1.051
0.09,-0.176,1.043
0.094,-0.168,1.031
0.102,-0.164,1.031
0.105,-0.16,1.031
0.109,-0.172,1.035
0.113,-0.172,1.035
0.117,-0.176,1.031
0.125,-0.176,1.023
0.121,-0.18,1.016
0.121,-0.172,1.008
0.113,-0.176,1.004
0.113,-0.18,1.004
0.113,-0.188,1.004
0.113,-0.199,1.004
0.125,-0.195,1.004
0.133,-0.191,1.004
0.129,-0.184,1.004
0.133,-0.176,1
0.133,-0.184,1
0.137,-0.188,1
0.141,-0.191,1.004
0.145,-0.199,1.012
0.148,-0.199,1.012
0.152,-0.207,1.012
0.16,-0.207,1.023
0.164,-0.211,1.023
0.164,-0.211,1.023
0.168,-0.215,1.023
0.164,-0.211,1.02
0.152,-0.211,1.02
0.141,-0.211,1.02
0.137,-0.195,1.02
0.137,-0.188,1.02
0.137,-0.184,1.012
0.137,-0.184,1.008
0.145,-0.184,1.004
0.148,-0.18,1.004
0.16,-0.18,1.004
0.172,-0.18,1.004
0.168,-0.18,1.004
0.172,-0.176,1.012
0.168,-0.168,1.012
0.164,-0.164,1.012
0.152,-0.164,1.012
0.141,-0.164,1.012
0.141,-0.168,1.012
0.145,-0.172,1.004
0.141,-0.18,1.004
0.148,-0.18,1
0.156,-0.18,1
0.168,-0.176,1
0.18,-0.16,1.004
0.184,-0.152,1.004
0.168,-0.148,1.004
0.156,-0.145,1.012
0.148,-0.148,1.016
0.141,-0.145,1.008
0.129,-0.152,1.016
0.129,-0.156,1.012
0.133,-0.156,1.016
0.129,-0.16,1.012
0.133,-0.16,1.016
0.137,-0.16,1.02
0.129,-0.148,1.012
0.129,-0.145,1.008
0.125,-0.141,1.004
0.117,-0.148,1.004
0.109,-0.152,1
0.105,-0.156,1.004
0.102,-0.156,1.004
0.105,-0.145,1.004
0.113,-0.145,1.004
0.117,-0.141,1.008
0.117,-0.133,1.012
0.109,-0.125,1.008
0.098,-0.125,1.008
0.086,-0.125,1.004
0.078,-0.133,1.008
0.078,-0.141,1.02
0.082,-0.145,1.031
0.098,-0.156,1.031
0.105,-0.156,1.031
0.102,-0.16,1.031
0.105,-0.164,1.027
0.098,-0.16,1.027
0.082,-0.16,1.027
0.07,-0.16,1.027
0.063,-0.16,1.027
0.055,-0.16,1.031
0.051,-0.152,1.035
0.07,-0.152,1.031
0.078,-0.16,1.02
0.09,-0.164,1.008
0.098,-0.16,1.012
0.102,-0.16,1.02
0.094,-0.164,1.02
0.086,-0.16,1.027
0.078,-0.164,1.031
0.07,-0.164,1.035
0.063,-0.164,1.039
0.063,-0.172,1.035
0.063,-0.168,1.035
0.07,-0.168,1.039
0.074,-0.164,1.039
0.082,-0.164,1.027
0.086,-0.164,1.02
0.09,-0.164,1.02
0.09,-0.168,1.016
0.082,-0.16,1.02
0.066,-0.16,1.02
0.059,-0.164,1.02
0.059,-0.168,1.02
0.066,-0.168,1.016
0.07,-0.164,1.02
0.078,-0.156,1.016
0.078,-0.156,1.012
0.066,-0.16,1.008
0.07,-0.168,1.004
0.074,-0.18,1.012
0.078,-0.184,1.016
0.09,-0.188,1.027
0.094,-0.199,1.031
0.094,-0.195,1.031
0.094,-0.188,1.027
0.098,-0.184,1.023
0.094,-0.18,1.016
0.094,-0.18,1.012
0.09,-0.18,1.012
0.086,-0.191,1.008
0.09,-0.191,1.012
0.086,-0.203,1.027
0.094,-0.211,1.035
0.098,-0.207,1.035
0.094,-0.203,1.039
0.098,-0.199,1.035
0.094,-0.195,1.027
0.094,-0.191,1.02
0.09,-0.191,1.008
0.082,-0.203,0.996
0.074,-0.203,1
0.09,-0.211,1.016
0.098,-0.207,1.012
0.102,-0.195,1.008
0.102,-0.195,1.012
0.105,-0.195,1.016
0.102,-0.188,1.012
0.102,-0.188,1.008
0.102,-0.191,1.004
0.098,-0.191,1
0.094,-0.195,1
0.082,-0.199,1
0.094,-0.199,1.004
0.098,-0.207,1.004
0.105,-0.207,1.004
0.102,-0.207,1
0.098,-0.211,0.996
0.094,-0.219,1
0.086,-0.219,1.004
0.082,-0.223,1.008
0.078,-0.223,1.012
0.074,-0.219,1.016
0.074,-0.215,1.016
0.07,-0.207,1.008
0.07,-0.203,1
0.07,-0.195,0.996
0.074,-0.195,1
0.074,-0.195,1
0.078,-0.199,1.004
0.082,-0.199,1.008
0.09,-0.203,1.012
0.098,-0.199,1.016
0.09,-0.191,1.02
0.09,-0.184,1.02
0.086,-0.184,1.012
0.094,-0.18,1.008
0.094,-0.184,1.004
0.094,-0.191,1.004
0.098,-0.195,1.004
0.102,-0.195,1.012
0.102,-0.195,1.016
0.098,-0.195,1.016
0.098,-0.188,1.02
0.094,-0.188,1.023
0.082,-0.18,1.02
0.078,-0.172,1.02
0.078,-0.164,1.023
0.082,-0.164,1.02
0.094,-0.172,1.016
0.102,-0.176,1.031
0.094,-0.176,1.039
0.102,-0.176,1.055
0.102,-0.168,1.047
0.109,-0.156,1.027
0.105,-0.148,1.012
0.117,-0.145,1.004
0.125,-0.137,1.004
0.137,-0.125,1.008
0.141,-0.117,1.004
0.145,-0.109,1.012
0.145,-0.098,1.02
0.152,-0.098,1.016
0.156,-0.105,1.012
0.16,-0.113,1.004
0.16,-0.129,1
0.168,-0.141,0.992
0.176,-0.156,0.973
0.168,-0.168,0.969
0.16,-0.184,0.973
0.16,-0.199,0.98
0.156,-0.215,0.996
0.16,-0.219,1.016
0.172,-0.215,1.031
0.176,-0.215,1.047
0.16,-0.215,1.051
0.141,-0.215,1.059
0.133,-0.215,1.059
0.109,-0.215,1.055
0.09,-0.215,1.047
0.086,-0.219,1.035
0.078,-0.211,1.02
0.09,-0.199,1.012
0.105,-0.191,1.004
0.113,-0.184,0.996
0.117,-0.184,0.988
0.125,-0.18,0.984
0.117,-0.18,0.977
0.102,-0.18,0.969
0.098,-0.18,0.965
0.094,-0.188,0.965
0.098,-0.184,0.965
0.098,-0.18,0.965
0.109,-0.164,0.961
0.109,-0.152,0.949
0.109,-0.145,0.949
0.102,-0.145,0.961
0.094,-0.137,0.973
