-0.031,-0.738,0.676
-0.008,-0.719,0.676
0.004,-0.711,0.68
0.008,-0.707,0.68
0.016,-0.703,0.688
0.012,-0.699,0.688
0.012,-0.699,0.699
0.0,-0.703,0.707
0.004,-0.707,0.715
0.0,-0.711,0.719
0.012,-0.695,0.723
0.016,-0.676,0.734
0.02,-0.664,0.742
0.016,-0.668,0.746
0.02,-0.688,0.75
0.023,-0.695,0.754
0.023,-0.711,0.766
0.008,-0.719,0.781
-0.004,-0.711,0.805
-0.008,-0.695,0.813
-0.02,-0.695,0.801
-0.012,-0.699,0.801
-0.016,-0.703,0.789
-0.023,-0.707,0.77
-0.027,-0.699,0.758
-0.023,-0.691,0.746
-0.027,-0.68,0.734
-0.031,-0.672,0.723
-0.035,-0.656,0.707
-0.047,-0.645,0.691
-0.063,-0.641,0.676
-0.074,-0.637,0.672
-0.078,-0.648,0.68
-0.074,-0.676,0.691
-0.063,-0.723,0.699
-0.051,-0.77,0.707
-0.039,-0.805,0.715
-0.039,-0.809,0.719
-0.039,-0.789,0.723
-0.055,-0.781,0.715
-0.07,-0.773,0.715
-0.074,-0.781,0.715
-0.082,-0.805,0.715
-0.094,-0.828,0.715
-0.098,-0.84,0.715
-0.105,-0.844,0.707
-0.125,-0.848,0.691
-0.137,-0.836,0.684
-0.145,-0.805,0.68
-0.145,-0.77,0.676
-0.141,-0.734,0.672
-0.129,-0.703,0.672
-0.125,-0.684,0.672
-0.121,-0.676,0.664
-0.125,-0.668,0.676
-0.133,-0.672,0.68
-0.137,-0.676,0.688
-0.148,-0.68,0.695
-0.16,-0.691,0.711
-0.18,-0.707,0.723
-0.188,-0.723,0.723
-0.199,-0.75,0.707
-0.207,-0.785,0.68
-0.219,-0.82,0.641
-0.23,-0.836,0.617
-0.23,-0.836,0.617
-0.219,-0.82,0.621
-0.199,-0.809,0.629
-0.188,-0.809,0.641
-0.18,-0.789,0.668
-0.184,-0.758,0.688
-0.172,-0.746,0.711
-0.164,-0.723,0.719
-0.152,-0.715,0.719
-0.16,-0.719,0.719
-0.156,-0.727,0.719
-0.16,-0.734,0.711
-0.16,-0.727,0.715
-0.16,-0.719,0.719
-0.168,-0.719,0.719
-0.164,-0.73,0.711
-0.156,-0.734,0.695
-0.145,-0.73,0.691
-0.141,-0.715,0.688
-0.129,-0.711,0.68
-0.133,-0.723,0.668
-0.141,-0.73,0.668
-0.141,-0.738,0.66
-0.148,-0.734,0.66
-0.168,-0.73,0.664
-0.176,-0.723,0.672
-0.188,-0.715,0.688
-0.195,-0.711,0.703
-0.191,-0.707,0.715
-0.172,-0.707,0.727
-0.164,-0.707,0.727
-0.16,-0.719,0.73
-0.164,-0.742,0.727
-0.176,-0.754,0.715
-0.191,-0.777,0.703
-0.191,-0.805,0.672
-0.172,-0.844,0.672
-0.133,-0.871,0.676
-0.105,-0.875,0.684
-0.086,-0.848,0.707
-0.098,-0.809,0.742
-0.117,-0.793,0.777
-0.125,-0.805,0.816
-0.117,-0.828,0.848
-0.105,-0.848,0.875
-0.094,-0.855,0.887
-0.094,-0.871,0.879
-0.102,-0.895,0.859
-0.105,-0.918,0.836
-0.109,-0.918,0.809
-0.109,-0.914,0.785
-0.105,-0.891,0.781
-0.094,-0.859,0.785
-0.082,-0.832,0.781
-0.078,-0.801,0.793
-0.078,-0.773,0.801
-0.055,-0.742,0.805
-0.035,-0.695,0.785
-0.008,-0.637,0.773
0.016,-0.59,0.766
0.047,-0.551,0.758
0.078,-0.523,0.754
0.102,-0.52,0.75
0.113,-0.535,0.746
0.133,-0.555,0.734
0.145,-0.559,0.727
0.156,-0.566,0.719
0.164,-0.566,0.707
0.164,-0.582,0.707
0.156,-0.594,0.699
0.16,-0.613,0.695
0.156,-0.629,0.688
0.156,-0.629,0.684
0.152,-0.621,0.68
0.152,-0.609,0.688
0.156,-0.605,0.695
0.156,-0.621,0.688
0.148,-0.633,0.684
0.137,-0.641,0.676
0.133,-0.637,0.676
0.125,-0.652,0.676
0.125,-0.668,0.68
0.133,-0.68,0.68
0.125,-0.695,0.68
0.125,-0.699,0.676
0.121,-0.707,0.672
0.113,-0.723,0.668
0.094,-0.738,0.656
0.09,-0.75,0.648
0.09,-0.762,0.637
0.09,-0.766,0.633
0.09,-0.758,0.633
0.09,-0.746,0.629
0.082,-0.734,0.633
0.074,-0.719,0.633
0.082,-0.719,0.637
0.09,-0.719,0.648
0.094,-0.719,0.66
0.098,-0.723,0.672
0.098,-0.734,0.68
0.094,-0.734,0.68
0.09,-0.746,0.68
0.094,-0.766,0.668
0.09,-0.793,0.656
0.098,-0.824,0.637
0.082,-0.855,0.613
0.074,-0.906,0.617
0.055,-0.953,0.617
0.035,-0.984,0.637
0.012,-0.984,0.652
0.004,-0.941,0.676
0.004,-0.887,0.711
-0.008,-0.832,0.746
-0.023,-0.781,0.773
-0.047,-0.754,0.781
-0.066,-0.742,0.781
-0.094,-0.754,0.777
-0.121,-0.766,0.777
-0.141,-0.773,0.781
-0.152,-0.777,0.797
-0.156,-0.781,0.824
-0.137,-0.781,0.848
-0.113,-0.773,0.852
-0.078,-0.762,0.836
-0.047,-0.762,0.828
-0.031,-0.77,0.824
-0.031,-0.758,0.82
-0.023,-0.738,0.793
-0.027,-0.73,0.762
-0.027,-0.727,0.727
-0.027,-0.734,0.695
-0.023,-0.742,0.672
-0.016,-0.742,0.648
-0.008,-0.73,0.633
0.004,-0.707,0.617
0.02,-0.68,0.613
0.023,-0.664,0.613
0.02,-0.648,0.613
0.02,-0.641,0.613
0.016,-0.641,0.609
0.004,-0.652,0.602
-0.012,-0.664,0.59
-0.035,-0.668,0.582
-0.059,-0.68,0.574
-0.09,-0.684,0.559
-0.109,-0.688,0.555
-0.125,-0.691,0.551
-0.148,-0.719,0.543
-0.164,-0.758,0.543
-0.168,-0.785,0.543
-0.172,-0.809,0.547
-0.18,-0.82,0.563
-0.18,-0.816,0.57
-0.176,-0.797,0.594
-0.164,-0.777,0.625
-0.164,-0.77,0.656
-0.148,-0.773,0.695
-0.152,-0.793,0.719
-0.164,-0.816,0.734
-0.188,-0.836,0.738
-0.215,-0.855,0.746
-0.23,-0.875,0.754
-0.234,-0.898,0.758
-0.223,-0.93,0.762
-0.191,-0.965,0.77
-0.156,-0.996,0.793
-0.113,-0.996,0.813
-0.102,-0.945,0.848
-0.109,-0.863,0.879
-0.105,-0.793,0.895
-0.082,-0.762,0.891
-0.059,-0.77,0.871
-0.031,-0.781,0.848
-0.012,-0.781,0.816
0.008,-0.777,0.789
0.023,-0.777,0.77
0.051,-0.766,0.766
0.09,-0.73,0.77
0.121,-0.684,0.785
0.141,-0.633,0.797
0.145,-0.59,0.805
0.137,-0.578,0.797
0.125,-0.598,0.785
0.109,-0.621,0.77
0.098,-0.641,0.754
0.094,-0.645,0.734
0.094,-0.648,0.723
0.082,-0.652,0.711
0.07,-0.66,0.703
0.059,-0.676,0.707
0.047,-0.676,0.715
0.039,-0.664,0.727
0.043,-0.648,0.734
0.055,-0.629,0.734
0.074,-0.617,0.727
0.082,-0.625,0.719
0.078,-0.637,0.703
0.074,-0.656,0.691
0.07,-0.668,0.684
0.066,-0.68,0.68
0.07,-0.684,0.672
0.078,-0.688,0.664
0.09,-0.688,0.66
0.098,-0.691,0.656
0.098,-0.699,0.652
0.082,-0.699,0.648
0.086,-0.707,0.637
0.086,-0.719,0.621
0.09,-0.73,0.609
0.094,-0.73,0.59
0.098,-0.738,0.574
0.105,-0.73,0.563
0.113,-0.73,0.559
0.113,-0.734,0.563
0.113,-0.742,0.563
0.121,-0.746,0.57
0.133,-0.746,0.574
0.145,-0.738,0.586
0.148,-0.738,0.59
0.148,-0.734,0.602
0.137,-0.742,0.605
0.137,-0.746,0.613
0.145,-0.754,0.613
0.164,-0.766,0.613
0.176,-0.785,0.617
0.184,-0.813,0.609
0.18,-0.836,0.59
0.172,-0.859,0.582
0.152,-0.902,0.578
0.129,-0.961,0.594
0.09,-1.023,0.609
0.051,-1.066,0.629
0.035,-1.063,0.668
0.016,-1.027,0.707
-0.016,-0.969,0.746
-0.066,-0.91,0.77
-0.105,-0.852,0.777
-0.125,-0.809,0.766
-0.137,-0.785,0.746
-0.137,-0.781,0.727
-0.152,-0.789,0.723
-0.148,-0.789,0.734
-0.145,-0.781,0.746
-0.125,-0.777,0.777
-0.102,-0.77,0.789
-0.07,-0.773,0.789
-0.051,-0.758,0.781
-0.043,-0.754,0.773
-0.031,-0.75,0.773
-0.016,-0.762,0.766
0.004,-0.781,0.742
0.02,-0.777,0.711
0.027,-0.762,0.691
0.043,-0.746,0.68
0.051,-0.734,0.66
0.051,-0.719,0.652
0.07,-0.707,0.648
0.078,-0.684,0.633
0.078,-0.664,0.633
0.066,-0.668,0.629
0.055,-0.672,0.625
0.039,-0.691,0.609
0.027,-0.699,0.605
0.008,-0.711,0.602
-0.008,-0.73,0.605
-0.023,-0.738,0.602
-0.043,-0.738,0.609
-0.063,-0.723,0.602
-0.09,-0.723,0.594
-0.105,-0.723,0.574
-0.125,-0.727,0.559
-0.133,-0.738,0.555
-0.133,-0.754,0.547
-0.125,-0.766,0.555
-0.129,-0.766,0.566
-0.141,-0.762,0.578
-0.16,-0.758,0.598
-0.18,-0.75,0.613
-0.191,-0.746,0.633
-0.195,-0.742,0.648
-0.195,-0.742,0.664
-0.184,-0.762,0.672
-0.176,-0.785,0.684
-0.172,-0.813,0.699
-0.18,-0.832,0.715
-0.168,-0.855,0.734
-0.172,-0.875,0.742
-0.172,-0.891,0.738
-0.172,-0.895,0.73
-0.164,-0.906,0.723
-0.156,-0.938,0.73
-0.129,-1.0,0.758
-0.086,-1.055,0.789
-0.051,-1.055,0.809
-0.031,-0.992,0.836
-0.023,-0.91,0.844
-0.008,-0.844,0.836
0.012,-0.813,0.809
0.023,-0.805,0.789
0.039,-0.781,0.785
0.051,-0.738,0.781
0.082,-0.695,0.773
0.121,-0.664,0.766
0.16,-0.629,0.758
0.176,-0.602,0.746
0.164,-0.578,0.738
0.176,-0.574,0.742
0.18,-0.586,0.742
0.191,-0.609,0.73
0.199,-0.641,0.715
0.207,-0.656,0.707
0.191,-0.66,0.699
0.168,-0.652,0.691
0.145,-0.656,0.691
0.125,-0.676,0.691
0.094,-0.699,0.691
0.074,-0.707,0.699
0.063,-0.719,0.703
0.055,-0.715,0.703
0.043,-0.699,0.699
0.043,-0.688,0.691
0.047,-0.691,0.688
0.055,-0.695,0.68
0.047,-0.699,0.66
0.051,-0.711,0.648
0.051,-0.719,0.637
0.043,-0.719,0.633
0.047,-0.715,0.637
0.047,-0.719,0.633
0.043,-0.73,0.633
0.039,-0.742,0.633
0.051,-0.754,0.633
0.07,-0.762,0.633
0.09,-0.762,0.625
0.105,-0.754,0.613
0.105,-0.75,0.602
0.094,-0.746,0.586
0.082,-0.746,0.57
0.066,-0.754,0.555
0.063,-0.77,0.543
0.066,-0.773,0.531
0.082,-0.773,0.527
0.105,-0.77,0.531
0.129,-0.766,0.531
0.137,-0.766,0.527
0.141,-0.773,0.531
0.148,-0.781,0.539
0.156,-0.789,0.551
0.168,-0.793,0.563
0.176,-0.801,0.582
0.18,-0.805,0.594
0.168,-0.82,0.602
0.152,-0.84,0.605
0.133,-0.863,0.59
0.113,-0.898,0.586
0.074,-0.938,0.59
0.039,-0.977,0.617
-0.004,-0.988,0.625
-0.027,-0.961,0.637
-0.039,-0.914,0.664
-0.063,-0.883,0.691
-0.086,-0.875,0.711
-0.109,-0.875,0.727
-0.109,-0.871,0.727
-0.117,-0.867,0.73
-0.133,-0.879,0.754
-0.148,-0.902,0.766
-0.148,-0.922,0.754
-0.141,-0.938,0.746
-0.125,-0.914,0.762
-0.117,-0.836,0.797
-0.102,-0.77,0.809
-0.086,-0.762,0.785
-0.07,-0.793,0.75
-0.051,-0.836,0.711
-0.031,-0.859,0.676
-0.004,-0.848,0.66
0.023,-0.797,0.652
0.043,-0.734,0.648
0.055,-0.695,0.648
0.063,-0.68,0.641
0.07,-0.684,0.633
0.066,-0.676,0.625
0.051,-0.66,0.605
0.027,-0.652,0.602
0.02,-0.652,0.594
0.008,-0.664,0.594
0.004,-0.68,0.586
-0.004,-0.703,0.582
-0.016,-0.73,0.582
-0.023,-0.742,0.586
-0.027,-0.746,0.582
-0.035,-0.75,0.578
-0.047,-0.77,0.574
-0.07,-0.785,0.574
-0.09,-0.793,0.57
-0.102,-0.793,0.566
-0.105,-0.789,0.57
-0.102,-0.777,0.582
-0.094,-0.766,0.59
-0.09,-0.773,0.59
-0.082,-0.801,0.59
-0.078,-0.805,0.602
-0.078,-0.789,0.609
-0.086,-0.762,0.625
-0.098,-0.723,0.637
-0.102,-0.711,0.645
-0.117,-0.723,0.645
-0.141,-0.754,0.652
-0.16,-0.809,0.652
-0.184,-0.859,0.66
-0.195,-0.898,0.66
-0.195,-0.914,0.668
-0.191,-0.922,0.664
-0.176,-0.965,0.66
-0.129,-1.035,0.688
-0.078,-1.113,0.695
-0.051,-1.086,0.719
-0.059,-0.988,0.766
-0.055,-0.898,0.813
-0.031,-0.863,0.832
0.0,-0.852,0.848
0.02,-0.828,0.863
0.031,-0.77,0.863
0.047,-0.727,0.855
0.063,-0.703,0.832
0.074,-0.699,0.805
0.078,-0.688,0.773
0.078,-0.672,0.754
0.078,-0.645,0.746
0.082,-0.629,0.742
0.086,-0.621,0.75
0.094,-0.629,0.754
0.105,-0.641,0.754
0.121,-0.641,0.742
0.121,-0.648,0.734
0.109,-0.645,0.727
0.082,-0.637,0.727
0.055,-0.648,0.738
0.035,-0.668,0.742
0.02,-0.688,0.73
0.016,-0.695,0.723
0.023,-0.695,0.715
0.023,-0.691,0.707
0.023,-0.684,0.703
0.027,-0.68,0.699
0.027,-0.68,0.691
0.023,-0.68,0.684
0.023,-0.676,0.68
0.016,-0.676,0.68
0.02,-0.676,0.68
0.016,-0.676,0.676
0.023,-0.684,0.668
0.027,-0.691,0.656
0.039,-0.691,0.645
0.039,-0.691,0.641
0.063,-0.688,0.633
0.078,-0.684,0.621
0.082,-0.676,0.617
0.078,-0.676,0.609
0.082,-0.672,0.617
0.086,-0.676,0.613
0.094,-0.676,0.609
0.105,-0.684,0.613
0.129,-0.691,0.613
0.148,-0.695,0.617
0.168,-0.699,0.625
0.18,-0.703,0.629
0.184,-0.723,0.637
0.172,-0.75,0.633
0.152,-0.77,0.637
0.137,-0.785,0.637
0.125,-0.813,0.625
0.117,-0.848,0.613
0.113,-0.895,0.598
0.102,-0.965,0.59
0.074,-1.043,0.598
0.035,-1.094,0.609
0.0,-1.086,0.617
-0.02,-1.016,0.645
-0.035,-0.926,0.684
-0.051,-0.848,0.711
-0.07,-0.789,0.738
-0.09,-0.75,0.75
-0.105,-0.734,0.762
-0.133,-0.738,0.781
-0.164,-0.766,0.801
-0.191,-0.797,0.82
-0.195,-0.82,0.832
-0.18,-0.844,0.828
-0.16,-0.848,0.84
-0.137,-0.84,0.852
-0.117,-0.805,0.863
-0.109,-0.781,0.863
-0.102,-0.777,0.844
-0.086,-0.785,0.813
-0.066,-0.793,0.777
-0.059,-0.789,0.738
-0.055,-0.77,0.703
-0.055,-0.754,0.68
-0.047,-0.746,0.652
-0.031,-0.727,0.629
-0.012,-0.707,0.617
0.004,-0.684,0.598
0.016,-0.66,0.59
0.008,-0.645,0.578
0.02,-0.645,0.582
0.0,-0.656,0.57
-0.016,-0.672,0.57
-0.031,-0.688,0.57
-0.031,-0.688,0.559
-0.035,-0.695,0.551
-0.039,-0.719,0.543
-0.047,-0.734,0.543
-0.055,-0.746,0.551
-0.063,-0.762,0.563
-0.07,-0.777,0.57
-0.074,-0.793,0.582
-0.078,-0.797,0.578
-0.078,-0.789,0.582
-0.09,-0.77,0.59
-0.102,-0.758,0.594
-0.105,-0.75,0.598
-0.109,-0.746,0.605
-0.109,-0.758,0.613
-0.113,-0.785,0.621
-0.141,-0.816,0.637
-0.156,-0.84,0.656
-0.168,-0.855,0.68
-0.168,-0.863,0.691
-0.152,-0.871,0.707
-0.129,-0.867,0.707
-0.117,-0.867,0.695
-0.113,-0.883,0.691
-0.113,-0.91,0.684
-0.121,-0.969,0.688
-0.105,-1.043,0.707
-0.078,-1.094,0.719
-0.051,-1.063,0.734
-0.051,-0.98,0.77
-0.051,-0.902,0.805
-0.027,-0.887,0.809
0.004,-0.906,0.781
0.027,-0.902,0.766
0.023,-0.863,0.77
0.023,-0.809,0.77
0.039,-0.766,0.754
0.047,-0.727,0.734
0.055,-0.688,0.727
0.07,-0.652,0.715
0.082,-0.633,0.699
0.094,-0.613,0.688
0.105,-0.602,0.68
0.117,-0.598,0.68
0.129,-0.594,0.672
0.133,-0.598,0.66
0.141,-0.605,0.656
0.141,-0.625,0.652
0.137,-0.645,0.648
0.121,-0.668,0.66
0.102,-0.688,0.668
0.094,-0.703,0.684
0.078,-0.711,0.695
0.086,-0.707,0.688
0.082,-0.703,0.684
0.07,-0.703,0.676
0.055,-0.711,0.664
0.035,-0.73,0.648
0.031,-0.754,0.637
0.027,-0.777,0.625
0.043,-0.777,0.617
0.051,-0.781,0.617
0.059,-0.781,0.617
0.055,-0.777,0.613
0.055,-0.762,0.609
0.051,-0.766,0.602
0.047,-0.77,0.586
0.047,-0.777,0.574
0.043,-0.773,0.555
0.043,-0.766,0.547
0.047,-0.75,0.543
0.055,-0.742,0.539
0.066,-0.738,0.543
0.086,-0.738,0.547
0.102,-0.742,0.555
0.117,-0.738,0.57
0.117,-0.738,0.57
0.117,-0.742,0.57
0.109,-0.75,0.57
0.102,-0.75,0.578
0.086,-0.758,0.59
0.078,-0.758,0.602
0.066,-0.77,0.605
0.051,-0.805,0.594
0.035,-0.855,0.59
0.027,-0.938,0.598
0.004,-1.039,0.621
-0.02,-1.125,0.641
-0.047,-1.156,0.66
-0.055,-1.105,0.699
-0.043,-1.02,0.742
-0.031,-0.945,0.77
-0.012,-0.887,0.777
0.016,-0.852,0.77
0.039,-0.836,0.758
0.012,-0.84,0.746
-0.039,-0.84,0.75
-0.105,-0.824,0.75
-0.164,-0.801,0.754
-0.203,-0.766,0.754
-0.211,-0.746,0.758
-0.184,-0.742,0.754
-0.152,-0.738,0.762
-0.129,-0.73,0.766
-0.117,-0.723,0.762
-0.109,-0.73,0.75
-0.09,-0.746,0.734
-0.07,-0.766,0.707
-0.059,-0.77,0.68
-0.063,-0.746,0.656
-0.074,-0.723,0.641
-0.074,-0.707,0.625
-0.074,-0.711,0.621
-0.063,-0.711,0.617
-0.051,-0.711,0.605
-0.043,-0.703,0.602
-0.039,-0.691,0.594
-0.031,-0.684,0.586
-0.031,-0.684,0.582
-0.027,-0.691,0.578
-0.02,-0.703,0.574
-0.016,-0.723,0.566
-0.016,-0.734,0.559
-0.016,-0.742,0.559
-0.031,-0.742,0.566
-0.043,-0.742,0.563
-0.051,-0.75,0.559
-0.055,-0.766,0.566
-0.055,-0.773,0.57
-0.063,-0.77,0.574
-0.078,-0.766,0.586
-0.09,-0.762,0.602
-0.105,-0.762,0.613
-0.113,-0.77,0.629
-0.117,-0.781,0.648
-0.129,-0.809,0.672
-0.133,-0.824,0.699
-0.137,-0.844,0.719
-0.148,-0.844,0.738
-0.156,-0.844,0.754
-0.164,-0.84,0.754
-0.16,-0.84,0.754
-0.152,-0.859,0.758
-0.133,-0.895,0.762
-0.109,-0.945,0.781
-0.082,-0.98,0.797
-0.055,-0.969,0.805
-0.047,-0.906,0.824
-0.039,-0.84,0.832
-0.016,-0.82,0.828
0.016,-0.848,0.813
0.039,-0.859,0.793
0.051,-0.855,0.781
0.066,-0.82,0.785
0.102,-0.781,0.777
0.133,-0.75,0.77
0.145,-0.715,0.762
0.141,-0.672,0.754
0.125,-0.648,0.738
0.102,-0.629,0.727
0.078,-0.621,0.715
0.07,-0.617,0.699
0.07,-0.617,0.688
0.074,-0.629,0.68
0.082,-0.641,0.672
0.09,-0.645,0.676
0.094,-0.645,0.691
0.09,-0.641,0.703
0.082,-0.637,0.711
0.078,-0.637,0.715
0.074,-0.637,0.719
0.074,-0.648,0.719
0.074,-0.656,0.711
0.074,-0.668,0.707
0.066,-0.676,0.691
0.059,-0.684,0.68
0.055,-0.695,0.672
0.051,-0.715,0.668
0.051,-0.73,0.676
0.051,-0.738,0.676
0.059,-0.742,0.676
0.063,-0.746,0.664
0.066,-0.738,0.66
0.074,-0.73,0.66
0.078,-0.727,0.652
0.09,-0.73,0.633
0.098,-0.727,0.621
0.09,-0.715,0.609
0.09,-0.707,0.609
0.09,-0.703,0.613
0.09,-0.703,0.621
0.082,-0.703,0.629
0.07,-0.707,0.621
0.066,-0.711,0.617
0.074,-0.711,0.621
0.086,-0.707,0.621
0.113,-0.703,0.633
0.133,-0.703,0.629
0.148,-0.703,0.629
0.18,-0.723,0.637
0.199,-0.75,0.625
0.199,-0.785,0.598
0.176,-0.828,0.582
0.156,-0.855,0.551
0.141,-0.902,0.539
0.121,-0.965,0.543
0.082,-1.023,0.559
0.039,-1.027,0.582
0.016,-0.98,0.633
0.004,-0.918,0.695
-0.016,-0.859,0.75
-0.055,-0.813,0.789
-0.098,-0.789,0.813
-0.121,-0.773,0.824
-0.121,-0.777,0.824
-0.113,-0.805,0.816
-0.121,-0.836,0.805
-0.125,-0.859,0.801
-0.129,-0.871,0.816
-0.141,-0.863,0.828
-0.152,-0.848,0.832
-0.145,-0.824,0.82
-0.121,-0.813,0.793
-0.094,-0.824,0.77
-0.059,-0.832,0.746
-0.02,-0.832,0.719
-0.004,-0.793,0.695
-0.004,-0.738,0.68
-0.004,-0.688,0.672
-0.008,-0.68,0.648
-0.012,-0.707,0.629
-0.02,-0.73,0.609
-0.023,-0.742,0.586
-0.027,-0.734,0.57
-0.031,-0.707,0.566
-0.035,-0.684,0.559
-0.023,-0.668,0.555
-0.016,-0.66,0.551
-0.012,-0.672,0.543
-0.012,-0.691,0.543
-0.023,-0.715,0.539
-0.039,-0.746,0.543
-0.059,-0.766,0.551
-0.07,-0.77,0.563
-0.086,-0.766,0.566
-0.098,-0.77,0.563
-0.094,-0.777,0.57
-0.09,-0.785,0.57
-0.09,-0.797,0.574
-0.094,-0.801,0.586
-0.105,-0.785,0.586
-0.109,-0.762,0.598
-0.133,-0.75,0.602
-0.137,-0.746,0.613
-0.141,-0.77,0.633
-0.148,-0.797,0.645
-0.148,-0.84,0.652
-0.156,-0.859,0.668
-0.168,-0.871,0.688
-0.176,-0.871,0.707
-0.176,-0.871,0.719
-0.16,-0.875,0.719
-0.148,-0.871,0.699
-0.145,-0.879,0.688
-0.145,-0.906,0.664
-0.152,-0.961,0.664
-0.133,-1.035,0.688
-0.082,-1.086,0.699
-0.043,-1.07,0.723
-0.031,-0.984,0.773
-0.023,-0.906,0.82
0.0,-0.895,0.836
0.02,-0.926,0.816
0.027,-0.914,0.809
0.02,-0.84,0.813
0.023,-0.773,0.793
0.043,-0.742,0.75
0.063,-0.723,0.703
0.066,-0.699,0.684
0.066,-0.668,0.68
0.074,-0.648,0.676
0.098,-0.637,0.676
0.129,-0.641,0.68
0.164,-0.645,0.68
0.191,-0.648,0.68
0.203,-0.633,0.672
0.211,-0.609,0.664
0.199,-0.605,0.66
0.191,-0.625,0.656
0.172,-0.668,0.645
0.141,-0.703,0.633
0.117,-0.727,0.625
0.105,-0.723,0.625
0.102,-0.711,0.621
0.098,-0.703,0.617
0.082,-0.707,0.605
0.09,-0.727,0.613
0.086,-0.738,0.605
0.09,-0.75,0.598
0.086,-0.762,0.59
0.086,-0.766,0.594
0.086,-0.77,0.598
0.086,-0.773,0.605
0.09,-0.777,0.609
0.105,-0.777,0.598
0.109,-0.781,0.59
0.109,-0.777,0.582
0.105,-0.766,0.57
0.102,-0.762,0.555
0.102,-0.766,0.543
0.094,-0.773,0.527
0.098,-0.777,0.527
0.102,-0.773,0.531
0.105,-0.766,0.539
0.117,-0.758,0.551
0.133,-0.746,0.559
0.152,-0.746,0.566
0.176,-0.754,0.563
0.188,-0.766,0.559
0.188,-0.766,0.555
0.176,-0.77,0.559
0.152,-0.781,0.559
0.125,-0.813,0.555
0.105,-0.855,0.539
0.094,-0.914,0.527
0.086,-0.98,0.527
0.066,-1.043,0.543
0.043,-1.09,0.574
0.031,-1.098,0.609
0.039,-1.07,0.648
0.055,-1.012,0.691
0.047,-0.961,0.727
0.027,-0.906,0.742
0.016,-0.848,0.75
0.004,-0.805,0.75
-0.02,-0.785,0.738
-0.063,-0.801,0.727
-0.121,-0.828,0.719
-0.16,-0.832,0.711
-0.18,-0.816,0.715
-0.18,-0.801,0.711
-0.164,-0.789,0.707
-0.129,-0.781,0.695
-0.094,-0.781,0.684
-0.07,-0.781,0.68
-0.066,-0.781,0.68
-0.047,-0.789,0.68
-0.023,-0.789,0.672
0.0,-0.781,0.664
0.012,-0.777,0.656
0.016,-0.773,0.652
0.016,-0.773,0.648
0.012,-0.777,0.633
0.008,-0.77,0.625
0.012,-0.754,0.625
0.016,-0.73,0.617
0.02,-0.719,0.617
0.023,-0.73,0.609
0.027,-0.742,0.605
0.023,-0.746,0.602
0.012,-0.75,0.59
-0.012,-0.746,0.578
-0.027,-0.746,0.566
-0.039,-0.75,0.555
-0.047,-0.762,0.547
-0.051,-0.777,0.543
-0.043,-0.789,0.543
-0.043,-0.785,0.543
-0.039,-0.781,0.555
-0.051,-0.754,0.566
-0.059,-0.734,0.57
-0.066,-0.715,0.578
-0.082,-0.711,0.59
-0.094,-0.727,0.598
-0.109,-0.742,0.605
-0.133,-0.77,0.609
-0.156,-0.789,0.621
-0.18,-0.801,0.633
-0.191,-0.813,0.645
-0.18,-0.824,0.66
-0.164,-0.852,0.672
-0.141,-0.895,0.676
-0.117,-0.973,0.676
-0.082,-1.059,0.699
-0.027,-1.121,0.707
0.0,-1.09,0.715
-0.02,-0.977,0.762
-0.047,-0.871,0.797
-0.043,-0.84,0.813
-0.023,-0.867,0.816
0.0,-0.895,0.816
0.004,-0.895,0.813
-0.008,-0.875,0.797
-0.012,-0.855,0.777
0.004,-0.824,0.773
0.047,-0.777,0.766
0.105,-0.727,0.766
0.145,-0.676,0.754
0.18,-0.637,0.746
0.188,-0.613,0.742
0.188,-0.602,0.73
0.168,-0.598,0.723
0.145,-0.613,0.711
0.121,-0.633,0.711
0.113,-0.645,0.703
0.117,-0.645,0.703
0.117,-0.645,0.699
0.102,-0.645,0.695
0.074,-0.652,0.699
0.059,-0.652,0.695
0.047,-0.652,0.684
0.047,-0.656,0.68
0.047,-0.664,0.676
0.035,-0.676,0.668
0.035,-0.695,0.668
0.027,-0.715,0.656
0.027,-0.73,0.652
0.031,-0.75,0.648
0.039,-0.766,0.648
0.039,-0.777,0.648
0.039,-0.789,0.645
0.039,-0.789,0.633
0.039,-0.781,0.625
0.031,-0.777,0.609
0.031,-0.777,0.598
0.039,-0.785,0.586
0.055,-0.785,0.57
0.07,-0.773,0.566
0.082,-0.754,0.57
0.094,-0.738,0.582
0.094,-0.73,0.594
0.094,-0.723,0.602
0.094,-0.73,0.609
0.098,-0.734,0.617
0.113,-0.738,0.625
0.125,-0.723,0.621
0.141,-0.715,0.617
0.152,-0.707,0.613
0.152,-0.715,0.598
0.133,-0.746,0.586
0.113,-0.793,0.582
0.102,-0.84,0.566
0.098,-0.891,0.555
0.102,-0.941,0.559
0.078,-0.992,0.578
0.035,-1.02,0.598
0.023,-0.996,0.629
0.023,-0.926,0.656
0.027,-0.863,0.691
0.02,-0.82,0.723
0.004,-0.809,0.734
-0.023,-0.82,0.738
-0.043,-0.84,0.73
-0.086,-0.875,0.734
-0.129,-0.895,0.738
-0.172,-0.879,0.75
-0.203,-0.844,0.762
-0.207,-0.809,0.77
-0.199,-0.789,0.77
-0.184,-0.777,0.773
-0.16,-0.773,0.773
-0.137,-0.777,0.766
-0.113,-0.789,0.754
-0.09,-0.809,0.738
-0.063,-0.828,0.707
-0.051,-0.828,0.684
-0.047,-0.789,0.668
-0.051,-0.73,0.66
-0.063,-0.684,0.652
-0.063,-0.676,0.633
-0.055,-0.699,0.609
-0.047,-0.742,0.59
-0.043,-0.762,0.566
-0.043,-0.758,0.555
-0.047,-0.738,0.551
-0.043,-0.719,0.559
-0.027,-0.711,0.566
-0.02,-0.715,0.57
-0.02,-0.73,0.563
-0.023,-0.746,0.555
-0.035,-0.758,0.555
-0.043,-0.75,0.551
-0.059,-0.746,0.543
-0.07,-0.75,0.547
-0.09,-0.766,0.543
-0.109,-0.793,0.543
-0.121,-0.816,0.547
-0.125,-0.828,0.566
-0.121,-0.816,0.59
-0.121,-0.797,0.609
-0.121,-0.777,0.625
-0.133,-0.781,0.629
-0.141,-0.801,0.629
-0.156,-0.832,0.633
-0.16,-0.852,0.641
-0.176,-0.855,0.645
-0.164,-0.852,0.66
-0.168,-0.852,0.664
-0.172,-0.871,0.668
-0.176,-0.898,0.68
-0.16,-0.926,0.695
-0.125,-0.961,0.727
-0.074,-1.012,0.754
-0.027,-1.027,0.773
-0.023,-0.984,0.809
-0.039,-0.898,0.828
-0.047,-0.832,0.836
-0.055,-0.82,0.813
-0.055,-0.836,0.793
-0.059,-0.844,0.781
-0.066,-0.832,0.773
-0.055,-0.797,0.777
-0.027,-0.754,0.789
0.023,-0.699,0.793
0.074,-0.648,0.789
0.117,-0.605,0.789
0.141,-0.574,0.781
0.152,-0.563,0.781
0.148,-0.57,0.77
0.137,-0.578,0.762
0.125,-0.594,0.75
0.117,-0.602,0.734
0.117,-0.598,0.723
0.109,-0.609,0.711
0.102,-0.625,0.711
0.09,-0.648,0.711
0.066,-0.672,0.703
0.055,-0.688,0.695
0.039,-0.691,0.695
0.031,-0.684,0.691
0.027,-0.676,0.691
0.027,-0.668,0.695
0.031,-0.668,0.688
0.027,-0.68,0.68
0.027,-0.688,0.672
0.02,-0.703,0.664
0.016,-0.711,0.656
0.02,-0.711,0.66
0.012,-0.715,0.656
0.004,-0.73,0.66
0.004,-0.738,0.664
0.008,-0.738,0.656
0.016,-0.734,0.652
0.02,-0.734,0.645
0.027,-0.73,0.633
0.027,-0.727,0.625
0.043,-0.723,0.629
0.051,-0.719,0.629
0.055,-0.711,0.641
0.063,-0.703,0.652
0.066,-0.699,0.66
0.074,-0.703,0.664
0.082,-0.715,0.676
0.082,-0.734,0.676
0.074,-0.75,0.676
0.063,-0.762,0.676
0.047,-0.773,0.672
0.047,-0.777,0.668
0.063,-0.777,0.66
0.082,-0.785,0.652
0.105,-0.797,0.652
0.113,-0.832,0.668
0.109,-0.883,0.691
0.082,-0.918,0.707
0.043,-0.926,0.719
0.023,-0.898,0.738
0.004,-0.855,0.77
-0.02,-0.816,0.789
-0.035,-0.785,0.801
-0.039,-0.758,0.805
-0.039,-0.73,0.793
-0.063,-0.738,0.781
-0.102,-0.742,0.773
-0.148,-0.75,0.766
-0.176,-0.77,0.766
-0.18,-0.789,0.77
-0.172,-0.809,0.77
-0.148,-0.801,0.762
-0.121,-0.77,0.766
-0.102,-0.738,0.777
-0.082,-0.723,0.773
-0.063,-0.738,0.758
-0.043,-0.766,0.738
-0.039,-0.773,0.727
-0.047,-0.75,0.711
-0.063,-0.727,0.699
-0.07,-0.707,0.68
-0.074,-0.711,0.656
-0.066,-0.727,0.633
-0.063,-0.742,0.609
-0.051,-0.75,0.59
-0.043,-0.738,0.582
-0.035,-0.723,0.578
-0.039,-0.711,0.57
-0.051,-0.711,0.57
-0.066,-0.715,0.57
-0.059,-0.727,0.57
-0.066,-0.73,0.563
-0.07,-0.723,0.559
-0.086,-0.723,0.555
-0.098,-0.723,0.559
-0.109,-0.738,0.566
-0.113,-0.754,0.574
-0.113,-0.758,0.59
-0.113,-0.758,0.605
-0.109,-0.746,0.621
-0.113,-0.734,0.629
-0.121,-0.727,0.641
-0.133,-0.727,0.652
-0.148,-0.738,0.668
-0.16,-0.758,0.68
-0.172,-0.773,0.691
-0.172,-0.793,0.703
-0.172,-0.82,0.715
-0.16,-0.852,0.719
-0.141,-0.895,0.73
-0.105,-0.957,0.758
-0.039,-1.023,0.77
0.004,-1.031,0.785
-0.004,-0.941,0.828
-0.055,-0.828,0.871
-0.086,-0.75,0.902
-0.094,-0.73,0.902
-0.086,-0.766,0.887
-0.098,-0.809,0.863
-0.105,-0.844,0.828
-0.109,-0.875,0.801
-0.09,-0.871,0.785
-0.043,-0.828,0.781
0.012,-0.754,0.793
0.063,-0.676,0.813
0.109,-0.602,0.824
0.137,-0.551,0.836
0.145,-0.52,0.848
0.129,-0.504,0.84
0.109,-0.52,0.824
0.086,-0.539,0.801
0.07,-0.559,0.773
0.055,-0.566,0.746
0.059,-0.57,0.73
0.059,-0.582,0.723
0.047,-0.598,0.719
0.031,-0.609,0.719
0.02,-0.617,0.715
0.02,-0.613,0.719
0.004,-0.605,0.719
0.016,-0.598,0.73
0.027,-0.59,0.73
0.035,-0.594,0.727
0.039,-0.602,0.73
0.043,-0.621,0.73
0.039,-0.637,0.73
0.043,-0.656,0.73
0.051,-0.668,0.73
0.051,-0.676,0.73
0.051,-0.684,0.727
0.043,-0.688,0.723
0.051,-0.695,0.715
0.059,-0.695,0.707
0.059,-0.684,0.691
0.063,-0.68,0.684
0.059,-0.676,0.684
0.063,-0.672,0.68
0.066,-0.664,0.68
0.078,-0.664,0.68
0.078,-0.672,0.695
0.074,-0.68,0.707
0.078,-0.676,0.719
0.09,-0.668,0.727
0.098,-0.66,0.738
0.117,-0.66,0.73
0.133,-0.66,0.723
0.137,-0.684,0.719
0.129,-0.711,0.707
0.125,-0.738,0.691
0.109,-0.773,0.691
0.086,-0.828,0.688
0.051,-0.887,0.695
-0.004,-0.922,0.707
-0.039,-0.902,0.738
-0.051,-0.84,0.77
-0.043,-0.77,0.805
-0.043,-0.723,0.836
-0.043,-0.691,0.848
-0.051,-0.68,0.859
-0.063,-0.684,0.859
-0.098,-0.715,0.859
-0.156,-0.766,0.871
-0.207,-0.805,0.875
-0.227,-0.828,0.879
-0.234,-0.836,0.883
-0.227,-0.809,0.883
-0.191,-0.77,0.891
-0.168,-0.734,0.891
-0.133,-0.719,0.875
-0.109,-0.738,0.84
-0.078,-0.758,0.797
-0.066,-0.742,0.754
-0.063,-0.691,0.723
-0.059,-0.641,0.703
-0.063,-0.621,0.68
-0.059,-0.625,0.66
-0.047,-0.633,0.645
-0.039,-0.637,0.641
-0.031,-0.637,0.645
-0.031,-0.625,0.645
-0.043,-0.609,0.641
-0.043,-0.605,0.645
-0.043,-0.605,0.637
-0.039,-0.617,0.637
-0.035,-0.637,0.633
-0.031,-0.652,0.629
-0.039,-0.664,0.629
-0.07,-0.68,0.633
-0.094,-0.695,0.641
-0.109,-0.707,0.645
-0.113,-0.711,0.652
-0.109,-0.719,0.664
-0.105,-0.742,0.676
-0.109,-0.762,0.684
-0.109,-0.77,0.699
-0.117,-0.754,0.719
-0.133,-0.727,0.742
-0.141,-0.715,0.762
-0.16,-0.727,0.77
-0.176,-0.738,0.77
-0.203,-0.754,0.777
-0.23,-0.766,0.781
-0.254,-0.766,0.781
-0.266,-0.758,0.785
-0.262,-0.766,0.781
-0.254,-0.77,0.77
-0.238,-0.777,0.746
-0.223,-0.813,0.727
-0.191,-0.867,0.734
-0.129,-0.949,0.742
-0.063,-0.988,0.75
-0.039,-0.91,0.793
-0.023,-0.781,0.848
0.027,-0.695,0.871
0.078,-0.66,0.859
0.121,-0.641,0.871
0.152,-0.602,0.918
0.176,-0.578,0.941
0.203,-0.609,0.934
0.188,-0.664,0.91
0.168,-0.711,0.895
0.141,-0.707,0.859
0.113,-0.656,0.848
0.105,-0.594,0.852
0.117,-0.559,0.844
0.137,-0.559,0.824
0.145,-0.582,0.797
0.125,-0.59,0.777
0.086,-0.578,0.766
0.035,-0.57,0.762
-0.008,-0.566,0.758
-0.027,-0.566,0.754
-0.031,-0.574,0.758
-0.02,-0.578,0.762
-0.008,-0.566,0.766
0.0,-0.551,0.773
0.0,-0.543,0.777
0.012,-0.547,0.777
0.02,-0.559,0.777
0.023,-0.578,0.785
0.027,-0.59,0.785
0.035,-0.598,0.785
0.035,-0.605,0.785
0.043,-0.609,0.785
0.043,-0.617,0.781
0.047,-0.621,0.766
0.047,-0.633,0.762
0.047,-0.633,0.758
0.043,-0.633,0.75
0.043,-0.625,0.746
0.047,-0.617,0.738
0.051,-0.613,0.738
0.055,-0.609,0.738
0.063,-0.609,0.73
0.063,-0.609,0.73
0.07,-0.613,0.738
0.082,-0.605,0.75
0.094,-0.602,0.758
0.094,-0.602,0.758
0.098,-0.617,0.754
0.09,-0.629,0.738
0.07,-0.648,0.723
0.055,-0.676,0.711
0.043,-0.699,0.699
0.043,-0.723,0.68
0.043,-0.75,0.664
0.039,-0.801,0.656
0.016,-0.855,0.672
-0.016,-0.887,0.691
-0.051,-0.883,0.711
-0.055,-0.84,0.758
-0.047,-0.777,0.793
-0.063,-0.738,0.82
-0.09,-0.719,0.848
-0.105,-0.703,0.879
-0.113,-0.707,0.91
-0.117,-0.723,0.926
-0.145,-0.734,0.938
-0.176,-0.746,0.934
-0.191,-0.746,0.949
-0.188,-0.734,0.969
-0.18,-0.715,0.973
-0.168,-0.691,0.961
-0.164,-0.68,0.945
-0.156,-0.691,0.93
-0.141,-0.719,0.898
-0.113,-0.723,0.863
-0.086,-0.707,0.82
-0.07,-0.664,0.797
-0.055,-0.621,0.781
-0.047,-0.594,0.77
-0.031,-0.586,0.754
-0.02,-0.578,0.754
-0.004,-0.551,0.742
-0.004,-0.523,0.738
-0.008,-0.508,0.73
-0.02,-0.516,0.719
-0.023,-0.539,0.703
-0.031,-0.566,0.699
-0.035,-0.59,0.695
-0.039,-0.609,0.688
-0.047,-0.625,0.68
-0.066,-0.633,0.672
-0.09,-0.637,0.668
-0.105,-0.641,0.664
-0.117,-0.648,0.664
-0.121,-0.656,0.672
-0.113,-0.664,0.691
-0.102,-0.66,0.695
-0.09,-0.656,0.703
-0.102,-0.656,0.715
-0.125,-0.668,0.727
-0.152,-0.691,0.73
-0.168,-0.719,0.734
-0.184,-0.723,0.746
-0.191,-0.715,0.766
-0.184,-0.707,0.785
-0.176,-0.699,0.809
-0.172,-0.715,0.82
-0.184,-0.742,0.824
-0.18,-0.77,0.832
-0.176,-0.781,0.828
-0.168,-0.809,0.844
-0.145,-0.84,0.84
-0.105,-0.875,0.832
-0.082,-0.863,0.84
-0.082,-0.797,0.867
-0.086,-0.734,0.898
-0.074,-0.711,0.914
-0.039,-0.719,0.918
-0.016,-0.715,0.91
-0.008,-0.676,0.914
0.0,-0.656,0.922
0.016,-0.648,0.914
0.035,-0.648,0.895
0.047,-0.629,0.875
0.047,-0.594,0.863
0.043,-0.563,0.855
0.035,-0.539,0.848
0.035,-0.531,0.836
0.035,-0.527,0.828
0.047,-0.535,0.824
0.063,-0.535,0.813
0.082,-0.531,0.809
0.102,-0.527,0.82
0.102,-0.523,0.832
0.086,-0.531,0.836
0.059,-0.551,0.836
0.023,-0.559,0.828
0.004,-0.555,0.82
-0.008,-0.555,0.809
-0.008,-0.555,0.797
0.004,-0.555,0.805
0.016,-0.547,0.813
0.027,-0.547,0.816
0.039,-0.547,0.816
0.039,-0.57,0.813
0.039,-0.586,0.813
0.043,-0.59,0.809
0.035,-0.594,0.805
0.035,-0.598,0.797
0.031,-0.602,0.793
0.031,-0.602,0.785
0.031,-0.609,0.777
0.035,-0.617,0.77
0.035,-0.625,0.766
0.031,-0.621,0.758
0.043,-0.617,0.75
0.043,-0.613,0.742
0.035,-0.613,0.738
0.047,-0.617,0.746
0.047,-0.609,0.75
0.055,-0.602,0.758
0.066,-0.598,0.77
0.063,-0.602,0.781
0.063,-0.609,0.781
0.066,-0.617,0.781
0.063,-0.625,0.785
0.066,-0.629,0.777
0.086,-0.629,0.766
0.098,-0.629,0.754
0.117,-0.621,0.738
0.125,-0.617,0.727
0.133,-0.625,0.711
0.125,-0.641,0.707
0.094,-0.672,0.715
0.035,-0.695,0.727
-0.02,-0.695,0.746
-0.043,-0.68,0.781
-0.059,-0.672,0.824
-0.098,-0.684,0.859
-0.16,-0.707,0.895
-0.223,-0.699,0.93
-0.25,-0.695,0.957
-0.262,-0.707,0.98
-0.266,-0.73,1.004
-0.27,-0.746,1.027
-0.262,-0.75,1.043
-0.242,-0.742,1.051
-0.219,-0.727,1.035
-0.191,-0.695,1.016
-0.16,-0.66,0.996
-0.148,-0.645,0.973
-0.137,-0.645,0.938
-0.152,-0.645,0.895
-0.164,-0.605,0.852
-0.16,-0.57,0.824
-0.145,-0.543,0.793
-0.125,-0.52,0.77
-0.109,-0.512,0.758
-0.102,-0.512,0.75
-0.086,-0.512,0.734
-0.078,-0.512,0.73
-0.078,-0.508,0.727
-0.074,-0.508,0.723
-0.066,-0.52,0.719
-0.059,-0.523,0.715
-0.059,-0.535,0.719
-0.074,-0.543,0.719
-0.102,-0.539,0.719
-0.109,-0.551,0.727
-0.121,-0.563,0.723
-0.133,-0.59,0.727
-0.148,-0.621,0.73
-0.152,-0.625,0.742
-0.152,-0.629,0.75
-0.16,-0.637,0.754
-0.168,-0.641,0.758
-0.176,-0.652,0.758
-0.191,-0.664,0.758
-0.199,-0.676,0.754
-0.203,-0.68,0.75
-0.211,-0.676,0.746
-0.219,-0.684,0.75
-0.223,-0.691,0.77
-0.23,-0.707,0.785
-0.238,-0.723,0.805
-0.25,-0.746,0.832
-0.242,-0.762,0.844
-0.238,-0.773,0.84
-0.223,-0.781,0.828
-0.195,-0.797,0.828
-0.152,-0.867,0.832
-0.113,-0.934,0.828
-0.09,-0.914,0.848
-0.098,-0.848,0.871
-0.105,-0.758,0.898
-0.113,-0.672,0.922
-0.117,-0.602,0.945
-0.094,-0.547,0.957
-0.059,-0.543,0.957
-0.023,-0.566,0.938
0.008,-0.582,0.914
0.039,-0.574,0.883
0.043,-0.555,0.855
0.035,-0.523,0.84
0.043,-0.488,0.84
0.066,-0.473,0.836
0.082,-0.465,0.84
0.094,-0.477,0.832
0.094,-0.488,0.828
0.086,-0.504,0.824
0.078,-0.516,0.816
0.059,-0.523,0.82
0.031,-0.535,0.824
-0.004,-0.555,0.828
-0.035,-0.566,0.832
-0.051,-0.57,0.836
-0.059,-0.559,0.848
-0.063,-0.547,0.848
-0.051,-0.547,0.852
-0.059,-0.559,0.852
-0.07,-0.582,0.84
-0.074,-0.602,0.84
-0.078,-0.621,0.836
-0.082,-0.621,0.84
-0.086,-0.633,0.84
-0.094,-0.633,0.832
-0.105,-0.629,0.828
-0.105,-0.633,0.828
-0.113,-0.637,0.824
-0.125,-0.637,0.82
-0.133,-0.637,0.816
-0.133,-0.637,0.816
-0.129,-0.617,0.809
-0.129,-0.605,0.789
-0.121,-0.594,0.785
-0.121,-0.594,0.777
-0.109,-0.594,0.781
-0.094,-0.582,0.789
-0.078,-0.57,0.805
-0.047,-0.551,0.816
-0.008,-0.539,0.832
0.023,-0.547,0.84
0.047,-0.555,0.84
0.047,-0.566,0.832
0.039,-0.586,0.816
0.035,-0.598,0.805
0.035,-0.617,0.797
0.035,-0.645,0.785
0.023,-0.684,0.781
-0.008,-0.719,0.789
-0.055,-0.73,0.781
-0.09,-0.707,0.777
-0.094,-0.688,0.781
-0.094,-0.699,0.801
-0.098,-0.734,0.824
-0.121,-0.75,0.844
-0.133,-0.73,0.852
-0.133,-0.699,0.855
-0.137,-0.656,0.855
-0.148,-0.621,0.855
-0.184,-0.594,0.852
-0.215,-0.574,0.852
-0.242,-0.555,0.855
-0.258,-0.535,0.871
-0.266,-0.535,0.883
-0.27,-0.543,0.895
-0.27,-0.555,0.906
-0.27,-0.559,0.906
-0.242,-0.563,0.91
-0.219,-0.563,0.906
-0.203,-0.574,0.902
-0.191,-0.582,0.902
-0.195,-0.594,0.895
-0.195,-0.598,0.887
-0.203,-0.582,0.879
-0.215,-0.57,0.863
-0.219,-0.563,0.859
-0.219,-0.566,0.844
-0.211,-0.578,0.832
-0.211,-0.586,0.82
-0.207,-0.594,0.809
-0.203,-0.598,0.797
-0.207,-0.594,0.785
-0.207,-0.59,0.773
-0.215,-0.594,0.754
-0.227,-0.59,0.742
-0.23,-0.594,0.727
-0.23,-0.594,0.723
-0.234,-0.605,0.719
-0.234,-0.621,0.715
-0.23,-0.621,0.715
-0.227,-0.621,0.715
-0.23,-0.629,0.711
-0.234,-0.637,0.707
-0.254,-0.652,0.703
-0.266,-0.668,0.699
-0.273,-0.684,0.699
-0.273,-0.684,0.703
-0.266,-0.691,0.703
-0.25,-0.684,0.707
-0.246,-0.676,0.711
-0.242,-0.672,0.719
-0.238,-0.672,0.73
-0.227,-0.672,0.746
-0.219,-0.676,0.773
-0.215,-0.703,0.813
-0.191,-0.762,0.852
-0.148,-0.852,0.879
-0.109,-0.91,0.902
-0.09,-0.871,0.934
-0.086,-0.77,0.973
-0.105,-0.684,1.004
-0.133,-0.637,1.016
-0.172,-0.645,1.004
-0.199,-0.672,0.98
-0.211,-0.688,0.941
-0.215,-0.672,0.902
-0.227,-0.637,0.871
-0.199,-0.594,0.859
-0.176,-0.566,0.84
-0.141,-0.543,0.836
-0.102,-0.527,0.832
-0.066,-0.508,0.836
-0.043,-0.496,0.84
-0.016,-0.496,0.848
0.0,-0.512,0.848
0.012,-0.535,0.852
0.008,-0.551,0.848
0.004,-0.555,0.848
-0.004,-0.559,0.852
-0.008,-0.566,0.852
-0.008,-0.578,0.836
-0.016,-0.586,0.824
-0.027,-0.594,0.816
-0.035,-0.594,0.816
-0.039,-0.594,0.805
-0.039,-0.594,0.793
-0.031,-0.602,0.789
-0.031,-0.613,0.793
-0.035,-0.621,0.789
-0.043,-0.633,0.793
-0.039,-0.633,0.793
-0.039,-0.633,0.797
-0.031,-0.629,0.809
-0.031,-0.633,0.809
-0.023,-0.633,0.813
-0.039,-0.641,0.805
-0.051,-0.641,0.813
-0.063,-0.652,0.805
-0.07,-0.664,0.797
-0.074,-0.668,0.789
-0.066,-0.676,0.773
-0.059,-0.672,0.758
-0.059,-0.672,0.754
-0.063,-0.672,0.746
-0.059,-0.656,0.75
-0.055,-0.645,0.754
-0.047,-0.637,0.766
-0.055,-0.637,0.781
-0.051,-0.641,0.785
-0.043,-0.625,0.793
-0.02,-0.602,0.805
0.008,-0.578,0.813
0.035,-0.566,0.813
0.051,-0.563,0.816
0.051,-0.559,0.801
0.039,-0.574,0.789
0.012,-0.598,0.773
0.004,-0.637,0.758
-0.016,-0.684,0.734
-0.035,-0.746,0.715
-0.059,-0.82,0.707
-0.094,-0.883,0.703
-0.141,-0.914,0.699
-0.164,-0.902,0.703
-0.172,-0.871,0.699
-0.172,-0.844,0.695
-0.172,-0.832,0.699
-0.164,-0.82,0.707
-0.148,-0.797,0.715
-0.148,-0.766,0.715
-0.16,-0.715,0.719
-0.195,-0.664,0.73
-0.219,-0.625,0.746
-0.234,-0.609,0.762
-0.242,-0.602,0.77
-0.242,-0.605,0.777
-0.238,-0.621,0.785
-0.234,-0.629,0.797
-0.227,-0.633,0.813
-0.215,-0.637,0.824
-0.203,-0.652,0.824
-0.191,-0.668,0.824
-0.184,-0.684,0.82
-0.176,-0.691,0.813
-0.176,-0.699,0.797
-0.199,-0.707,0.781
-0.223,-0.715,0.77
-0.23,-0.723,0.75
-0.23,-0.734,0.73
-0.23,-0.746,0.715
-0.219,-0.754,0.699
-0.207,-0.746,0.688
-0.203,-0.734,0.688
-0.207,-0.719,0.684
-0.207,-0.711,0.676
-0.215,-0.703,0.66
-0.227,-0.691,0.652
-0.23,-0.684,0.645
-0.234,-0.68,0.629
-0.238,-0.691,0.621
-0.234,-0.703,0.617
-0.227,-0.707,0.613
-0.211,-0.711,0.617
-0.191,-0.703,0.617
-0.18,-0.703,0.633
-0.184,-0.703,0.645
-0.203,-0.695,0.656
-0.203,-0.703,0.672
-0.215,-0.703,0.668
-0.211,-0.703,0.672
-0.211,-0.707,0.66
-0.219,-0.727,0.668
-0.234,-0.766,0.676
-0.242,-0.805,0.676
-0.246,-0.828,0.672
-0.242,-0.836,0.676
-0.23,-0.852,0.691
-0.211,-0.898,0.715
-0.172,-0.953,0.754
-0.125,-0.992,0.793
-0.094,-0.977,0.824
-0.086,-0.898,0.852
-0.098,-0.828,0.871
-0.117,-0.801,0.859
-0.125,-0.828,0.84
-0.137,-0.867,0.813
-0.156,-0.906,0.789
-0.168,-0.922,0.773
-0.164,-0.891,0.773
-0.152,-0.836,0.777
-0.129,-0.773,0.785
-0.094,-0.711,0.789
-0.055,-0.645,0.789
-0.02,-0.578,0.785
0.012,-0.535,0.773
0.027,-0.516,0.766
0.043,-0.531,0.758
0.039,-0.57,0.758
0.039,-0.605,0.746
0.031,-0.629,0.73
0.027,-0.641,0.715
0.027,-0.656,0.711
0.023,-0.676,0.691
0.016,-0.707,0.672
0.0,-0.734,0.664
-0.012,-0.742,0.652
-0.012,-0.734,0.652
-0.008,-0.727,0.652
0.004,-0.711,0.648
0.008,-0.711,0.652
0.016,-0.73,0.656
0.02,-0.746,0.66
0.027,-0.754,0.668
0.047,-0.758,0.664
0.074,-0.754,0.66
0.082,-0.746,0.656
0.07,-0.742,0.648
0.066,-0.746,0.645
0.043,-0.762,0.629
0.031,-0.77,0.609
0.023,-0.773,0.598
0.027,-0.766,0.594
0.035,-0.75,0.586
0.055,-0.734,0.574
0.066,-0.73,0.563
0.07,-0.723,0.559
0.07,-0.727,0.559
0.063,-0.73,0.555
0.074,-0.738,0.57
0.098,-0.742,0.586
0.117,-0.742,0.609
0.133,-0.742,0.629
0.148,-0.746,0.641
0.164,-0.742,0.652
0.191,-0.73,0.66
0.211,-0.715,0.672
0.219,-0.711,0.664
0.215,-0.723,0.648
0.215,-0.75,0.625
0.207,-0.773,0.602
0.203,-0.805,0.578
0.188,-0.852,0.566
0.148,-0.914,0.574
0.09,-0.969,0.582
0.059,-0.949,0.602
0.051,-0.891,0.648
0.039,-0.828,0.715
0.004,-0.797,0.77
-0.055,-0.785,0.816
-0.105,-0.762,0.859
-0.141,-0.746,0.895
-0.156,-0.754,0.918
-0.156,-0.785,0.926
-0.148,-0.824,0.922
-0.129,-0.848,0.91
-0.117,-0.863,0.902
-0.117,-0.863,0.887
-0.121,-0.855,0.867
-0.125,-0.844,0.855
-0.125,-0.832,0.836
-0.117,-0.828,0.816
-0.09,-0.824,0.785
-0.063,-0.793,0.754
-0.035,-0.754,0.719
-0.02,-0.691,0.691
-0.02,-0.645,0.66
-0.027,-0.625,0.645
-0.023,-0.637,0.621
-0.031,-0.652,0.598
-0.031,-0.664,0.574
-0.027,-0.664,0.57
-0.023,-0.652,0.57
-0.016,-0.645,0.57
-0.012,-0.652,0.574
-0.016,-0.664,0.574
-0.016,-0.676,0.578
-0.016,-0.699,0.594
-0.031,-0.711,0.602
-0.051,-0.73,0.605
-0.063,-0.734,0.598
-0.063,-0.742,0.609
-0.07,-0.754,0.602
-0.082,-0.781,0.598
-0.082,-0.805,0.59
-0.09,-0.82,0.59
-0.094,-0.809,0.598
-0.102,-0.801,0.609
-0.109,-0.777,0.629
-0.109,-0.762,0.641
-0.105,-0.758,0.648
-0.098,-0.77,0.648
-0.098,-0.785,0.648
-0.109,-0.816,0.645
-0.117,-0.832,0.648
-0.133,-0.824,0.652
-0.141,-0.813,0.66
-0.152,-0.836,0.656
-0.148,-0.867,0.688
-0.141,-0.922,0.688
-0.117,-0.988,0.707
-0.078,-1.047,0.734
-0.059,-1.027,0.746
-0.074,-0.941,0.785
-0.094,-0.855,0.824
-0.09,-0.805,0.848
-0.063,-0.805,0.848
-0.035,-0.828,0.844
-0.02,-0.836,0.832
-0.023,-0.824,0.828
-0.02,-0.797,0.824
0.008,-0.766,0.824
0.055,-0.734,0.824
0.098,-0.688,0.828
0.129,-0.641,0.836
0.148,-0.613,0.836
0.156,-0.594,0.824
0.141,-0.594,0.797
0.145,-0.621,0.789
0.133,-0.641,0.762
0.129,-0.645,0.734
0.129,-0.652,0.711
0.121,-0.66,0.699
0.121,-0.668,0.684
0.109,-0.684,0.668
0.086,-0.699,0.66
0.066,-0.703,0.652
0.059,-0.703,0.648
0.059,-0.691,0.645
0.063,-0.68,0.645
0.066,-0.668,0.652
0.063,-0.664,0.652
0.059,-0.664,0.648
0.055,-0.672,0.652
0.055,-0.676,0.648
0.055,-0.684,0.641
0.066,-0.695,0.645
0.082,-0.695,0.648
0.102,-0.691,0.648
0.105,-0.695,0.641
0.105,-0.707,0.637
0.102,-0.727,0.625
0.102,-0.734,0.613
0.105,-0.734,0.605
0.105,-0.73,0.605
0.113,-0.715,0.609
0.117,-0.703,0.613
0.121,-0.688,0.617
0.121,-0.68,0.629
0.125,-0.684,0.641
0.129,-0.707,0.645
0.137,-0.742,0.648
0.152,-0.77,0.652
0.156,-0.777,0.652
0.16,-0.758,0.652
0.164,-0.742,0.656
0.16,-0.73,0.66
0.156,-0.75,0.652
0.148,-0.781,0.641
0.148,-0.816,0.633
0.148,-0.852,0.625
0.156,-0.895,0.633
0.148,-0.945,0.641
0.133,-0.98,0.648
0.117,-0.965,0.664
0.102,-0.91,0.691
0.078,-0.844,0.73
0.035,-0.793,0.773
0.016,-0.77,0.82
0.0,-0.738,0.832
-0.008,-0.715,0.84
-0.023,-0.707,0.848
-0.055,-0.711,0.852
-0.09,-0.711,0.855
-0.113,-0.711,0.859
-0.117,-0.707,0.875
-0.105,-0.703,0.898
-0.086,-0.707,0.914
-0.074,-0.715,0.922
-0.07,-0.727,0.922
-0.059,-0.727,0.906
-0.051,-0.727,0.883
-0.039,-0.711,0.84
-0.035,-0.695,0.793
-0.035,-0.684,0.754
-0.051,-0.691,0.727
-0.043,-0.684,0.699
-0.039,-0.676,0.688
-0.027,-0.652,0.672
-0.02,-0.629,0.668
-0.023,-0.602,0.664
-0.027,-0.594,0.656
-0.027,-0.598,0.656
-0.027,-0.609,0.645
-0.023,-0.625,0.645
-0.02,-0.629,0.648
-0.02,-0.633,0.652
-0.031,-0.637,0.664
-0.047,-0.637,0.672
-0.066,-0.633,0.66
-0.07,-0.629,0.664
-0.082,-0.633,0.652
-0.078,-0.648,0.652
-0.082,-0.668,0.652
-0.078,-0.688,0.66
-0.078,-0.699,0.668
-0.082,-0.707,0.668
-0.09,-0.707,0.68
-0.094,-0.715,0.688
-0.098,-0.719,0.703
-0.105,-0.723,0.719
-0.117,-0.73,0.727
-0.129,-0.738,0.734
-0.141,-0.746,0.738
-0.156,-0.758,0.742
-0.164,-0.781,0.75
-0.168,-0.809,0.758
-0.172,-0.832,0.766
-0.145,-0.828,0.789
-0.121,-0.832,0.793
-0.074,-0.875,0.805
0.012,-0.941,0.82
0.09,-0.965,0.848
0.109,-0.902,0.891
0.098,-0.809,0.938
0.105,-0.754,0.953
0.137,-0.73,0.934
0.16,-0.707,0.93
0.16,-0.68,0.93
0.16,-0.668,0.922
0.176,-0.691,0.898
0.199,-0.719,0.879
0.211,-0.703,0.871
0.203,-0.668,0.867
0.191,-0.609,0.859
0.18,-0.555,0.855
0.164,-0.531,0.84
0.152,-0.539,0.813
0.137,-0.566,0.781
0.117,-0.586,0.773
0.09,-0.598,0.773
0.051,-0.602,0.793
0.016,-0.594,0.809
0.0,-0.574,0.813
0.0,-0.559,0.813
0.012,-0.559,0.797
0.02,-0.566,0.785
0.023,-0.59,0.762
0.023,-0.609,0.746
0.027,-0.617,0.734
0.02,-0.625,0.723
0.012,-0.633,0.723
0.004,-0.637,0.723
0.0,-0.652,0.723
-0.004,-0.66,0.719
0.008,-0.668,0.719
0.027,-0.68,0.719
0.047,-0.684,0.711
0.059,-0.688,0.703
0.07,-0.68,0.691
0.074,-0.672,0.684
0.074,-0.66,0.672
0.074,-0.656,0.66
0.063,-0.656,0.648
0.059,-0.664,0.637
0.051,-0.668,0.625
0.055,-0.672,0.625
0.051,-0.668,0.629
0.07,-0.668,0.629
0.086,-0.66,0.629
0.09,-0.66,0.637
0.094,-0.668,0.648
0.102,-0.691,0.656
0.109,-0.719,0.66
0.125,-0.727,0.66
0.148,-0.734,0.66
0.168,-0.738,0.656
0.184,-0.742,0.664
0.199,-0.754,0.672
0.207,-0.77,0.664
0.211,-0.809,0.672
0.203,-0.879,0.688
0.16,-0.938,0.707
0.117,-0.945,0.711
0.105,-0.906,0.73
0.086,-0.875,0.781
0.051,-0.859,0.84
0.0,-0.832,0.891
-0.047,-0.77,0.922
-0.074,-0.676,0.953
-0.094,-0.621,0.98
-0.105,-0.617,0.992
-0.098,-0.641,0.977
-0.078,-0.664,0.957
-0.063,-0.684,0.945
-0.055,-0.695,0.945
-0.07,-0.707,0.953
-0.09,-0.719,0.938
-0.102,-0.734,0.906
-0.102,-0.738,0.879
-0.074,-0.723,0.855
-0.043,-0.688,0.832
-0.039,-0.648,0.813
-0.039,-0.633,0.785
-0.043,-0.641,0.754
-0.043,-0.656,0.73
-0.035,-0.66,0.711
-0.031,-0.656,0.699
-0.02,-0.637,0.684
-0.016,-0.629,0.676
-0.016,-0.633,0.66
-0.012,-0.633,0.648
-0.012,-0.633,0.633
-0.016,-0.629,0.621
-0.027,-0.617,0.609
-0.035,-0.609,0.598
-0.039,-0.613,0.602
-0.063,-0.625,0.594
-0.063,-0.656,0.598
-0.074,-0.688,0.586
-0.074,-0.699,0.594
-0.066,-0.703,0.605
-0.059,-0.707,0.609
-0.055,-0.707,0.605
-0.043,-0.703,0.625
-0.039,-0.703,0.629
-0.043,-0.707,0.645
-0.063,-0.711,0.66
-0.086,-0.727,0.672
-0.109,-0.754,0.68
-0.133,-0.777,0.703
-0.152,-0.813,0.715
-0.148,-0.84,0.738
-0.141,-0.863,0.758
-0.117,-0.871,0.773
-0.094,-0.871,0.781
-0.07,-0.879,0.781
-0.063,-0.918,0.785
-0.066,-0.977,0.805
-0.047,-1.059,0.824
-0.02,-1.113,0.84
-0.012,-1.082,0.848
-0.027,-0.996,0.855
-0.039,-0.906,0.852
-0.035,-0.836,0.82
-0.027,-0.789,0.781
-0.027,-0.742,0.754
-0.023,-0.707,0.738
0.004,-0.672,0.734
0.059,-0.652,0.734
0.125,-0.637,0.742
0.184,-0.621,0.758
0.227,-0.602,0.781
0.25,-0.566,0.793
0.262,-0.543,0.793
0.254,-0.527,0.785
0.246,-0.539,0.762
0.223,-0.582,0.73
0.203,-0.625,0.699
0.188,-0.672,0.668
0.168,-0.711,0.652
0.137,-0.73,0.648
0.098,-0.742,0.652
0.063,-0.742,0.66
0.043,-0.734,0.668
0.039,-0.719,0.676
0.039,-0.699,0.668
0.031,-0.684,0.656
0.039,-0.68,0.656
0.039,-0.695,0.645
0.043,-0.715,0.641
0.047,-0.727,0.629
0.039,-0.73,0.633
0.027,-0.715,0.637
0.016,-0.695,0.641
0.02,-0.688,0.645
0.027,-0.688,0.645
0.039,-0.695,0.641
0.051,-0.711,0.641
0.059,-0.715,0.641
0.066,-0.715,0.633
0.07,-0.719,0.625
0.074,-0.73,0.613
0.074,-0.734,0.613
0.078,-0.738,0.613
0.07,-0.734,0.621
0.074,-0.73,0.633
0.09,-0.727,0.633
0.105,-0.727,0.637
0.121,-0.73,0.637
0.129,-0.746,0.637
0.137,-0.754,0.641
0.148,-0.762,0.645
0.156,-0.777,0.648
0.16,-0.813,0.637
0.156,-0.844,0.629
0.141,-0.867,0.621
0.133,-0.887,0.613
0.121,-0.918,0.613
0.098,-0.969,0.617
0.059,-0.996,0.621
0.043,-0.98,0.633
0.039,-0.914,0.652
0.035,-0.852,0.688
0.012,-0.824,0.727
-0.023,-0.813,0.754
-0.051,-0.793,0.777
-0.074,-0.773,0.793
-0.102,-0.754,0.816
-0.129,-0.754,0.832
-0.133,-0.777,0.84
-0.121,-0.797,0.852
-0.098,-0.793,0.871
-0.074,-0.762,0.875
-0.082,-0.723,0.879
-0.117,-0.723,0.887
-0.141,-0.762,0.883
-0.148,-0.805,0.863
-0.113,-0.832,0.84
-0.078,-0.824,0.801
-0.051,-0.777,0.766
-0.02,-0.723,0.734
-0.004,-0.688,0.703
0.008,-0.672,0.672
0.016,-0.66,0.648
0.02,-0.656,0.633
0.02,-0.641,0.621
0.02,-0.621,0.613
0.016,-0.613,0.602
0.004,-0.621,0.586
0.0,-0.629,0.574
-0.012,-0.641,0.559
-0.016,-0.652,0.551
-0.012,-0.66,0.559
-0.02,-0.668,0.566
-0.023,-0.672,0.578
-0.027,-0.68,0.594
-0.023,-0.703,0.602
-0.027,-0.73,0.609
-0.031,-0.75,0.613
-0.043,-0.754,0.625
-0.055,-0.75,0.641
-0.063,-0.742,0.66
-0.066,-0.742,0.66
-0.066,-0.746,0.672
-0.082,-0.746,0.684
-0.098,-0.746,0.699
-0.109,-0.746,0.715
-0.113,-0.746,0.727
-0.109,-0.758,0.746
-0.098,-0.781,0.766
-0.082,-0.797,0.773
-0.07,-0.816,0.773
-0.074,-0.836,0.77
-0.094,-0.852,0.762
-0.102,-0.875,0.762
-0.086,-0.918,0.77
-0.043,-0.965,0.789
0.0,-0.973,0.809
0.012,-0.918,0.852
-0.004,-0.836,0.883
0.008,-0.777,0.902
0.039,-0.746,0.902
0.082,-0.727,0.895
0.098,-0.691,0.891
0.098,-0.664,0.891
0.109,-0.652,0.875
0.121,-0.648,0.855
0.145,-0.652,0.855
0.168,-0.645,0.855
0.188,-0.625,0.855
0.184,-0.605,0.855
0.172,-0.586,0.852
0.148,-0.57,0.844
0.137,-0.566,0.832
0.129,-0.566,0.809
0.121,-0.586,0.785
0.105,-0.609,0.766
0.086,-0.621,0.754
0.055,-0.621,0.742
0.031,-0.609,0.734
0.023,-0.609,0.727
0.023,-0.605,0.719
0.031,-0.605,0.711
0.043,-0.609,0.707
0.047,-0.609,0.707
0.047,-0.613,0.707
0.051,-0.625,0.699
0.063,-0.637,0.691
0.082,-0.652,0.691
0.09,-0.668,0.688
0.086,-0.68,0.691
0.082,-0.684,0.695
0.086,-0.684,0.695
0.094,-0.691,0.699
0.098,-0.699,0.691
0.102,-0.707,0.684
0.102,-0.695,0.672
0.102,-0.68,0.66
0.109,-0.672,0.652
0.117,-0.668,0.648
0.133,-0.66,0.648
0.141,-0.656,0.652
0.145,-0.652,0.664
0.145,-0.645,0.676
0.145,-0.637,0.68
0.145,-0.629,0.691
0.148,-0.629,0.699
0.152,-0.648,0.699
0.168,-0.672,0.703
0.195,-0.691,0.703
0.203,-0.699,0.699
0.207,-0.703,0.695
0.191,-0.707,0.688
0.176,-0.715,0.676
0.172,-0.734,0.672
0.164,-0.789,0.68
0.145,-0.859,0.676
0.125,-0.891,0.676
0.102,-0.863,0.688
0.082,-0.809,0.723
0.059,-0.781,0.762
0.02,-0.77,0.813
-0.035,-0.742,0.863
-0.078,-0.703,0.922
-0.094,-0.672,0.973
-0.094,-0.664,1.012
-0.094,-0.688,1.027
-0.094,-0.719,1.031
-0.082,-0.719,1.047
-0.063,-0.699,1.055
-0.063,-0.688,1.047
-0.07,-0.707,1.02
-0.09,-0.734,1.004
-0.098,-0.738,0.973
-0.094,-0.715,0.941
-0.078,-0.66,0.914
-0.066,-0.605,0.879
-0.059,-0.586,0.84
-0.047,-0.586,0.797
-0.031,-0.59,0.766
-0.02,-0.594,0.734
-0.016,-0.574,0.715
-0.016,-0.547,0.695
-0.016,-0.531,0.688
-0.004,-0.527,0.68
0.008,-0.527,0.676
0.012,-0.527,0.668
0.016,-0.539,0.664
0.012,-0.566,0.66
0.008,-0.598,0.652
-0.008,-0.629,0.648
-0.031,-0.645,0.637
-0.043,-0.648,0.633
-0.059,-0.645,0.629
-0.059,-0.645,0.645
-0.055,-0.652,0.652
-0.051,-0.66,0.66
-0.047,-0.672,0.672
-0.051,-0.684,0.688
-0.047,-0.688,0.715
-0.055,-0.688,0.734
-0.07,-0.699,0.75
-0.09,-0.711,0.766
-0.102,-0.723,0.785
-0.121,-0.734,0.809
-0.129,-0.746,0.832
-0.145,-0.75,0.844
-0.137,-0.766,0.852
-0.137,-0.773,0.852
-0.133,-0.777,0.848
-0.113,-0.781,0.859
-0.086,-0.816,0.879
-0.047,-0.859,0.875
-0.004,-0.859,0.883
0.023,-0.789,0.914
0.043,-0.719,0.926
0.074,-0.695,0.922
0.121,-0.684,0.918
0.16,-0.656,0.926
0.176,-0.609,0.945
0.203,-0.574,0.961
0.23,-0.578,0.953
0.254,-0.594,0.938
0.242,-0.598,0.93
0.207,-0.594,0.91
0.172,-0.57,0.895
0.152,-0.551,0.875
0.145,-0.547,0.863
0.148,-0.555,0.848
0.152,-0.57,0.832
0.145,-0.586,0.824
0.105,-0.594,0.82
0.055,-0.574,0.824
0.012,-0.551,0.836
0.0,-0.535,0.84
0.012,-0.527,0.832
0.035,-0.531,0.828
0.047,-0.535,0.82
0.051,-0.531,0.82
0.047,-0.527,0.809
0.043,-0.527,0.809
0.039,-0.539,0.793
0.035,-0.555,0.785
0.043,-0.566,0.77
0.035,-0.582,0.762
0.039,-0.59,0.758
0.051,-0.598,0.75
0.063,-0.602,0.734
0.07,-0.613,0.727
0.07,-0.625,0.715
0.078,-0.637,0.699
0.09,-0.648,0.688
0.094,-0.652,0.684
0.098,-0.648,0.672
0.094,-0.645,0.656
0.09,-0.641,0.66
0.074,-0.625,0.672
0.082,-0.625,0.676
0.102,-0.621,0.668
0.117,-0.629,0.676
0.137,-0.645,0.684
0.148,-0.656,0.695
0.16,-0.668,0.699
0.176,-0.691,0.699
0.18,-0.719,0.707
0.172,-0.746,0.715
0.156,-0.777,0.715
0.137,-0.816,0.711
0.113,-0.855,0.703
0.086,-0.902,0.707
0.047,-0.957,0.727
0.0,-0.996,0.746
-0.031,-0.98,0.773
-0.035,-0.914,0.813
-0.023,-0.816,0.836
-0.008,-0.742,0.859
0.012,-0.691,0.871
0.016,-0.656,0.871
0.008,-0.66,0.863
-0.008,-0.672,0.863
-0.039,-0.68,0.875
-0.09,-0.68,0.887
-0.141,-0.668,0.898
-0.172,-0.652,0.906
-0.168,-0.637,0.914
-0.148,-0.617,0.91
-0.121,-0.594,0.906
-0.105,-0.578,0.891
-0.086,-0.574,0.867
-0.063,-0.602,0.84
-0.047,-0.637,0.813
-0.047,-0.648,0.785
-0.047,-0.652,0.766
-0.059,-0.656,0.75
-0.066,-0.668,0.746
-0.066,-0.676,0.73
-0.066,-0.664,0.73
-0.055,-0.641,0.727
-0.027,-0.613,0.723
-0.012,-0.602,0.719
0.008,-0.617,0.707
0.012,-0.629,0.699
0.012,-0.641,0.688
0.012,-0.645,0.672
0.008,-0.652,0.66
-0.004,-0.66,0.652
-0.023,-0.676,0.641
-0.027,-0.695,0.633
-0.043,-0.715,0.621
-0.047,-0.715,0.617
-0.055,-0.719,0.625
-0.051,-0.707,0.637
-0.055,-0.695,0.652
-0.07,-0.688,0.656
-0.082,-0.695,0.676
-0.098,-0.699,0.691
-0.109,-0.719,0.711
-0.121,-0.742,0.73
-0.141,-0.773,0.75
-0.168,-0.797,0.762
-0.191,-0.813,0.773
-0.199,-0.832,0.789
-0.195,-0.84,0.789
-0.188,-0.844,0.781
-0.184,-0.836,0.777
-0.18,-0.832,0.77
-0.168,-0.844,0.773
-0.141,-0.883,0.793
-0.094,-0.945,0.813
-0.043,-0.949,0.809
-0.035,-0.852,0.82
-0.035,-0.738,0.824
0.012,-0.703,0.828
0.086,-0.738,0.816
0.16,-0.75,0.832
0.207,-0.699,0.891
0.234,-0.625,0.934
0.266,-0.582,0.93
0.277,-0.566,0.918
0.258,-0.582,0.895
0.219,-0.598,0.867
0.176,-0.609,0.828
0.145,-0.613,0.793
0.137,-0.605,0.77
0.145,-0.609,0.754
0.148,-0.625,0.734
0.133,-0.641,0.719
0.109,-0.633,0.715
0.07,-0.609,0.719
0.055,-0.578,0.73
0.043,-0.574,0.734
0.047,-0.578,0.734
0.051,-0.602,0.73
0.051,-0.621,0.727
0.039,-0.637,0.723
0.035,-0.633,0.723
0.031,-0.621,0.715
0.047,-0.621,0.719
0.051,-0.629,0.711
0.051,-0.641,0.711
0.039,-0.648,0.715
0.035,-0.66,0.715
0.031,-0.668,0.703
0.031,-0.676,0.691
0.047,-0.691,0.684
0.063,-0.699,0.664
0.074,-0.699,0.656
0.09,-0.691,0.648
0.094,-0.688,0.648
0.09,-0.688,0.648
0.082,-0.691,0.652
0.082,-0.691,0.648
0.082,-0.688,0.656
0.094,-0.684,0.672
0.109,-0.688,0.688
0.125,-0.699,0.691
0.133,-0.715,0.688
0.125,-0.742,0.676
0.117,-0.785,0.668
0.109,-0.816,0.656
0.105,-0.836,0.648
0.098,-0.844,0.641
0.09,-0.848,0.633
0.078,-0.859,0.621
0.078,-0.875,0.621
0.082,-0.887,0.637
0.078,-0.887,0.66
0.063,-0.863,0.68
0.055,-0.805,0.707
0.055,-0.734,0.746
0.055,-0.707,0.789
0.027,-0.703,0.813
-0.02,-0.695,0.836
-0.059,-0.691,0.852
-0.094,-0.688,0.883
-0.121,-0.695,0.906
-0.148,-0.719,0.914
-0.16,-0.734,0.906
-0.145,-0.738,0.898
-0.113,-0.742,0.895
-0.094,-0.742,0.895
-0.086,-0.738,0.898
-0.078,-0.738,0.895
-0.066,-0.758,0.895
-0.055,-0.77,0.875
-0.039,-0.762,0.848
-0.039,-0.719,0.813
-0.035,-0.695,0.793
-0.039,-0.684,0.758
-0.039,-0.676,0.727
-0.035,-0.672,0.703
-0.027,-0.66,0.684
-0.023,-0.652,0.668
-0.023,-0.641,0.652
-0.016,-0.629,0.648
-0.023,-0.613,0.645
-0.031,-0.605,0.641
-0.035,-0.605,0.641
-0.043,-0.617,0.641
-0.059,-0.637,0.633
-0.07,-0.664,0.629
-0.086,-0.676,0.629
-0.098,-0.68,0.637
-0.094,-0.684,0.637
-0.094,-0.68,0.633
-0.086,-0.688,0.629
-0.07,-0.684,0.652
-0.063,-0.684,0.668
-0.07,-0.684,0.676
-0.082,-0.684,0.688
-0.098,-0.684,0.707
-0.113,-0.688,0.73
-0.121,-0.699,0.746
-0.129,-0.715,0.762
-0.137,-0.734,0.77
-0.141,-0.762,0.777
-0.137,-0.781,0.781
-0.137,-0.805,0.785
-0.137,-0.82,0.797
-0.133,-0.84,0.813
-0.102,-0.879,0.82
-0.051,-0.922,0.828
-0.004,-0.93,0.84
-0.008,-0.859,0.867
-0.035,-0.77,0.902
-0.035,-0.727,0.906
-0.02,-0.746,0.895
0.004,-0.754,0.883
0.004,-0.73,0.875
-0.004,-0.699,0.875
0.004,-0.684,0.871
0.043,-0.664,0.863
0.105,-0.633,0.867
0.156,-0.598,0.875
0.188,-0.555,0.887
0.211,-0.516,0.895
0.215,-0.484,0.891
0.219,-0.484,0.879
0.207,-0.492,0.859
0.176,-0.512,0.832
0.145,-0.523,0.809
0.129,-0.539,0.809
0.117,-0.555,0.805
0.098,-0.574,0.805
0.078,-0.59,0.816
0.059,-0.59,0.805
0.051,-0.578,0.805
0.051,-0.57,0.805
0.047,-0.566,0.805
0.047,-0.566,0.801
0.051,-0.574,0.793
0.047,-0.586,0.785
0.047,-0.594,0.781
0.039,-0.598,0.781
0.031,-0.602,0.77
0.031,-0.602,0.758
0.035,-0.613,0.754
0.039,-0.625,0.754
0.047,-0.637,0.746
0.059,-0.648,0.746
0.078,-0.641,0.738
0.094,-0.641,0.727
0.102,-0.633,0.707
0.098,-0.633,0.695
0.094,-0.633,0.68
0.09,-0.637,0.668
0.094,-0.648,0.656
0.102,-0.652,0.648
0.109,-0.652,0.648
0.133,-0.645,0.652
0.164,-0.641,0.656
0.188,-0.645,0.668
0.207,-0.66,0.688
0.215,-0.68,0.699
0.223,-0.695,0.711
0.223,-0.699,0.723
0.223,-0.703,0.73
0.219,-0.719,0.723
0.203,-0.738,0.715
0.18,-0.77,0.695
0.133,-0.824,0.68
0.082,-0.902,0.68
0.02,-0.996,0.676
-0.039,-1.051,0.676
-0.066,-1.027,0.684
-0.059,-0.945,0.711
-0.063,-0.836,0.75
-0.055,-0.734,0.793
-0.051,-0.668,0.805
-0.051,-0.633,0.816
-0.059,-0.652,0.828
-0.074,-0.688,0.848
-0.113,-0.723,0.875
-0.145,-0.738,0.902
-0.168,-0.746,0.922
-0.18,-0.742,0.938
-0.176,-0.723,0.93
-0.168,-0.711,0.91
-0.164,-0.715,0.883
-0.164,-0.742,0.855
-0.145,-0.777,0.816
-0.105,-0.793,0.789
-0.07,-0.781,0.777
-0.051,-0.746,0.773
-0.039,-0.703,0.77
-0.039,-0.664,0.758
-0.043,-0.648,0.742
-0.043,-0.648,0.719
-0.051,-0.656,0.691
-0.051,-0.656,0.668
-0.047,-0.648,0.656
-0.043,-0.637,0.648
-0.035,-0.633,0.645
-0.02,-0.641,0.641
-0.012,-0.648,0.633
-0.012,-0.656,0.629
-0.02,-0.66,0.629
-0.035,-0.664,0.629
-0.059,-0.66,0.625
-0.066,-0.664,0.625
-0.07,-0.676,0.617
-0.074,-0.695,0.609
-0.086,-0.719,0.609
-0.09,-0.738,0.609
-0.102,-0.742,0.621
-0.105,-0.738,0.633
-0.113,-0.723,0.648
-0.133,-0.711,0.664
-0.141,-0.711,0.684
-0.156,-0.723,0.699
-0.172,-0.75,0.707
-0.18,-0.77,0.723
-0.18,-0.785,0.73
-0.176,-0.801,0.742
-0.176,-0.82,0.742
-0.172,-0.844,0.746
-0.184,-0.863,0.734
-0.164,-0.883,0.742
-0.133,-0.922,0.742
-0.09,-0.973,0.75
-0.043,-1.004,0.75
-0.02,-0.949,0.77
-0.02,-0.844,0.801
-0.012,-0.758,0.816
0.023,-0.75,0.813
0.059,-0.781,0.797
0.078,-0.781,0.805
0.094,-0.766,0.828
0.117,-0.766,0.832
0.152,-0.77,0.816
0.18,-0.758,0.809
0.188,-0.707,0.809
0.176,-0.652,0.805
0.16,-0.602,0.801
0.16,-0.57,0.789
0.156,-0.566,0.77
0.16,-0.586,0.758
0.16,-0.609,0.742
0.152,-0.625,0.727
0.129,-0.633,0.719
0.086,-0.633,0.727
0.031,-0.641,0.73
-0.004,-0.641,0.738
-0.016,-0.637,0.75
0.0,-0.629,0.754
0.027,-0.617,0.754
0.043,-0.609,0.746
0.039,-0.609,0.742
0.023,-0.613,0.734
0.004,-0.617,0.738
-0.004,-0.633,0.734
0.0,-0.652,0.734
0.016,-0.668,0.734
0.023,-0.672,0.734
0.023,-0.668,0.734
0.023,-0.668,0.734
0.027,-0.664,0.727
0.039,-0.668,0.723
0.043,-0.668,0.715
0.051,-0.668,0.699
0.063,-0.672,0.688
0.063,-0.672,0.684
0.063,-0.664,0.684
0.07,-0.66,0.691
0.086,-0.668,0.703
0.102,-0.691,0.715
0.105,-0.711,0.715
0.129,-0.723,0.719
0.133,-0.711,0.719
0.125,-0.707,0.707
0.121,-0.711,0.691
0.117,-0.727,0.688
0.117,-0.734,0.676
0.117,-0.742,0.66
0.129,-0.758,0.652
0.137,-0.766,0.645
0.137,-0.77,0.637
0.133,-0.793,0.641
0.102,-0.844,0.652
0.055,-0.875,0.668
0.016,-0.879,0.691
0.0,-0.84,0.723
-0.008,-0.805,0.754
-0.031,-0.789,0.773
-0.059,-0.77,0.793
-0.086,-0.734,0.824
-0.117,-0.707,0.863
-0.148,-0.699,0.883
-0.176,-0.719,0.891
-0.188,-0.742,0.895
-0.176,-0.75,0.898
-0.156,-0.75,0.906
-0.129,-0.746,0.918
-0.121,-0.746,0.91
-0.133,-0.75,0.906
-0.141,-0.758,0.895
-0.129,-0.766,0.867
-0.109,-0.77,0.844
-0.078,-0.754,0.809
-0.059,-0.734,0.773
-0.051,-0.715,0.734
-0.051,-0.695,0.711
-0.047,-0.688,0.688
-0.035,-0.688,0.664
-0.023,-0.684,0.656
-0.016,-0.672,0.645
-0.004,-0.641,0.637
0.004,-0.613,0.633
0.004,-0.605,0.629
0.0,-0.602,0.621
-0.008,-0.613,0.617
-0.02,-0.637,0.609
-0.035,-0.672,0.613
-0.051,-0.703,0.609
-0.059,-0.723,0.609
-0.063,-0.727,0.609
-0.078,-0.715,0.602
-0.074,-0.711,0.613
-0.07,-0.707,0.625
-0.063,-0.707,0.633
-0.059,-0.711,0.648
-0.074,-0.703,0.668
-0.098,-0.695,0.688
-0.117,-0.688,0.707
-0.133,-0.695,0.727
-0.145,-0.711,0.738
-0.156,-0.734,0.746
-0.168,-0.758,0.75
-0.184,-0.77,0.75
-0.195,-0.773,0.75
-0.199,-0.777,0.75
-0.188,-0.789,0.746
-0.176,-0.805,0.742
-0.156,-0.836,0.738
-0.129,-0.883,0.746
-0.094,-0.945,0.762
-0.059,-0.988,0.77
-0.059,-0.938,0.793
-0.074,-0.82,0.82
-0.078,-0.738,0.844
-0.039,-0.742,0.848
0.004,-0.777,0.844
0.023,-0.766,0.859
0.031,-0.727,0.891
0.066,-0.695,0.895
0.102,-0.676,0.879
0.137,-0.656,0.867
0.148,-0.633,0.855
0.137,-0.598,0.848
0.105,-0.57,0.828
0.074,-0.551,0.809
0.063,-0.543,0.785
0.059,-0.551,0.77
0.07,-0.57,0.746
0.086,-0.59,0.73
0.094,-0.617,0.727
0.094,-0.629,0.73
0.07,-0.641,0.742
0.055,-0.637,0.758
0.043,-0.629,0.777
0.035,-0.617,0.789
0.039,-0.602,0.797
0.043,-0.59,0.801
0.043,-0.574,0.793
0.035,-0.574,0.789
0.027,-0.582,0.781
-0.004,-0.586,0.777
0.0,-0.602,0.773
-0.004,-0.609,0.77
-0.004,-0.621,0.762
-0.008,-0.629,0.754
-0.004,-0.633,0.754
-0.004,-0.645,0.754
0.008,-0.656,0.746
0.023,-0.668,0.746
0.039,-0.672,0.742
0.047,-0.672,0.734
0.043,-0.668,0.734
0.031,-0.664,0.73
0.027,-0.656,0.738
0.023,-0.656,0.746
0.031,-0.645,0.746
0.039,-0.629,0.746
0.047,-0.629,0.762
0.063,-0.633,0.762
0.078,-0.629,0.75
0.102,-0.633,0.738
0.121,-0.645,0.734
0.145,-0.66,0.719
0.152,-0.684,0.707
0.145,-0.723,0.711
0.102,-0.781,0.727
0.027,-0.84,0.738
-0.047,-0.84,0.758
-0.078,-0.781,0.789
-0.078,-0.715,0.836
-0.078,-0.688,0.867
-0.094,-0.676,0.867
-0.113,-0.66,0.859
-0.121,-0.637,0.855
-0.137,-0.621,0.863
-0.168,-0.637,0.891
-0.215,-0.684,0.918
-0.25,-0.734,0.941
-0.285,-0.77,0.961
-0.285,-0.777,0.969
-0.27,-0.746,0.969
-0.238,-0.715,0.969
-0.191,-0.691,0.949
-0.16,-0.684,0.93
-0.141,-0.68,0.898
-0.137,-0.66,0.867
-0.141,-0.625,0.84
-0.145,-0.59,0.813
-0.141,-0.563,0.789
-0.137,-0.547,0.781
-0.141,-0.531,0.762
-0.137,-0.52,0.754
-0.137,-0.504,0.742
-0.129,-0.492,0.73
-0.121,-0.488,0.734
-0.113,-0.492,0.734
-0.105,-0.496,0.738
-0.098,-0.504,0.75
-0.102,-0.52,0.75
-0.113,-0.531,0.754
-0.125,-0.543,0.762
-0.145,-0.555,0.773
-0.16,-0.563,0.781
-0.18,-0.563,0.797
-0.191,-0.566,0.813
-0.211,-0.566,0.816
-0.223,-0.57,0.82
-0.227,-0.57,0.832
-0.219,-0.574,0.855
-0.207,-0.582,0.867
-0.203,-0.602,0.879
-0.207,-0.621,0.887
-0.211,-0.641,0.891
-0.215,-0.641,0.895
-0.207,-0.652,0.891
-0.215,-0.66,0.891
-0.227,-0.668,0.875
-0.234,-0.688,0.863
-0.234,-0.723,0.859
-0.207,-0.77,0.852
-0.164,-0.809,0.848
-0.133,-0.785,0.848
-0.121,-0.723,0.863
-0.113,-0.664,0.898
-0.098,-0.629,0.906
-0.074,-0.621,0.891
-0.055,-0.594,0.879
-0.047,-0.559,0.887
-0.027,-0.539,0.887
0.004,-0.539,0.875
0.047,-0.539,0.863
0.086,-0.523,0.871
0.117,-0.504,0.879
0.141,-0.473,0.887
0.148,-0.449,0.898
0.148,-0.441,0.906
0.141,-0.453,0.906
0.125,-0.473,0.898
0.113,-0.488,0.898
0.098,-0.496,0.895
0.07,-0.5,0.887
0.066,-0.516,0.887
0.055,-0.531,0.883
0.031,-0.543,0.879
0.008,-0.551,0.867
-0.012,-0.547,0.867
-0.02,-0.535,0.867
-0.023,-0.527,0.863
-0.031,-0.52,0.871
-0.031,-0.508,0.863
-0.035,-0.512,0.859
-0.039,-0.523,0.859
-0.039,-0.531,0.855
-0.035,-0.539,0.852
-0.035,-0.551,0.852
-0.035,-0.551,0.852
-0.035,-0.551,0.848
-0.031,-0.551,0.848
-0.027,-0.559,0.84
-0.016,-0.563,0.836
-0.012,-0.566,0.832
-0.008,-0.566,0.836
0.0,-0.566,0.84
0.0,-0.57,0.84
-0.004,-0.566,0.844
0.008,-0.574,0.844
0.012,-0.566,0.844
0.02,-0.563,0.844
0.031,-0.551,0.84
0.055,-0.547,0.852
0.07,-0.539,0.852
0.082,-0.539,0.855
0.086,-0.551,0.852
0.074,-0.566,0.836
0.059,-0.582,0.82
0.035,-0.598,0.797
0.016,-0.625,0.785
0.012,-0.652,0.762
0.004,-0.68,0.746
-0.008,-0.715,0.734
-0.023,-0.738,0.73
-0.043,-0.746,0.727
-0.047,-0.738,0.73
-0.043,-0.711,0.746
-0.027,-0.688,0.758
-0.02,-0.68,0.781
-0.039,-0.68,0.809
-0.066,-0.68,0.816
-0.09,-0.645,0.824
-0.113,-0.586,0.844
-0.16,-0.543,0.855
-0.195,-0.539,0.871
-0.234,-0.551,0.887
-0.266,-0.582,0.902
-0.277,-0.605,0.934
-0.273,-0.621,0.957
-0.266,-0.629,0.973
-0.25,-0.625,0.98
-0.234,-0.609,0.996
-0.211,-0.605,1.0
-0.191,-0.605,0.996
-0.18,-0.605,0.984
-0.172,-0.602,0.961
-0.172,-0.586,0.938
-0.172,-0.559,0.918
-0.172,-0.543,0.891
-0.172,-0.535,0.859
-0.172,-0.527,0.84
-0.172,-0.52,0.824
-0.164,-0.512,0.809
-0.16,-0.504,0.801
-0.148,-0.508,0.797
-0.141,-0.504,0.789
-0.137,-0.504,0.781
-0.129,-0.5,0.777
-0.133,-0.496,0.77
-0.141,-0.508,0.77
-0.145,-0.504,0.781
-0.156,-0.512,0.785
-0.16,-0.52,0.789
-0.16,-0.523,0.809
-0.168,-0.523,0.82
-0.176,-0.523,0.824
-0.188,-0.516,0.832
-0.199,-0.516,0.848
-0.207,-0.527,0.863
-0.223,-0.555,0.875
-0.23,-0.574,0.883
-0.242,-0.59,0.879
-0.25,-0.602,0.875
-0.242,-0.621,0.887
-0.242,-0.641,0.887
-0.234,-0.676,0.891
-0.215,-0.719,0.898
-0.176,-0.781,0.898
-0.133,-0.816,0.91
-0.098,-0.773,0.93
-0.09,-0.707,0.961
-0.094,-0.672,0.984
-0.086,-0.68,0.98
-0.094,-0.676,0.969
-0.102,-0.648,0.965
-0.113,-0.629,0.949
-0.109,-0.625,0.934
-0.09,-0.617,0.914
-0.059,-0.586,0.895
-0.031,-0.543,0.871
0.008,-0.5,0.859
0.039,-0.449,0.859
0.07,-0.414,0.863
0.098,-0.391,0.871
0.117,-0.398,0.875
0.117,-0.406,0.879
0.117,-0.414,0.867
0.113,-0.414,0.855
0.086,-0.352,0.859
0.082,-0.469,0.836
0.102,-0.477,0.844
0.098,-0.484,0.855
0.09,-0.504,0.852
0.055,-0.492,0.852
0.02,-0.477,0.844
0.0,-0.477,0.844
-0.012,-0.488,0.852
-0.004,-0.5,0.855
0.0,-0.5,0.863
0.004,-0.5,0.871
0.012,-0.504,0.879
0.012,-0.52,0.887
0.012,-0.52,0.895
0.008,-0.523,0.895
0.0,-0.527,0.895
0.008,-0.527,0.895
0.008,-0.527,0.891
0.012,-0.523,0.883
0.012,-0.527,0.879
0.02,-0.531,0.875
0.02,-0.531,0.863
0.012,-0.531,0.859
0.0,-0.52,0.859
0.004,-0.504,0.855
0.016,-0.484,0.859
0.023,-0.473,0.871
0.039,-0.473,0.883
0.047,-0.477,0.887
0.051,-0.488,0.883
0.055,-0.488,0.883
0.066,-0.492,0.887
0.074,-0.5,0.879
0.07,-0.512,0.871
0.051,-0.527,0.859
0.043,-0.547,0.855
0.035,-0.574,0.848
0.023,-0.613,0.855
-0.008,-0.668,0.871
-0.07,-0.719,0.867
-0.129,-0.727,0.859
-0.156,-0.699,0.859
-0.152,-0.68,0.859
-0.148,-0.668,0.859
-0.145,-0.652,0.863
-0.133,-0.641,0.863
-0.133,-0.625,0.848
-0.145,-0.617,0.84
-0.16,-0.617,0.84
-0.195,-0.625,0.852
-0.238,-0.621,0.871
-0.273,-0.613,0.895
-0.297,-0.613,0.914
-0.309,-0.602,0.926
-0.313,-0.582,0.938
-0.301,-0.578,0.938
-0.273,-0.574,0.938
-0.23,-0.566,0.934
-0.195,-0.563,0.93
-0.168,-0.559,0.922
-0.152,-0.543,0.922
-0.152,-0.516,0.918
-0.164,-0.492,0.902
-0.168,-0.473,0.898
-0.176,-0.469,0.887
-0.184,-0.465,0.871
-0.191,-0.461,0.859
-0.18,-0.449,0.852
-0.176,-0.445,0.836
-0.18,-0.457,0.832
-0.172,-0.457,0.84
-0.168,-0.453,0.832
-0.168,-0.457,0.828
-0.172,-0.453,0.832
-0.172,-0.457,0.832
-0.172,-0.461,0.84
-0.18,-0.473,0.844
-0.18,-0.477,0.848
-0.188,-0.488,0.844
-0.195,-0.492,0.852
-0.207,-0.492,0.859
-0.211,-0.496,0.859
-0.215,-0.504,0.852
-0.23,-0.523,0.848
-0.266,-0.547,0.84
-0.277,-0.574,0.84
-0.289,-0.59,0.828
-0.289,-0.594,0.824
-0.293,-0.602,0.828
-0.297,-0.621,0.84
-0.305,-0.648,0.844
-0.293,-0.676,0.859
-0.246,-0.719,0.887
-0.18,-0.805,0.906
-0.094,-0.871,0.898
-0.027,-0.832,0.934
-0.012,-0.73,0.977
-0.035,-0.629,1.023
-0.07,-0.547,1.051
-0.098,-0.504,1.047
-0.102,-0.496,1.027
-0.086,-0.523,1.004
-0.059,-0.578,0.961
-0.027,-0.617,0.918
0.016,-0.609,0.887
0.047,-0.559,0.875
0.059,-0.5,0.875
0.059,-0.449,0.875
0.055,-0.414,0.875
0.051,-0.402,0.871
0.055,-0.414,0.867
0.063,-0.438,0.855
0.063,-0.457,0.836
0.063,-0.469,0.828
0.051,-0.484,0.82
0.043,-0.5,0.824
0.031,-0.527,0.844
0.016,-0.527,0.859
-0.004,-0.512,0.863
-0.02,-0.496,0.867
-0.023,-0.484,0.867
-0.02,-0.492,0.863
-0.016,-0.508,0.871
-0.02,-0.531,0.871
-0.027,-0.555,0.867
-0.035,-0.574,0.867
-0.039,-0.586,0.863
-0.043,-0.574,0.859
-0.043,-0.57,0.852
-0.043,-0.566,0.848
-0.043,-0.566,0.848
-0.039,-0.57,0.84
-0.043,-0.574,0.836
-0.043,-0.574,0.828
-0.059,-0.563,0.836
-0.051,-0.563,0.844
-0.051,-0.563,0.84
-0.051,-0.555,0.836
-0.043,-0.547,0.84
-0.031,-0.543,0.844
-0.031,-0.52,0.852
-0.031,-0.512,0.863
-0.035,-0.516,0.879
-0.035,-0.52,0.887
-0.031,-0.523,0.891
-0.02,-0.512,0.887
0.0,-0.504,0.883
0.008,-0.496,0.883
0.016,-0.492,0.879
0.016,-0.496,0.883
0.012,-0.504,0.875
0.004,-0.516,0.871
0.0,-0.531,0.863
0.016,-0.547,0.859
0.0,-0.59,0.859
-0.051,-0.637,0.863
-0.109,-0.656,0.863
-0.152,-0.656,0.855
-0.164,-0.652,0.855
-0.168,-0.66,0.855
-0.168,-0.684,0.852
-0.168,-0.699,0.855
-0.164,-0.703,0.859
-0.156,-0.691,0.859
-0.156,-0.672,0.859
-0.172,-0.656,0.852
-0.199,-0.629,0.848
-0.223,-0.609,0.84
-0.23,-0.574,0.836
-0.238,-0.543,0.832
-0.238,-0.527,0.836
-0.242,-0.523,0.84
-0.254,-0.523,0.844
-0.262,-0.527,0.852
-0.262,-0.531,0.852
-0.25,-0.539,0.855
-0.238,-0.551,0.859
-0.223,-0.566,0.859
-0.219,-0.586,0.859
-0.211,-0.602,0.859
-0.203,-0.617,0.859
-0.203,-0.617,0.852
-0.219,-0.613,0.848
-0.23,-0.605,0.844
-0.25,-0.594,0.844
-0.258,-0.598,0.848
-0.266,-0.609,0.836
-0.277,-0.617,0.84
-0.293,-0.617,0.848
-0.281,-0.605,0.84
-0.266,-0.594,0.84
-0.242,-0.578,0.828
-0.215,-0.566,0.824
-0.191,-0.563,0.82
-0.172,-0.563,0.813
-0.176,-0.563,0.797
-0.195,-0.563,0.785
-0.199,-0.566,0.777
-0.215,-0.59,0.77
-0.227,-0.609,0.762
-0.238,-0.625,0.754
-0.258,-0.629,0.754
-0.266,-0.633,0.75
-0.27,-0.625,0.754
-0.281,-0.613,0.754
-0.285,-0.609,0.762
-0.285,-0.602,0.766
-0.281,-0.594,0.77
-0.289,-0.59,0.77
-0.293,-0.574,0.766
-0.277,-0.563,0.773
-0.262,-0.555,0.789
-0.234,-0.574,0.813
-0.195,-0.613,0.844
-0.145,-0.629,0.879
-0.098,-0.641,0.91
-0.066,-0.648,0.938
-0.063,-0.641,0.941
-0.074,-0.613,0.957
-0.098,-0.59,0.957
-0.109,-0.602,0.961
-0.109,-0.637,0.953
-0.109,-0.68,0.941
-0.105,-0.688,0.938
-0.105,-0.66,0.93
-0.109,-0.621,0.914
-0.109,-0.594,0.895
-0.102,-0.574,0.887
-0.082,-0.566,0.883
-0.059,-0.563,0.875
-0.035,-0.555,0.867
-0.027,-0.543,0.863
-0.027,-0.543,0.859
-0.031,-0.547,0.855
-0.039,-0.559,0.852
-0.031,-0.574,0.852
-0.02,-0.598,0.84
0.0,-0.617,0.828
0.016,-0.633,0.82
0.027,-0.641,0.82
0.031,-0.648,0.813
0.027,-0.652,0.805
0.02,-0.656,0.793
0.016,-0.66,0.793
0.012,-0.66,0.785
0.008,-0.664,0.777
0.008,-0.668,0.77
0.0,-0.668,0.758
-0.004,-0.672,0.746
-0.012,-0.672,0.738
-0.016,-0.672,0.738
-0.012,-0.668,0.734
0.0,-0.664,0.734
-0.004,-0.66,0.73
-0.008,-0.656,0.727
-0.012,-0.66,0.723
-0.02,-0.652,0.711
-0.023,-0.648,0.727
-0.027,-0.641,0.742
-0.035,-0.629,0.754
-0.039,-0.617,0.762
-0.043,-0.609,0.766
-0.039,-0.605,0.762
-0.023,-0.594,0.758
-0.004,-0.57,0.766
-0.004,-0.551,0.77
-0.008,-0.535,0.777
-0.008,-0.527,0.801
0.012,-0.523,0.816
0.035,-0.531,0.832
0.063,-0.551,0.844
0.078,-0.57,0.852
0.078,-0.602,0.855
0.047,-0.645,0.871
-0.02,-0.684,0.895
-0.105,-0.703,0.906
-0.176,-0.707,0.902
-0.227,-0.707,0.895
-0.23,-0.688,0.871
-0.211,-0.66,0.852
-0.195,-0.641,0.828
-0.188,-0.633,0.816
-0.184,-0.629,0.816
-0.18,-0.645,0.836
-0.188,-0.664,0.84
-0.168,-0.676,0.852
-0.152,-0.672,0.844
-0.145,-0.668,0.844
-0.152,-0.664,0.844
-0.172,-0.652,0.84
-0.211,-0.641,0.832
-0.246,-0.652,0.82
-0.262,-0.664,0.809
-0.262,-0.672,0.789
-0.246,-0.668,0.789
-0.238,-0.645,0.785
-0.234,-0.621,0.785
-0.238,-0.605,0.785
-0.25,-0.605,0.785
-0.258,-0.602,0.785
-0.262,-0.602,0.785
-0.262,-0.598,0.781
-0.25,-0.594,0.777
-0.238,-0.59,0.785
-0.23,-0.586,0.793
-0.23,-0.582,0.797
-0.234,-0.59,0.805
-0.227,-0.602,0.809
-0.227,-0.621,0.809
-0.23,-0.633,0.813
-0.238,-0.641,0.816
-0.246,-0.633,0.816
-0.258,-0.637,0.813
-0.266,-0.637,0.805
-0.262,-0.641,0.797
-0.254,-0.648,0.789
-0.258,-0.652,0.785
-0.262,-0.66,0.781
-0.262,-0.652,0.781
-0.266,-0.648,0.77
-0.266,-0.66,0.766
-0.27,-0.664,0.766
-0.27,-0.66,0.758
-0.266,-0.66,0.758
-0.258,-0.66,0.758
-0.258,-0.668,0.754
-0.266,-0.672,0.75
-0.262,-0.672,0.738
-0.266,-0.672,0.73
-0.254,-0.672,0.723
-0.25,-0.672,0.715
-0.246,-0.672,0.703
-0.238,-0.676,0.707
-0.223,-0.695,0.707
-0.199,-0.727,0.719
-0.145,-0.801,0.746
-0.074,-0.875,0.75
-0.02,-0.898,0.734
-0.02,-0.809,0.727
-0.078,-0.637,0.746
-0.125,-0.531,0.766
-0.152,-0.516,0.781
-0.156,-0.574,0.777
-0.148,-0.68,0.777
-0.125,-0.77,0.777
-0.109,-0.809,0.777
-0.094,-0.789,0.773
-0.082,-0.746,0.773
-0.078,-0.711,0.77
-0.074,-0.695,0.762
-0.07,-0.691,0.742
-0.07,-0.695,0.723
-0.063,-0.695,0.695
-0.059,-0.691,0.684
-0.066,-0.703,0.68
-0.074,-0.719,0.68
-0.078,-0.734,0.68
-0.09,-0.742,0.691
-0.098,-0.754,0.695
-0.105,-0.766,0.703
-0.105,-0.773,0.711
-0.105,-0.777,0.715
-0.098,-0.777,0.723
-0.082,-0.777,0.723
-0.07,-0.773,0.727
-0.059,-0.754,0.73
-0.047,-0.73,0.738
-0.035,-0.723,0.742
-0.016,-0.715,0.738
0.008,-0.711,0.734
0.035,-0.707,0.727
0.063,-0.703,0.719
0.082,-0.707,0.715
0.102,-0.715,0.711
0.105,-0.734,0.707
0.102,-0.758,0.703
0.094,-0.77,0.707
0.082,-0.754,0.711
0.07,-0.746,0.699
0.063,-0.742,0.676
0.059,-0.754,0.648
0.055,-0.766,0.637
0.078,-0.773,0.637
0.098,-0.777,0.629
0.102,-0.766,0.629
0.109,-0.746,0.648
0.102,-0.723,0.664
0.102,-0.699,0.676
0.113,-0.699,0.68
0.117,-0.734,0.676
0.113,-0.754,0.684
0.121,-0.738,0.695
0.133,-0.715,0.711
0.137,-0.688,0.73
0.109,-0.699,0.742
0.066,-0.703,0.758
0.016,-0.699,0.773
-0.023,-0.68,0.785
-0.039,-0.652,0.797
-0.039,-0.637,0.797
-0.031,-0.637,0.801
-0.02,-0.617,0.809
-0.012,-0.605,0.82
-0.012,-0.594,0.828
-0.016,-0.582,0.836
-0.02,-0.57,0.844
-0.031,-0.574,0.848
-0.039,-0.57,0.852
-0.055,-0.574,0.859
-0.066,-0.578,0.871
-0.063,-0.59,0.875
-0.055,-0.594,0.879
-0.039,-0.598,0.879
-0.031,-0.602,0.875
-0.031,-0.602,0.867
-0.047,-0.602,0.859
-0.066,-0.602,0.867
-0.074,-0.609,0.867
-0.078,-0.613,0.863
-0.078,-0.617,0.855
-0.09,-0.613,0.855
-0.102,-0.609,0.848
-0.105,-0.602,0.84
-0.109,-0.605,0.832
-0.121,-0.621,0.828
-0.125,-0.637,0.816
-0.133,-0.637,0.813
-0.137,-0.637,0.816
-0.141,-0.633,0.82
-0.145,-0.629,0.824
-0.148,-0.633,0.832
-0.148,-0.637,0.828
-0.152,-0.641,0.836
-0.156,-0.641,0.832
-0.164,-0.637,0.828
-0.148,-0.637,0.824
-0.145,-0.637,0.816
-0.145,-0.637,0.813
-0.145,-0.633,0.816
-0.145,-0.621,0.816
-0.148,-0.613,0.82
-0.156,-0.613,0.82
-0.156,-0.617,0.809
-0.16,-0.621,0.789
-0.145,-0.637,0.789
-0.109,-0.691,0.789
-0.051,-0.777,0.77
0.0,-0.832,0.758
0.02,-0.797,0.75
-0.012,-0.695,0.754
-0.063,-0.59,0.773
-0.098,-0.539,0.789
-0.109,-0.559,0.789
-0.098,-0.645,0.785
-0.07,-0.73,0.777
-0.051,-0.789,0.762
-0.035,-0.797,0.758
-0.023,-0.762,0.742
-0.023,-0.719,0.742
-0.031,-0.684,0.75
-0.02,-0.66,0.75
-0.016,-0.668,0.75
-0.02,-0.688,0.75
-0.02,-0.699,0.746
-0.027,-0.711,0.742
-0.043,-0.719,0.734
-0.063,-0.723,0.727
-0.066,-0.73,0.723
-0.059,-0.727,0.727
-0.047,-0.723,0.727
-0.035,-0.711,0.719
-0.027,-0.703,0.719
-0.031,-0.695,0.727
-0.027,-0.691,0.727
-0.02,-0.699,0.723
-0.016,-0.703,0.723
-0.012,-0.715,0.719
0.0,-0.734,0.723
-0.004,-0.738,0.723
-0.004,-0.742,0.73
0.004,-0.738,0.738
0.0,-0.738,0.738
0.004,-0.734,0.73
0.008,-0.73,0.727
-0.004,-0.727,0.715
-0.008,-0.727,0.715
-0.023,-0.73,0.699
