,-0.066,-0.848,0.574
400,-0.051,-0.844,0.578
401,-0.051,-0.844,0.578
402,-0.051,-0.844,0.582
403,-0.055,-0.848,0.582
404,-0.051,-0.844,0.578
405,-0.055,-0.844,0.578
406,-0.055,-0.844,0.578
407,-0.055,-0.84,0.578
408,-0.066,-0.844,0.578
409,-0.059,-0.844,0.586
410,-0.063,-0.84,0.586
411,-0.055,-0.84,0.59
412,-0.059,-0.844,0.59
413,-0.059,-0.844,0.582
414,-0.066,-0.84,0.582
415,-0.066,-0.844,0.59
416,-0.063,-0.844,0.59
417,-0.066,-0.844,0.59
418,-0.063,-0.844,0.59
419,-0.066,-0.84,0.594
420,-0.066,-0.84,0.594
421,-0.07,-0.844,0.594
422,-0.066,-0.844,0.598
423,-0.063,-0.844,0.602
424,-0.063,-0.84,0.602
425,-0.066,-0.844,0.605
426,-0.066,-0.848,0.605
427,-0.066,-0.844,0.605
428,-0.07,-0.84,0.605
429,-0.07,-0.84,0.613
430,-0.07,-0.84,0.613
431,-0.074,-0.84,0.609
432,-0.074,-0.836,0.609
433,-0.074,-0.832,0.609
434,-0.07,-0.832,0.613
435,-0.07,-0.832,0.613
436,-0.07,-0.84,0.613
437,-0.07,-0.84,0.613
438,-0.066,-0.84,0.609
439,-0.063,-0.832,0.613
440,-0.07,-0.832,0.613
441,-0.07,-0.828,0.613
442,-0.074,-0.836,0.617
443,-0.066,-0.84,0.617
444,-0.07,-0.84,0.613
445,-0.07,-0.84,0.613
446,-0.07,-0.84,0.617
447,-0.074,-0.844,0.613
448,-0.074,-0.84,0.613
449,-0.086,-0.828,0.613
450,-0.082,-0.828,0.613
451,-0.082,-0.82,0.613
452,-0.086,-0.824,0.613
453,-0.09,-0.836,0.613
454,-0.094,-0.84,0.613
455,-0.09,-0.836,0.613
456,-0.094,-0.828,0.613
457,-0.086,-0.828,0.609
458,-0.098,-0.828,0.609
459,-0.09,-0.84,0.617
460,-0.09,-0.836,0.609
461,-0.094,-0.84,0.609
462,-0.094,-0.84,0.609
463,-0.086,-0.84,0.613
464,-0.078,-0.828,0.617
465,-0.074,-0.832,0.617
466,-0.066,-0.832,0.613
467,-0.063,-0.836,0.613
468,-0.063,-0.84,0.613
469,-0.059,-0.832,0.613
470,-0.059,-0.828,0.613
471,-0.059,-0.824,0.613
472,-0.055,-0.82,0.613
473,-0.055,-0.813,0.613
474,-0.043,-0.813,0.613
475,-0.035,-0.805,0.609
476,-0.027,-0.801,0.609
477,-0.027,-0.813,0.598
478,-0.016,-0.785,0.602
479,-0.004,-0.777,0.605
480,0.0,-0.785,0.609
481,-0.004,-0.793,0.605
482,-0.012,-0.797,0.605
483,-0.004,-0.805,0.609
484,-0.008,-0.809,0.609
485,-0.008,-0.813,0.613
486,-0.012,-0.82,0.609
487,-0.012,-0.836,0.613
488,-0.016,-0.836,0.609
489,-0.02,-0.84,0.609
490,-0.02,-0.84,0.609
491,-0.027,-0.832,0.613
492,-0.035,-0.836,0.613
493,-0.035,-0.84,0.621
494,-0.039,-0.84,0.621
495,-0.039,-0.844,0.617
496,-0.031,-0.844,0.613
497,-0.027,-0.848,0.609
498,-0.02,-0.852,0.605
499,-0.023,-0.855,0.59
500,-0.016,-0.855,0.582
501,-0.016,-0.855,0.574
502,-0.02,-0.859,0.57
503,-0.023,-0.871,0.566
504,-0.02,-0.875,0.563
505,-0.027,-0.879,0.559
506,-0.027,-0.871,0.559
507,-0.031,-0.867,0.555
508,-0.047,-0.867,0.547
509,-0.043,-0.867,0.551
510,-0.039,-0.863,0.539
511,-0.035,-0.871,0.527
512,-0.035,-0.875,0.52
513,-0.031,-0.871,0.512
514,-0.031,-0.863,0.508
515,-0.031,-0.859,0.508
516,-0.031,-0.852,0.5
517,-0.031,-0.848,0.492
518,-0.027,-0.848,0.496
519,-0.027,-0.855,0.496
520,-0.027,-0.863,0.496
521,-0.02,-0.867,0.492
522,-0.016,-0.867,0.492
523,-0.012,-0.875,0.488
524,-0.016,-0.875,0.488
525,-0.023,-0.883,0.5
526,-0.027,-0.891,0.504
527,-0.035,-0.895,0.504
528,-0.039,-0.895,0.504
529,-0.035,-0.895,0.508
530,-0.039,-0.902,0.512
531,-0.043,-0.906,0.516
532,-0.047,-0.914,0.523
533,-0.047,-0.918,0.516
534,-0.055,-0.93,0.52
535,-0.07,-0.934,0.516
536,-0.082,-0.945,0.512
537,-0.094,-0.953,0.516
538,-0.113,-0.957,0.52
539,-0.125,-0.945,0.527
540,-0.137,-0.93,0.535
541,-0.141,-0.906,0.547
542,-0.137,-0.898,0.551
543,-0.137,-0.91,0.563
544,-0.137,-0.918,0.57
545,-0.141,-0.906,0.574
546,-0.125,-0.887,0.586
547,-0.117,-0.875,0.598
548,-0.105,-0.875,0.602
549,-0.105,-0.887,0.598
550,-0.098,-0.898,0.582
551,-0.098,-0.902,0.578
552,-0.102,-0.895,0.574
553,-0.094,-0.887,0.566
554,-0.086,-0.871,0.566
555,-0.09,-0.871,0.566
556,-0.09,-0.875,0.563
557,-0.094,-0.875,0.551
558,-0.102,-0.867,0.535
559,-0.102,-0.871,0.539
560,-0.105,-0.855,0.523
561,-0.109,-0.844,0.52
562,-0.109,-0.836,0.523
563,-0.109,-0.828,0.535
564,-0.113,-0.816,0.543
565,-0.117,-0.813,0.543
566,-0.125,-0.809,0.543
567,-0.125,-0.816,0.543
568,-0.129,-0.828,0.547
569,-0.129,-0.84,0.551
570,-0.129,-0.852,0.547
571,-0.133,-0.863,0.547
572,-0.129,-0.863,0.551
573,-0.133,-0.875,0.551
574,-0.129,-0.879,0.555
575,-0.121,-0.891,0.551
576,-0.113,-0.898,0.555
577,-0.105,-0.91,0.555
578,-0.094,-0.906,0.543
579,-0.082,-0.898,0.531
580,-0.078,-0.887,0.523
581,-0.082,-0.875,0.516
582,-0.09,-0.871,0.508
583,-0.086,-0.875,0.504
584,-0.098,-0.883,0.5
585,-0.094,-0.883,0.492
586,-0.094,-0.887,0.488
587,-0.102,-0.883,0.48
588,-0.105,-0.879,0.48
589,-0.109,-0.871,0.488
590,-0.105,-0.871,0.492
591,-0.102,-0.871,0.496
592,-0.098,-0.875,0.5
593,-0.098,-0.879,0.504
594,-0.094,-0.879,0.508
595,-0.102,-0.871,0.516
596,-0.105,-0.871,0.52
597,-0.105,-0.867,0.523
598,-0.109,-0.863,0.531
599,-0.109,-0.867,0.531
600,-0.098,-0.863,0.535
601,-0.094,-0.859,0.539
602,-0.094,-0.859,0.539
603,-0.09,-0.852,0.539
604,-0.098,-0.855,0.539
605,-0.094,-0.859,0.539
606,-0.094,-0.871,0.539
607,-0.098,-0.875,0.539
608,-0.109,-0.871,0.539
609,-0.105,-0.875,0.539
610,-0.105,-0.863,0.535
611,-0.102,-0.855,0.531
612,-0.105,-0.855,0.523
613,-0.109,-0.848,0.52
614,-0.109,-0.844,0.516
615,-0.109,-0.836,0.512
616,-0.113,-0.828,0.504
617,-0.113,-0.824,0.492
618,-0.117,-0.832,0.48
619,-0.117,-0.844,0.473
620,-0.105,-0.871,0.469
621,-0.098,-0.91,0.473
622,-0.078,-0.953,0.477
623,-0.055,-0.996,0.492
624,-0.023,-1.023,0.516
625,0.004,-1.023,0.543
626,0.031,-0.992,0.57
627,0.047,-0.965,0.578
628,0.047,-0.938,0.586
629,0.035,-0.93,0.594
630,0.02,-0.941,0.59
631,0.004,-0.949,0.582
632,-0.008,-0.949,0.574
633,-0.012,-0.93,0.57
634,-0.023,-0.91,0.566
635,-0.027,-0.875,0.551
636,-0.035,-0.848,0.547
637,-0.047,-0.848,0.543
638,-0.063,-0.863,0.543
639,-0.066,-0.879,0.539
640,-0.07,-0.879,0.539
641,-0.066,-0.859,0.539
642,-0.055,-0.832,0.539
643,-0.051,-0.813,0.551
644,-0.047,-0.797,0.559
645,-0.035,-0.805,0.563
646,-0.02,-0.816,0.566
647,-0.012,-0.824,0.563
648,-0.004,-0.836,0.551
649,0.008,-0.84,0.543
650,0.016,-0.844,0.531
651,0.02,-0.844,0.523
652,0.016,-0.844,0.52
653,0.02,-0.844,0.516
654,0.023,-0.848,0.516
655,0.023,-0.852,0.52
656,0.023,-0.875,0.527
657,0.016,-0.906,0.531
658,-0.008,-0.918,0.52
659,-0.008,-0.902,0.52
660,0.0,-0.883,0.516
661,0.004,-0.867,0.512
662,0.008,-0.871,0.508
663,0.0,-0.883,0.508
664,-0.004,-0.891,0.504
665,-0.016,-0.895,0.504
666,-0.023,-0.883,0.5
667,-0.027,-0.867,0.5
668,-0.031,-0.867,0.484
669,-0.035,-0.863,0.477
670,-0.039,-0.871,0.461
671,-0.039,-0.879,0.461
672,-0.039,-0.879,0.453
673,-0.039,-0.883,0.449
674,-0.039,-0.887,0.449
675,-0.039,-0.891,0.441
676,-0.039,-0.887,0.441
677,-0.031,-0.875,0.438
678,-0.031,-0.879,0.438
679,-0.027,-0.871,0.441
680,-0.031,-0.867,0.441
681,-0.031,-0.855,0.453
682,-0.035,-0.855,0.461
683,-0.039,-0.863,0.473
684,-0.039,-0.867,0.484
685,-0.039,-0.867,0.5
686,-0.039,-0.871,0.512
687,-0.039,-0.875,0.52
688,-0.039,-0.875,0.516
689,-0.039,-0.871,0.508
690,-0.043,-0.875,0.5
691,-0.043,-0.883,0.48
692,-0.051,-0.922,0.457
693,-0.059,-1.0,0.453
694,-0.082,-1.074,0.465
695,-0.125,-1.094,0.496
696,-0.168,-1.055,0.539
697,-0.195,-1.016,0.574
698,-0.211,-0.988,0.598
699,-0.223,-0.984,0.609
700,-0.207,-1.0,0.621
701,-0.188,-1.012,0.629
702,-0.172,-0.988,0.625
703,-0.156,-0.949,0.617
704,-0.141,-0.926,0.613
705,-0.133,-0.906,0.609
706,-0.125,-0.891,0.602
707,-0.117,-0.883,0.594
708,-0.113,-0.879,0.594
709,-0.086,-0.887,0.605
710,-0.07,-0.883,0.598
711,-0.063,-0.867,0.586
712,-0.066,-0.844,0.582
713,-0.078,-0.82,0.578
714,-0.09,-0.809,0.574
715,-0.109,-0.793,0.574
716,-0.125,-0.785,0.574
717,-0.137,-0.781,0.566
718,-0.148,-0.777,0.57
719,-0.152,-0.781,0.57
720,-0.156,-0.785,0.574
721,-0.164,-0.793,0.574
722,-0.168,-0.801,0.574
723,-0.176,-0.809,0.566
724,-0.176,-0.809,0.566
725,-0.172,-0.816,0.57
726,-0.168,-0.828,0.574
727,-0.16,-0.844,0.574
728,-0.152,-0.859,0.574
729,-0.145,-0.871,0.566
730,-0.129,-0.879,0.566
731,-0.113,-0.883,0.563
732,-0.105,-0.883,0.555
733,-0.094,-0.867,0.551
734,-0.09,-0.867,0.547
735,-0.094,-0.867,0.539
736,-0.098,-0.875,0.531
737,-0.094,-0.871,0.52
738,-0.094,-0.871,0.512
739,-0.086,-0.871,0.504
740,-0.078,-0.875,0.5
741,-0.078,-0.883,0.5
742,-0.07,-0.879,0.5
743,-0.066,-0.871,0.496
744,-0.059,-0.867,0.492
745,-0.063,-0.867,0.496
746,-0.07,-0.875,0.496
747,-0.074,-0.879,0.496
748,-0.074,-0.887,0.5
749,-0.074,-0.879,0.504
750,-0.074,-0.871,0.504
751,-0.078,-0.871,0.5
752,-0.078,-0.871,0.5
753,-0.082,-0.875,0.496
754,-0.082,-0.875,0.5
755,-0.086,-0.871,0.504
756,-0.094,-0.871,0.512
757,-0.102,-0.875,0.512
758,-0.109,-0.875,0.508
759,-0.098,-0.879,0.52
760,-0.09,-0.871,0.516
761,-0.082,-0.863,0.527
762,-0.078,-0.852,0.535
763,-0.082,-0.848,0.543
764,-0.09,-0.852,0.539
765,-0.102,-0.859,0.531
766,-0.109,-0.859,0.523
767,-0.125,-0.859,0.512
768,-0.137,-0.871,0.504
769,-0.133,-0.895,0.504
770,-0.129,-0.93,0.5
771,-0.113,-0.965,0.492
772,-0.094,-0.996,0.484
773,-0.066,-1.02,0.484
774,-0.027,-1.008,0.496
775,0.004,-0.977,0.512
776,0.012,-0.945,0.531
777,0.016,-0.934,0.555
778,0.008,-0.93,0.563
779,0.0,-0.934,0.566
780,0.0,-0.926,0.566
781,0.0,-0.906,0.57
782,-0.004,-0.883,0.563
783,-0.012,-0.852,0.559
784,-0.016,-0.824,0.555
785,-0.023,-0.809,0.559
786,-0.039,-0.809,0.543
787,-0.039,-0.824,0.539
788,-0.039,-0.844,0.531
789,-0.043,-0.855,0.527
790,-0.043,-0.863,0.516
791,-0.043,-0.863,0.512
792,-0.031,-0.852,0.508
793,-0.02,-0.848,0.508
794,-0.004,-0.852,0.512
795,0.008,-0.859,0.52
796,0.012,-0.871,0.523
797,0.016,-0.871,0.52
798,0.016,-0.875,0.512
799,0.02,-0.871,0.508
800,0.02,-0.875,0.508
801,0.02,-0.879,0.5
802,0.02,-0.887,0.492
803,0.023,-0.902,0.488
804,0.02,-0.91,0.488
805,0.012,-0.914,0.492
806,0.004,-0.895,0.5
807,-0.004,-0.871,0.504
808,-0.016,-0.859,0.508
809,0.0,-0.859,0.516
810,-0.004,-0.871,0.5
811,-0.008,-0.875,0.492
812,-0.008,-0.879,0.484
813,-0.008,-0.875,0.473
814,0.0,-0.871,0.461
815,0.004,-0.875,0.461
816,0.0,-0.879,0.453
817,0.0,-0.879,0.449
818,-0.004,-0.887,0.449
819,0.0,-0.883,0.449
820,0.0,-0.883,0.441
821,0.0,-0.887,0.441
822,-0.004,-0.879,0.445
823,0.0,-0.871,0.449
824,-0.008,-0.859,0.453
825,0.0,-0.859,0.453
826,0.004,-0.855,0.461
827,-0.004,-0.848,0.473
828,-0.012,-0.844,0.488
829,-0.027,-0.844,0.508
830,-0.035,-0.844,0.531
831,-0.043,-0.848,0.547
832,-0.055,-0.859,0.547
833,-0.059,-0.887,0.531
834,-0.059,-0.938,0.516
835,-0.074,-1.02,0.512
836,-0.113,-1.086,0.531
837,-0.168,-1.09,0.57
838,-0.223,-1.031,0.609
839,-0.25,-0.965,0.633
840,-0.254,-0.941,0.641
841,-0.246,-0.961,0.637
842,-0.227,-1.004,0.633
843,-0.195,-1.031,0.633
844,-0.156,-1.027,0.629
845,-0.137,-0.988,0.621
846,-0.121,-0.949,0.613
847,-0.113,-0.914,0.598
848,-0.113,-0.891,0.594
849,-0.113,-0.871,0.598
850,-0.113,-0.855,0.602
851,-0.117,-0.848,0.598
852,-0.117,-0.836,0.59
853,-0.129,-0.82,0.586
854,-0.137,-0.805,0.57
855,-0.141,-0.797,0.555
856,-0.141,-0.789,0.551
857,-0.145,-0.773,0.547
858,-0.152,-0.77,0.555
859,-0.148,-0.77,0.563
860,-0.152,-0.777,0.563
861,-0.16,-0.797,0.566
862,-0.164,-0.816,0.57
863,-0.168,-0.832,0.57
864,-0.168,-0.844,0.57
865,-0.164,-0.852,0.574
866,-0.16,-0.848,0.578
867,-0.148,-0.848,0.586
868,-0.148,-0.855,0.586
869,-0.141,-0.855,0.586
870,-0.129,-0.863,0.59
871,-0.117,-0.871,0.59
872,-0.113,-0.863,0.586
873,-0.113,-0.855,0.582
874,-0.113,-0.84,0.582
875,-0.105,-0.836,0.574
876,-0.109,-0.836,0.563
877,-0.105,-0.836,0.551
878,-0.105,-0.832,0.547
879,-0.105,-0.84,0.543
880,-0.105,-0.84,0.539
881,-0.105,-0.844,0.535
882,-0.109,-0.844,0.539
883,-0.113,-0.844,0.535
884,-0.117,-0.844,0.539
885,-0.121,-0.844,0.539
886,-0.117,-0.844,0.539
887,-0.109,-0.848,0.539
888,-0.109,-0.844,0.539
889,-0.105,-0.844,0.539
890,-0.109,-0.844,0.539
891,-0.113,-0.844,0.539
892,-0.113,-0.844,0.539
893,-0.109,-0.844,0.543
894,-0.109,-0.844,0.551
895,-0.109,-0.844,0.551
896,-0.109,-0.844,0.555
897,-0.109,-0.844,0.563
898,-0.102,-0.848,0.563
899,-0.105,-0.844,0.555
900,-0.098,-0.844,0.555
901,-0.102,-0.836,0.551
902,-0.102,-0.844,0.547
903,-0.105,-0.848,0.555
904,-0.105,-0.844,0.555
905,-0.105,-0.844,0.559
906,-0.109,-0.84,0.559
907,-0.117,-0.844,0.559
908,-0.137,-0.871,0.551
909,-0.133,-0.91,0.555
910,-0.133,-0.934,0.543
911,-0.121,-0.957,0.531
912,-0.113,-0.977,0.52
913,-0.102,-0.992,0.512
914,-0.086,-0.996,0.512
915,-0.078,-0.992,0.516
916,-0.074,-0.969,0.52
917,-0.07,-0.945,0.523
918,-0.063,-0.926,0.523
919,-0.059,-0.898,0.523
920,-0.051,-0.887,0.527
921,-0.047,-0.875,0.531
922,-0.047,-0.863,0.535
923,-0.043,-0.848,0.535
924,-0.043,-0.828,0.539
925,-0.039,-0.813,0.543
926,-0.035,-0.797,0.535
927,-0.031,-0.785,0.531
928,-0.031,-0.781,0.535
929,-0.031,-0.793,0.547
930,-0.02,-0.805,0.555
931,-0.012,-0.816,0.566
932,0.0,-0.816,0.57
933,0.004,-0.82,0.578
934,0.0,-0.828,0.578
935,-0.008,-0.84,0.578
936,-0.008,-0.844,0.582
937,0.0,-0.855,0.59
938,-0.004,-0.867,0.594
939,0.004,-0.871,0.598
940,0.012,-0.871,0.594
941,0.004,-0.871,0.582
942,0.008,-0.863,0.57
943,0.008,-0.859,0.555
944,0.016,-0.867,0.547
945,0.016,-0.883,0.531
946,0.012,-0.898,0.523
947,-0.004,-0.902,0.531
948,-0.008,-0.887,0.539
949,-0.012,-0.879,0.551
950,-0.012,-0.871,0.543
951,-0.008,-0.871,0.539
952,-0.008,-0.863,0.531
953,-0.012,-0.867,0.523
954,-0.012,-0.859,0.516
955,-0.012,-0.863,0.512
956,-0.012,-0.855,0.508
957,-0.008,-0.855,0.504
958,-0.016,-0.852,0.5
959,-0.016,-0.852,0.5
960,-0.012,-0.848,0.496
961,-0.012,-0.848,0.488
962,-0.012,-0.848,0.48
963,-0.012,-0.855,0.48
964,-0.012,-0.859,0.484
965,0.008,-0.863,0.488
966,0.008,-0.855,0.492
967,0.016,-0.852,0.492
968,0.012,-0.855,0.492
969,0.004,-0.863,0.492
970,-0.004,-0.871,0.492
971,-0.016,-0.871,0.508
972,-0.031,-0.867,0.516
973,-0.039,-0.867,0.527
974,-0.055,-0.871,0.543
975,-0.055,-0.887,0.539
976,-0.055,-0.895,0.535
977,-0.047,-0.91,0.531
978,-0.051,-0.938,0.52
979,-0.055,-0.977,0.52
980,-0.063,-1.02,0.531
981,-0.098,-1.031,0.547
982,-0.129,-1.012,0.574
983,-0.152,-0.969,0.598
984,-0.164,-0.938,0.594
985,-0.168,-0.926,0.59
986,-0.164,-0.941,0.582
987,-0.16,-0.965,0.578
988,-0.16,-0.973,0.578
989,-0.148,-0.945,0.582
990,-0.133,-0.906,0.582
991,-0.125,-0.875,0.582
992,-0.121,-0.859,0.59
993,-0.117,-0.863,0.59
994,-0.113,-0.871,0.598
995,-0.113,-0.867,0.605
996,-0.113,-0.852,0.613
997,-0.125,-0.836,0.625
998,-0.125,-0.824,0.629
999,-0.125,-0.816,0.625
1000,-0.117,-0.805,0.613
1001,-0.113,-0.789,0.605
1002,-0.109,-0.773,0.617
1003,-0.121,-0.777,0.621
1004,-0.129,-0.785,0.629
1005,-0.125,-0.797,0.629
1006,-0.129,-0.805,0.633
1007,-0.137,-0.805,0.633
1008,-0.152,-0.801,0.633
1009,-0.145,-0.805,0.641
1010,-0.145,-0.809,0.629
1011,-0.133,-0.809,0.625
1012,-0.129,-0.805,0.629
1013,-0.125,-0.797,0.629
1014,-0.121,-0.805,0.629
1015,-0.117,-0.828,0.625
1016,-0.117,-0.848,0.617
1017,-0.109,-0.852,0.617
1018,-0.102,-0.844,0.605
1019,-0.098,-0.824,0.605
1020,-0.094,-0.813,0.594
1021,-0.094,-0.813,0.582
1022,-0.105,-0.824,0.574
1023,-0.109,-0.836,0.566
1024,-0.109,-0.832,0.566
1025,-0.109,-0.824,0.566
1026,-0.109,-0.828,0.563
1027,-0.102,-0.824,0.555
1028,-0.098,-0.824,0.551
1029,-0.094,-0.82,0.543
1030,-0.098,-0.816,0.543
1031,-0.102,-0.813,0.543
1032,-0.105,-0.82,0.539
1033,-0.109,-0.836,0.539
1034,-0.105,-0.848,0.539
1035,-0.105,-0.844,0.539
1036,-0.105,-0.844,0.547
1037,-0.105,-0.844,0.551
1038,-0.109,-0.844,0.555
1039,-0.105,-0.844,0.559
1040,-0.109,-0.844,0.563
1041,-0.113,-0.844,0.559
1042,-0.125,-0.852,0.559
1043,-0.121,-0.855,0.555
1044,-0.117,-0.859,0.559
1045,-0.117,-0.867,0.566
1046,-0.113,-0.867,0.57
1047,-0.113,-0.863,0.57
1048,-0.113,-0.863,0.563
1049,-0.113,-0.863,0.559
1050,-0.109,-0.867,0.547
1051,-0.113,-0.867,0.547
1052,-0.113,-0.871,0.539
1053,-0.113,-0.871,0.531
1054,-0.117,-0.871,0.531
1055,-0.113,-0.883,0.523
1056,-0.113,-0.891,0.523
1057,-0.113,-0.906,0.523
1058,-0.125,-0.922,0.516
1059,-0.113,-0.938,0.516
1060,-0.113,-0.945,0.512
1061,-0.102,-0.957,0.508
1062,-0.09,-0.957,0.508
1063,-0.078,-0.965,0.508
1064,-0.082,-0.965,0.508
1065,-0.09,-0.957,0.516
1066,-0.094,-0.934,0.52
1067,-0.09,-0.91,0.523
1068,-0.098,-0.883,0.531
1069,-0.098,-0.859,0.539
1070,-0.094,-0.84,0.551
1071,-0.086,-0.828,0.559
1072,-0.086,-0.824,0.559
1073,-0.078,-0.82,0.559
1074,-0.07,-0.832,0.563
1075,-0.055,-0.836,0.559
1076,-0.051,-0.844,0.559
1077,-0.047,-0.844,0.559
1078,-0.043,-0.844,0.559
1079,-0.023,-0.836,0.566
1080,-0.004,-0.832,0.57
1081,0.004,-0.836,0.566
1082,0.016,-0.84,0.555
1083,0.023,-0.844,0.551
1084,0.027,-0.848,0.555
1085,0.031,-0.848,0.551
1086,0.027,-0.852,0.559
1087,0.027,-0.852,0.566
1088,0.031,-0.852,0.563
1089,0.027,-0.852,0.559
1090,0.031,-0.863,0.547
1091,0.027,-0.883,0.531
1092,0.027,-0.887,0.523
1093,0.027,-0.879,0.52
1094,0.031,-0.863,0.523
1095,0.035,-0.863,0.527
1096,0.035,-0.867,0.535
1097,0.031,-0.875,0.535
1098,0.023,-0.867,0.535
1099,0.023,-0.867,0.527
1100,0.027,-0.859,0.523
1101,0.035,-0.852,0.516
1102,0.039,-0.848,0.508
1103,0.047,-0.852,0.496
1104,0.047,-0.848,0.488
1105,0.051,-0.848,0.484
1106,0.047,-0.848,0.488
1107,0.043,-0.844,0.484
1108,0.031,-0.832,0.492
1109,0.039,-0.816,0.504
1110,0.031,-0.809,0.512
1111,0.031,-0.809,0.531
1112,0.023,-0.82,0.551
1113,0.008,-0.828,0.563
1114,0.0,-0.824,0.57
1115,-0.008,-0.824,0.566
1116,-0.008,-0.828,0.559
1117,-0.008,-0.84,0.543
1118,-0.004,-0.855,0.523
1119,0.0,-0.922,0.508
1120,-0.02,-1.051,0.523
1121,-0.07,-1.148,0.551
1122,-0.145,-1.117,0.594
1123,-0.191,-1.039,0.641
1124,-0.211,-0.977,0.668
1125,-0.215,-0.965,0.668
1126,-0.207,-0.965,0.652
1127,-0.199,-0.973,0.629
1128,-0.188,-0.957,0.605
1129,-0.18,-0.926,0.598
1130,-0.164,-0.895,0.59
1131,-0.148,-0.879,0.59
1132,-0.125,-0.875,0.586
1133,-0.109,-0.863,0.598
1134,-0.086,-0.84,0.613
1135,-0.074,-0.824,0.621
1136,-0.066,-0.816,0.629
1137,-0.063,-0.797,0.629
1138,-0.059,-0.777,0.629
1139,-0.074,-0.75,0.629
1140,-0.082,-0.715,0.625
1141,-0.086,-0.695,0.617
1142,-0.098,-0.684,0.617
1143,-0.109,-0.688,0.625
1144,-0.117,-0.703,0.629
1145,-0.117,-0.711,0.633
1146,-0.113,-0.719,0.641
1147,-0.117,-0.73,0.637
1148,-0.129,-0.746,0.637
1149,-0.141,-0.754,0.637
1150,-0.148,-0.77,0.645
1151,-0.156,-0.793,0.648
1152,-0.148,-0.813,0.66
1153,-0.133,-0.84,0.672
1154,-0.113,-0.863,0.672
1155,-0.102,-0.871,0.676
1156,-0.086,-0.863,0.676
1157,-0.086,-0.848,0.676
1158,-0.102,-0.836,0.664
1159,-0.094,-0.836,0.664
1160,-0.09,-0.84,0.652
1161,-0.086,-0.844,0.641
1162,-0.078,-0.848,0.629
1163,-0.07,-0.844,0.633
1164,-0.063,-0.84,0.621
1165,-0.059,-0.832,0.621
1166,-0.063,-0.816,0.617
1167,-0.066,-0.813,0.613
1168,-0.063,-0.805,0.605
1169,-0.07,-0.805,0.602
1170,-0.078,-0.805,0.594
1171,-0.078,-0.793,0.598
1172,-0.086,-0.793,0.594
1173,-0.09,-0.793,0.59
1174,-0.094,-0.797,0.59
1175,-0.098,-0.809,0.594
1176,-0.094,-0.816,0.59
1177,-0.094,-0.824,0.594
1178,-0.082,-0.832,0.594
1179,-0.078,-0.832,0.59
1180,-0.074,-0.824,0.582
1181,-0.074,-0.816,0.578
1182,-0.074,-0.813,0.586
1183,-0.078,-0.828,0.594
1184,-0.082,-0.84,0.594
1185,-0.086,-0.855,0.598
1186,-0.082,-0.848,0.602
1187,-0.086,-0.844,0.605
1188,-0.094,-0.832,0.605
1189,-0.102,-0.832,0.602
1190,-0.109,-0.832,0.594
1191,-0.113,-0.836,0.59
1192,-0.113,-0.84,0.59
1193,-0.109,-0.832,0.594
1194,-0.098,-0.832,0.598
1195,-0.086,-0.836,0.605
1196,-0.078,-0.836,0.609
1197,-0.078,-0.84,0.609
1198,-0.086,-0.844,0.594
1199,-0.098,-0.867,0.582
1200,-0.094,-0.898,0.551
1201,-0.086,-0.926,0.527
1202,-0.074,-0.934,0.516
1203,-0.063,-0.938,0.523
1204,-0.059,-0.926,0.531
1205,-0.055,-0.918,0.547
1206,-0.055,-0.91,0.559
1207,-0.047,-0.898,0.57
1208,-0.043,-0.879,0.582
1209,-0.02,-0.863,0.605
1210,-0.008,-0.848,0.598
1211,0.004,-0.824,0.602
1212,0.008,-0.801,0.605
1213,0.012,-0.781,0.602
1214,0.004,-0.773,0.602
1215,0.0,-0.773,0.59
1216,0.004,-0.777,0.578
1217,0.008,-0.785,0.559
1218,0.012,-0.801,0.559
1219,0.016,-0.813,0.563
1220,0.02,-0.82,0.563
1221,0.031,-0.824,0.57
1222,0.047,-0.828,0.57
1223,0.051,-0.836,0.574
1224,0.059,-0.84,0.57
1225,0.051,-0.863,0.57
1226,0.035,-0.887,0.57
1227,0.023,-0.891,0.57
1228,0.023,-0.871,0.57
1229,0.027,-0.852,0.57
1230,0.043,-0.848,0.57
1231,0.043,-0.844,0.57
1232,0.039,-0.844,0.563
1233,0.027,-0.855,0.555
1234,0.023,-0.848,0.551
1235,0.02,-0.848,0.543
1236,0.02,-0.84,0.539
1237,0.023,-0.832,0.531
1238,0.027,-0.832,0.52
1239,0.027,-0.828,0.512
1240,0.023,-0.824,0.508
1241,0.02,-0.828,0.504
1242,0.016,-0.828,0.488
1243,0.016,-0.832,0.484
1244,0.016,-0.832,0.484
1245,0.012,-0.824,0.492
1246,0.008,-0.824,0.5
1247,-0.004,-0.824,0.508
1248,-0.008,-0.816,0.52
1249,-0.02,-0.809,0.527
1250,-0.02,-0.793,0.543
1251,-0.023,-0.801,0.547
1252,-0.02,-0.828,0.555
1253,-0.02,-0.875,0.555
1254,-0.02,-0.922,0.543
1255,-0.016,-0.969,0.539
1256,-0.02,-1.008,0.551
1257,-0.051,-1.043,0.551
1258,-0.113,-1.035,0.566
1259,-0.156,-0.984,0.605
1260,-0.199,-0.934,0.629
1261,-0.219,-0.918,0.641
1262,-0.23,-0.945,0.633
1263,-0.234,-0.98,0.629
1264,-0.23,-0.992,0.625
1265,-0.215,-0.969,0.633
1266,-0.207,-0.91,0.648
1267,-0.191,-0.867,0.664
1268,-0.176,-0.836,0.672
1269,-0.164,-0.816,0.664
1270,-0.156,-0.813,0.66
1271,-0.141,-0.809,0.664
1272,-0.141,-0.797,0.664
1273,-0.137,-0.781,0.664
1274,-0.133,-0.762,0.66
1275,-0.137,-0.754,0.652
1276,-0.141,-0.746,0.645
1277,-0.133,-0.742,0.641
1278,-0.129,-0.738,0.645
1279,-0.129,-0.742,0.641
1280,-0.133,-0.754,0.641
1281,-0.133,-0.762,0.641
1282,-0.137,-0.77,0.637
1283,-0.137,-0.777,0.637
1284,-0.137,-0.793,0.637
1285,-0.137,-0.813,0.633
1286,-0.121,-0.82,0.641
1287,-0.105,-0.828,0.648
1288,-0.094,-0.836,0.652
1289,-0.086,-0.84,0.648
1290,-0.078,-0.84,0.652
1291,-0.086,-0.844,0.652
1292,-0.09,-0.848,0.652
1293,-0.09,-0.848,0.648
1294,-0.094,-0.844,0.648
1295,-0.098,-0.844,0.641
1296,-0.098,-0.844,0.637
1297,-0.102,-0.848,0.625
1298,-0.098,-0.852,0.617
1299,-0.094,-0.848,0.609
1300,-0.094,-0.844,0.605
1301,-0.094,-0.832,0.594
1302,-0.094,-0.832,0.582
1303,-0.094,-0.84,0.578
1304,-0.094,-0.84,0.57
1305,-0.09,-0.844,0.563
1306,-0.082,-0.844,0.555
1307,-0.078,-0.844,0.547
1308,-0.086,-0.844,0.539
1309,-0.078,-0.844,0.547
1310,-0.074,-0.844,0.539
1311,-0.078,-0.848,0.535
1312,-0.078,-0.855,0.535
1313,-0.074,-0.863,0.535
1314,-0.074,-0.871,0.535
1315,-0.07,-0.875,0.531
1316,-0.074,-0.875,0.523
1317,-0.078,-0.859,0.52
1318,-0.082,-0.848,0.512
1319,-0.086,-0.844,0.508
1320,-0.094,-0.852,0.512
1321,-0.09,-0.867,0.512
1322,-0.09,-0.875,0.516
1323,-0.09,-0.879,0.516
1324,-0.098,-0.879,0.52
1325,-0.102,-0.875,0.527
1326,-0.109,-0.871,0.523
1327,-0.113,-0.871,0.523
1328,-0.117,-0.867,0.516
1329,-0.117,-0.867,0.52
1330,-0.117,-0.871,0.516
1331,-0.113,-0.875,0.516
1332,-0.109,-0.871,0.512
1333,-0.109,-0.871,0.508
1334,-0.109,-0.855,0.504
1335,-0.113,-0.848,0.496
1336,-0.117,-0.844,0.488
1337,-0.125,-0.844,0.488
1338,-0.125,-0.844,0.48
1339,-0.117,-0.855,0.484
1340,-0.109,-0.887,0.492
1341,-0.102,-0.922,0.488
1342,-0.086,-0.949,0.488
1343,-0.074,-0.984,0.504
1344,-0.066,-1.023,0.504
1345,-0.047,-1.059,0.5
1346,-0.027,-1.07,0.504
1347,-0.008,-1.043,0.516
1348,-0.008,-1.0,0.531
1349,-0.031,-0.965,0.535
1350,-0.051,-0.957,0.539
1351,-0.074,-0.949,0.543
1352,-0.086,-0.938,0.539
1353,-0.086,-0.918,0.543
1354,-0.078,-0.898,0.539
1355,-0.063,-0.871,0.535
1356,-0.059,-0.844,0.527
1357,-0.051,-0.82,0.516
1358,-0.055,-0.793,0.504
1359,-0.035,-0.785,0.512
1360,-0.02,-0.789,0.508
1361,0.0,-0.793,0.504
1362,0.016,-0.793,0.516
1363,0.031,-0.797,0.52
1364,0.047,-0.797,0.52
1365,0.059,-0.797,0.52
1366,0.07,-0.805,0.516
1367,0.078,-0.816,0.512
1368,0.086,-0.84,0.516
1369,0.082,-0.879,0.527
1370,0.07,-0.91,0.531
1371,0.059,-0.91,0.535
1372,0.043,-0.895,0.543
1373,0.051,-0.883,0.547
1374,0.055,-0.875,0.551
1375,0.055,-0.875,0.543
1376,0.047,-0.879,0.531
1377,0.043,-0.879,0.512
1378,0.039,-0.875,0.496
1379,0.031,-0.867,0.492
1380,0.023,-0.871,0.488
1381,0.02,-0.875,0.484
1382,0.008,-0.875,0.477
1383,0.008,-0.875,0.469
1384,0.0,-0.875,0.465
1385,-0.004,-0.879,0.453
1386,-0.004,-0.879,0.445
1387,-0.008,-0.879,0.441
1388,-0.008,-0.875,0.441
1389,-0.008,-0.859,0.453
1390,-0.008,-0.852,0.465
1391,-0.012,-0.848,0.48
1392,-0.016,-0.84,0.488
1393,-0.02,-0.848,0.5
1394,-0.031,-0.852,0.508
1395,-0.035,-0.848,0.504
1396,-0.035,-0.84,0.504
1397,-0.039,-0.832,0.508
1398,-0.039,-0.84,0.508
1399,-0.039,-0.844,0.508
1400,-0.039,-0.852,0.508
1401,-0.027,-0.852,0.496
1402,-0.02,-0.863,0.477
1403,-0.02,-0.887,0.453
1404,-0.035,-0.98,0.457
1405,-0.078,-1.109,0.473
1406,-0.152,-1.156,0.5
1407,-0.211,-1.105,0.551
1408,-0.25,-1.031,0.59
1409,-0.23,-0.996,0.625
1410,-0.215,-0.992,0.621
1411,-0.199,-1.008,0.613
1412,-0.188,-1.016,0.602
1413,-0.18,-1.008,0.605
1414,-0.172,-0.98,0.598
1415,-0.164,-0.949,0.598
1416,-0.16,-0.922,0.586
1417,-0.148,-0.895,0.582
1418,-0.129,-0.863,0.578
1419,-0.117,-0.828,0.574
1420,-0.113,-0.785,0.578
1421,-0.113,-0.766,0.594
1422,-0.117,-0.77,0.59
1423,-0.121,-0.773,0.574
1424,-0.133,-0.777,0.566
1425,-0.137,-0.766,0.566
1426,-0.141,-0.746,0.586
1427,-0.141,-0.734,0.609
1428,-0.148,-0.73,0.633
1429,-0.152,-0.746,0.641
1430,-0.156,-0.773,0.641
1431,-0.16,-0.801,0.641
1432,-0.152,-0.813,0.637
1433,-0.148,-0.813,0.637
1434,-0.145,-0.809,0.645
1435,-0.141,-0.813,0.648
1436,-0.133,-0.832,0.652
1437,-0.133,-0.848,0.645
1438,-0.125,-0.855,0.629
1439,-0.117,-0.855,0.617
1440,-0.113,-0.848,0.617
1441,-0.109,-0.844,0.609
1442,-0.109,-0.848,0.605
1443,-0.109,-0.859,0.594
1444,-0.109,-0.863,0.586
1445,-0.109,-0.859,0.586
1446,-0.109,-0.855,0.59
1447,-0.109,-0.852,0.582
1448,-0.109,-0.852,0.578
1449,-0.121,-0.848,0.574
1450,-0.113,-0.848,0.574
1451,-0.109,-0.836,0.574
1452,-0.109,-0.832,0.57
1453,-0.109,-0.836,0.563
1454,-0.109,-0.832,0.566
1455,-0.102,-0.84,0.563
1456,-0.098,-0.836,0.566
1457,-0.098,-0.84,0.563
1458,-0.105,-0.84,0.555
1459,-0.098,-0.848,0.563
1460,-0.098,-0.848,0.559
1461,-0.098,-0.848,0.559
1462,-0.094,-0.844,0.566
1463,-0.082,-0.844,0.57
1464,-0.086,-0.844,0.559
1465,-0.078,-0.844,0.559
1466,-0.078,-0.848,0.555
1467,-0.07,-0.836,0.555
1468,-0.066,-0.844,0.547
1469,-0.07,-0.844,0.551
1470,-0.07,-0.84,0.551
1471,-0.074,-0.844,0.555
1472,-0.078,-0.84,0.547
1473,-0.074,-0.84,0.543
1474,-0.074,-0.844,0.543
1475,-0.078,-0.844,0.543
1476,-0.086,-0.848,0.539
1477,-0.086,-0.855,0.535
1478,-0.09,-0.863,0.535
1479,-0.082,-0.863,0.535
1480,-0.07,-0.859,0.551
1481,-0.063,-0.863,0.559
1482,-0.055,-0.875,0.563
1483,-0.051,-0.895,0.57
1484,-0.051,-0.914,0.57
1485,-0.051,-0.934,0.563
1486,-0.047,-0.945,0.547
1487,-0.039,-0.961,0.543
1488,-0.039,-0.977,0.539
1489,-0.039,-0.992,0.539
1490,-0.043,-1.0,0.543
1491,-0.043,-0.969,0.551
1492,-0.043,-0.93,0.555
1493,-0.051,-0.891,0.566
1494,-0.055,-0.871,0.566
1495,-0.063,-0.867,0.566
1496,-0.059,-0.852,0.57
1497,-0.055,-0.828,0.57
1498,-0.047,-0.797,0.566
1499,-0.039,-0.777,0.57
1500,-0.035,-0.777,0.563
1501,-0.023,-0.77,0.551
1502,-0.016,-0.766,0.551
1503,-0.012,-0.77,0.547
1504,-0.012,-0.77,0.547
1505,-0.008,-0.781,0.547
1506,0.0,-0.789,0.551
1507,0.016,-0.801,0.559
1508,0.02,-0.816,0.559
1509,0.027,-0.832,0.566
1510,0.031,-0.844,0.57
1511,0.035,-0.855,0.574
1512,0.031,-0.859,0.582
1513,0.031,-0.871,0.586
1514,0.027,-0.875,0.594
1515,0.027,-0.879,0.594
1516,0.027,-0.895,0.586
1517,0.023,-0.898,0.578
1518,0.016,-0.898,0.566
1519,0.0,-0.895,0.555
1520,-0.008,-0.883,0.543
1521,-0.012,-0.875,0.535
1522,-0.02,-0.867,0.527
1523,-0.02,-0.871,0.52
1524,-0.02,-0.871,0.516
1525,-0.02,-0.871,0.516
1526,-0.023,-0.867,0.516
1527,-0.02,-0.859,0.516
1528,-0.016,-0.852,0.512
1529,-0.016,-0.859,0.508
1530,-0.012,-0.867,0.508
1531,-0.012,-0.867,0.504
1532,-0.008,-0.871,0.496
1533,-0.012,-0.875,0.484
1534,-0.016,-0.879,0.484
1535,-0.016,-0.875,0.473
1536,-0.016,-0.867,0.469
1537,-0.012,-0.875,0.465
1538,-0.008,-0.871,0.469
1539,-0.008,-0.867,0.469
1540,-0.004,-0.867,0.469
1541,-0.008,-0.867,0.473
1542,-0.008,-0.863,0.477
1543,0.0,-0.863,0.492
1544,0.004,-0.863,0.496
1545,0.004,-0.859,0.5
1546,0.012,-0.863,0.504
1547,0.012,-0.859,0.508
1548,0.008,-0.867,0.516
1549,0.008,-0.875,0.516
1550,0.016,-0.879,0.516
1551,0.016,-0.879,0.512
1552,0.023,-0.898,0.504
1553,0.023,-0.922,0.492
1554,0.016,-0.953,0.488
1555,-0.012,-0.984,0.5
1556,-0.055,-1.016,0.52
1557,-0.086,-1.02,0.543
1558,-0.121,-0.992,0.574
1559,-0.133,-0.961,0.617
1560,-0.133,-0.938,0.633
1561,-0.129,-0.934,0.641
1562,-0.125,-0.945,0.645
1563,-0.129,-0.945,0.652
1564,-0.129,-0.918,0.648
1565,-0.117,-0.891,0.652
1566,-0.109,-0.875,0.648
1567,-0.109,-0.879,0.645
1568,-0.105,-0.879,0.645
1569,-0.105,-0.875,0.641
1570,-0.105,-0.855,0.641
1571,-0.109,-0.844,0.645
1572,-0.117,-0.82,0.645
1573,-0.121,-0.805,0.645
1574,-0.121,-0.793,0.648
1575,-0.129,-0.785,0.648
1576,-0.137,-0.773,0.645
1577,-0.133,-0.777,0.637
1578,-0.137,-0.777,0.633
1579,-0.133,-0.777,0.637
1580,-0.121,-0.773,0.652
1581,-0.117,-0.777,0.656
1582,-0.113,-0.781,0.652
1583,-0.113,-0.793,0.641
1584,-0.113,-0.805,0.637
1585,-0.125,-0.813,0.629
1586,-0.125,-0.82,0.621
1587,-0.121,-0.832,0.613
1588,-0.113,-0.844,0.609
1589,-0.102,-0.848,0.613
1590,-0.086,-0.855,0.613
1591,-0.078,-0.863,0.605
1592,-0.074,-0.855,0.598
1593,-0.074,-0.848,0.582
1594,-0.086,-0.848,0.574
1595,-0.086,-0.852,0.57
1596,-0.09,-0.863,0.563
1597,-0.082,-0.875,0.563
1598,-0.074,-0.875,0.555
1599,-0.074,-0.863,0.555
1600,-0.074,-0.852,0.551
1601,-0.074,-0.836,0.551
1602,-0.086,-0.828,0.547
1603,-0.098,-0.828,0.551
1604,-0.094,-0.84,0.551
1605,-0.09,-0.848,0.543
1606,-0.09,-0.848,0.539
1607,-0.086,-0.844,0.539
1608,-0.09,-0.832,0.535
1609,-0.082,-0.832,0.547
1610,-0.09,-0.832,0.543
1611,-0.098,-0.836,0.539
1612,-0.09,-0.84,0.531
1613,-0.094,-0.844,0.527
1614,-0.086,-0.848,0.523
1615,-0.09,-0.848,0.527
1616,-0.094,-0.84,0.52
1617,-0.094,-0.836,0.512
1618,-0.102,-0.836,0.516
1619,-0.098,-0.844,0.516
1620,-0.098,-0.855,0.516
1621,-0.098,-0.855,0.523
1622,-0.098,-0.848,0.527
1623,-0.094,-0.848,0.539
1624,-0.098,-0.848,0.555
1625,-0.102,-0.855,0.547
1626,-0.105,-0.859,0.543
1627,-0.098,-0.863,0.539
1628,-0.09,-0.863,0.535
1629,-0.094,-0.859,0.535
1630,-0.102,-0.867,0.535
1631,-0.105,-0.879,0.535
1632,-0.109,-0.906,0.535
1633,-0.117,-0.949,0.52
1634,-0.125,-0.988,0.508
1635,-0.113,-1.016,0.488
1636,-0.09,-1.02,0.492
1637,-0.055,-1.012,0.5
1638,-0.039,-0.996,0.504
1639,-0.035,-0.98,0.5
1640,-0.047,-0.965,0.5
1641,-0.051,-0.945,0.504
1642,-0.051,-0.926,0.508
1643,-0.043,-0.922,0.504
1644,-0.039,-0.918,0.5
1645,-0.035,-0.895,0.5
1646,-0.031,-0.867,0.5
1647,-0.027,-0.836,0.504
1648,-0.027,-0.813,0.5
1649,-0.031,-0.805,0.492
1650,-0.035,-0.809,0.488
1651,-0.043,-0.813,0.496
1652,-0.043,-0.82,0.496
1653,-0.035,-0.832,0.5
1654,-0.031,-0.84,0.504
1655,-0.023,-0.844,0.5
1656,-0.012,-0.844,0.5
1657,0.008,-0.84,0.496
1658,0.012,-0.84,0.496
1659,0.031,-0.848,0.508
1660,0.027,-0.859,0.508
1661,0.02,-0.871,0.516
1662,0.02,-0.875,0.52
1663,0.016,-0.883,0.523
1664,0.023,-0.883,0.527
1665,0.027,-0.883,0.52
1666,0.035,-0.883,0.504
1667,0.047,-0.883,0.5
1668,0.043,-0.906,0.488
1669,0.031,-0.93,0.484
1670,0.016,-0.93,0.488
1671,0.0,-0.918,0.492
1672,-0.004,-0.902,0.496
1673,-0.004,-0.891,0.504
1674,-0.004,-0.887,0.508
1675,-0.004,-0.895,0.508
1676,-0.012,-0.895,0.504
1677,-0.012,-0.898,0.5
1678,-0.02,-0.895,0.484
1679,-0.023,-0.887,0.473
1680,-0.023,-0.883,0.469
1681,-0.027,-0.879,0.461
1682,-0.027,-0.883,0.453
1683,-0.02,-0.887,0.449
1684,-0.016,-0.887,0.453
1685,-0.012,-0.883,0.461
1686,-0.012,-0.867,0.465
1687,-0.012,-0.855,0.473
1688,-0.016,-0.848,0.48
1689,-0.023,-0.84,0.488
1690,-0.027,-0.84,0.496
1691,-0.027,-0.844,0.516
1692,-0.023,-0.84,0.531
1693,-0.02,-0.836,0.551
1694,-0.02,-0.84,0.566
1695,-0.02,-0.836,0.566
1696,-0.016,-0.84,0.566
1697,-0.012,-0.844,0.547
1698,-0.008,-0.867,0.523
1699,-0.012,-0.938,0.5
1700,-0.027,-1.035,0.504
1701,-0.066,-1.109,0.516
1702,-0.125,-1.074,0.547
1703,-0.18,-1.0,0.582
1704,-0.211,-0.941,0.602
1705,-0.215,-0.918,0.617
1706,-0.211,-0.949,0.621
1707,-0.207,-0.992,0.605
1708,-0.211,-1.008,0.59
1709,-0.191,-0.977,0.598
1710,-0.184,-0.934,0.594
1711,-0.176,-0.906,0.605
1712,-0.164,-0.891,0.609
1713,-0.152,-0.887,0.609
1714,-0.145,-0.883,0.609
1715,-0.137,-0.875,0.609
1716,-0.129,-0.863,0.602
1717,-0.117,-0.844,0.602
1718,-0.109,-0.828,0.609
1719,-0.098,-0.813,0.605
1720,-0.086,-0.801,0.609
1721,-0.094,-0.801,0.609
1722,-0.105,-0.801,0.617
1723,-0.109,-0.801,0.613
1724,-0.117,-0.801,0.609
1725,-0.113,-0.805,0.609
1726,-0.109,-0.809,0.605
1727,-0.109,-0.805,0.598
1728,-0.109,-0.801,0.598
1729,-0.117,-0.801,0.605
1730,-0.121,-0.793,0.609
1731,-0.129,-0.789,0.613
1732,-0.121,-0.793,0.617
1733,-0.113,-0.793,0.613
1734,-0.113,-0.809,0.609
1735,-0.117,-0.813,0.602
1736,-0.113,-0.816,0.602
1737,-0.113,-0.82,0.609
1738,-0.109,-0.82,0.609
1739,-0.109,-0.824,0.609
1740,-0.105,-0.828,0.605
1741,-0.098,-0.828,0.605
1742,-0.09,-0.832,0.602
1743,-0.102,-0.84,0.598
1744,-0.109,-0.836,0.598
1745,-0.113,-0.84,0.586
1746,-0.113,-0.836,0.578
1747,-0.105,-0.84,0.574
1748,-0.105,-0.844,0.574
1749,-0.105,-0.852,0.574
1750,-0.098,-0.859,0.566
1751,-0.094,-0.852,0.563
1752,-0.098,-0.848,0.551
1753,-0.102,-0.844,0.551
1754,-0.105,-0.844,0.547
1755,-0.105,-0.844,0.547
1756,-0.105,-0.848,0.543
1757,-0.102,-0.848,0.539
1758,-0.102,-0.848,0.539
1759,-0.09,-0.848,0.547
1760,-0.094,-0.848,0.551
1761,-0.098,-0.859,0.543
1762,-0.094,-0.867,0.539
1763,-0.086,-0.871,0.539
1764,-0.078,-0.859,0.535
1765,-0.074,-0.859,0.531
1766,-0.07,-0.855,0.527
1767,-0.078,-0.863,0.527
1768,-0.09,-0.871,0.535
1769,-0.09,-0.871,0.535
1770,-0.086,-0.871,0.539
1771,-0.082,-0.867,0.547
1772,-0.086,-0.859,0.547
1773,-0.098,-0.848,0.543
1774,-0.109,-0.84,0.539
1775,-0.125,-0.84,0.535
1776,-0.133,-0.84,0.527
1777,-0.129,-0.84,0.527
1778,-0.121,-0.84,0.531
1779,-0.113,-0.84,0.535
1780,-0.113,-0.836,0.543
1781,-0.113,-0.844,0.543
1782,-0.117,-0.859,0.543
1783,-0.125,-0.887,0.547
1784,-0.125,-0.918,0.543
1785,-0.121,-0.941,0.527
1786,-0.113,-0.957,0.516
1787,-0.098,-0.977,0.512
1788,-0.09,-1.0,0.504
1789,-0.078,-1.012,0.508
1790,-0.066,-1.004,0.516
1791,-0.055,-0.98,0.523
1792,-0.047,-0.953,0.52
1793,-0.043,-0.922,0.516
1794,-0.043,-0.895,0.512
1795,-0.043,-0.883,0.512
1796,-0.039,-0.887,0.508
1797,-0.035,-0.891,0.504
1798,-0.031,-0.871,0.504
1799,-0.027,-0.84,0.5
1800,-0.027,-0.816,0.5
1801,-0.027,-0.813,0.488
1802,-0.02,-0.824,0.488
1803,-0.016,-0.824,0.488
1804,-0.016,-0.813,0.496
1805,-0.016,-0.805,0.5
1806,-0.012,-0.805,0.5
1807,-0.004,-0.797,0.5
1808,-0.004,-0.789,0.5
1809,0.008,-0.801,0.516
1810,0.016,-0.816,0.52
1811,0.012,-0.848,0.531
1812,0.004,-0.875,0.543
1813,0.012,-0.883,0.559
1814,0.016,-0.879,0.57
1815,0.02,-0.875,0.574
1816,0.023,-0.879,0.574
1817,0.027,-0.879,0.574
1818,0.027,-0.883,0.574
1819,0.023,-0.898,0.566
1820,0.016,-0.914,0.563
1821,0.004,-0.922,0.555
1822,-0.008,-0.922,0.555
1823,-0.02,-0.91,0.551
1824,-0.012,-0.891,0.543
1825,-0.012,-0.883,0.539
1826,-0.008,-0.879,0.535
1827,-0.004,-0.879,0.523
1828,-0.012,-0.879,0.512
1829,-0.012,-0.867,0.508
1830,-0.012,-0.863,0.508
1831,-0.012,-0.863,0.504
1832,-0.012,-0.859,0.496
1833,-0.012,-0.863,0.496
1834,-0.012,-0.867,0.496
1835,-0.012,-0.867,0.492
1836,-0.008,-0.875,0.48
1837,-0.008,-0.879,0.477
1838,-0.004,-0.875,0.48
1839,0.0,-0.879,0.477
1840,0.0,-0.875,0.484
1841,0.012,-0.875,0.492
1842,0.008,-0.871,0.496
1843,0.008,-0.871,0.496
1844,-0.004,-0.875,0.5
1845,-0.008,-0.879,0.496
1846,-0.008,-0.871,0.496
1847,-0.004,-0.867,0.504
1848,-0.004,-0.871,0.508
1849,0.004,-0.867,0.516
1850,0.0,-0.879,0.516
1851,0.004,-0.891,0.508
1852,0.008,-0.906,0.504
1853,0.012,-0.914,0.492
1854,0.004,-0.918,0.488
1855,-0.008,-0.934,0.477
1856,-0.035,-0.961,0.484
1857,-0.063,-0.984,0.496
1858,-0.117,-0.984,0.512
1859,-0.141,-0.969,0.535
1860,-0.16,-0.949,0.551
1861,-0.164,-0.938,0.559
1862,-0.168,-0.941,0.57
1863,-0.168,-0.953,0.586
1864,-0.164,-0.969,0.594
1865,-0.156,-0.961,0.602
1866,-0.141,-0.938,0.609
1867,-0.121,-0.91,0.613
1868,-0.113,-0.906,0.613
1869,-0.113,-0.906,0.613
1870,-0.113,-0.914,0.609
1871,-0.109,-0.914,0.609
1872,-0.105,-0.902,0.598
1873,-0.094,-0.887,0.594
1874,-0.082,-0.879,0.59
1875,-0.074,-0.871,0.586
1876,-0.059,-0.836,0.582
1877,-0.051,-0.801,0.598
1878,-0.063,-0.777,0.609
1879,-0.07,-0.777,0.617
1880,-0.074,-0.785,0.613
1881,-0.09,-0.801,0.609
1882,-0.094,-0.797,0.609
1883,-0.094,-0.789,0.609
1884,-0.105,-0.777,0.613
1885,-0.113,-0.773,0.621
1886,-0.129,-0.777,0.617
1887,-0.137,-0.781,0.617
1888,-0.141,-0.793,0.621
1889,-0.133,-0.797,0.629
1890,-0.125,-0.801,0.633
1891,-0.113,-0.82,0.637
1892,-0.113,-0.84,0.641
1893,-0.113,-0.855,0.633
1894,-0.109,-0.863,0.625
1895,-0.105,-0.855,0.617
1896,-0.102,-0.844,0.609
1897,-0.105,-0.84,0.602
1898,-0.109,-0.84,0.598
1899,-0.117,-0.855,0.586
1900,-0.113,-0.859,0.582
1901,-0.117,-0.863,0.57
1902,-0.121,-0.863,0.559
1903,-0.125,-0.852,0.551
1904,-0.125,-0.844,0.547
1905,-0.125,-0.84,0.539
1906,-0.121,-0.84,0.539
1907,-0.121,-0.844,0.535
1908,-0.133,-0.852,0.531
1909,-0.117,-0.852,0.535
1910,-0.109,-0.848,0.531
1911,-0.105,-0.844,0.531
1912,-0.105,-0.836,0.535
1913,-0.109,-0.84,0.539
1914,-0.102,-0.844,0.535
1915,-0.105,-0.852,0.531
1916,-0.102,-0.852,0.531
1917,-0.094,-0.852,0.535
1918,-0.09,-0.859,0.527
1919,-0.09,-0.863,0.527
1920,-0.086,-0.867,0.523
1921,-0.078,-0.863,0.516
1922,-0.07,-0.852,0.52
1923,-0.074,-0.852,0.523
1924,-0.074,-0.848,0.531
1925,-0.082,-0.852,0.531
1926,-0.082,-0.848,0.531
1927,-0.082,-0.844,0.531
1928,-0.09,-0.844,0.523
1929,-0.09,-0.844,0.52
1930,-0.098,-0.852,0.52
1931,-0.105,-0.863,0.516
1932,-0.105,-0.875,0.523
1933,-0.102,-0.879,0.52
1934,-0.098,-0.875,0.531
1935,-0.09,-0.863,0.535
1936,-0.09,-0.859,0.535
1937,-0.098,-0.867,0.539
1938,-0.098,-0.887,0.535
1939,-0.098,-0.91,0.527
1940,-0.094,-0.93,0.523
1941,-0.086,-0.941,0.523
1942,-0.07,-0.945,0.527
1943,-0.059,-0.949,0.531
1944,-0.059,-0.953,0.531
1945,-0.059,-0.957,0.527
1946,-0.063,-0.965,0.52
1947,-0.07,-0.949,0.512
1948,-0.078,-0.93,0.516
1949,-0.086,-0.926,0.527
1950,-0.082,-0.93,0.535
1951,-0.078,-0.922,0.547
1952,-0.074,-0.902,0.559
1953,-0.063,-0.883,0.566
1954,-0.063,-0.863,0.57
1955,-0.063,-0.844,0.57
1956,-0.059,-0.828,0.566
1957,-0.059,-0.813,0.551
1958,-0.07,-0.809,0.555
1959,-0.055,-0.828,0.563
1960,-0.047,-0.832,0.551
1961,-0.035,-0.832,0.547
1962,-0.035,-0.816,0.539
1963,-0.035,-0.809,0.531
1964,-0.035,-0.801,0.523
1965,-0.031,-0.805,0.52
1966,-0.023,-0.82,0.52
1967,-0.012,-0.836,0.516
1968,0.008,-0.848,0.52
1969,0.016,-0.852,0.52
1970,0.016,-0.848,0.52
1971,0.023,-0.848,0.523
1972,0.027,-0.859,0.527
1973,0.031,-0.871,0.531
1974,0.035,-0.875,0.535
1975,0.043,-0.879,0.531
1976,0.051,-0.883,0.531
1977,0.055,-0.891,0.516
1978,0.055,-0.906,0.5
1979,0.055,-0.926,0.5
1980,0.051,-0.93,0.5
1981,0.047,-0.922,0.504
1982,0.043,-0.91,0.508
1983,0.039,-0.906,0.508
1984,0.039,-0.902,0.504
1985,0.035,-0.902,0.504
1986,0.035,-0.902,0.5
1987,0.035,-0.891,0.492
1988,0.035,-0.883,0.488
1989,0.039,-0.879,0.48
1990,0.035,-0.875,0.473
1991,0.035,-0.875,0.465
1992,0.027,-0.875,0.453
1993,0.027,-0.871,0.449
1994,0.023,-0.871,0.441
1995,0.02,-0.867,0.438
1996,0.023,-0.855,0.441
1997,0.031,-0.848,0.445
1998,0.027,-0.836,0.457
1999,0.023,-0.82,0.465
2000,0.023,-0.816,0.48
2001,0.02,-0.82,0.5
2002,0.012,-0.836,0.512
2003,-0.004,-0.848,0.523
2004,-0.012,-0.852,0.527
2005,-0.023,-0.852,0.531
2006,-0.023,-0.848,0.527
2007,-0.016,-0.859,0.508
2008,-0.016,-0.898,0.484
2009,-0.016,-0.977,0.484
2010,-0.043,-1.07,0.484
2011,-0.094,-1.102,0.523
2012,-0.145,-1.055,0.559
2013,-0.191,-1.004,0.598
2014,-0.215,-0.973,0.621
2015,-0.223,-0.969,0.617
2016,-0.227,-0.977,0.617
2017,-0.227,-0.992,0.613
2018,-0.227,-0.996,0.605
2019,-0.215,-0.973,0.602
2020,-0.203,-0.945,0.605
2021,-0.184,-0.91,0.602
2022,-0.16,-0.891,0.605
2023,-0.141,-0.875,0.617
2024,-0.125,-0.867,0.613
2025,-0.113,-0.863,0.602
2026,-0.109,-0.844,0.594
2027,-0.105,-0.82,0.586
2028,-0.109,-0.789,0.582
2029,-0.109,-0.77,0.578
2030,-0.102,-0.758,0.574
2031,-0.102,-0.754,0.574
2032,-0.105,-0.75,0.574
2033,-0.109,-0.746,0.574
2034,-0.105,-0.742,0.578
2035,-0.109,-0.746,0.59
2036,-0.105,-0.746,0.598
2037,-0.105,-0.762,0.609
2038,-0.113,-0.781,0.621
2039,-0.113,-0.793,0.633
2040,-0.109,-0.797,0.633
2041,-0.109,-0.805,0.637
2042,-0.105,-0.805,0.637
2043,-0.105,-0.82,0.641
2044,-0.102,-0.848,0.645
2045,-0.094,-0.863,0.648
2046,-0.074,-0.863,0.648
2047,-0.059,-0.852,0.648
2048,-0.055,-0.844,0.648
2049,-0.055,-0.832,0.645
2050,-0.059,-0.836,0.637
2051,-0.066,-0.848,0.625
2052,-0.07,-0.855,0.613
2053,-0.07,-0.855,0.598
2054,-0.074,-0.855,0.594
2055,-0.078,-0.859,0.594
2056,-0.078,-0.863,0.582
2057,-0.078,-0.855,0.578
2058,-0.074,-0.848,0.574
2059,-0.059,-0.844,0.578
2060,-0.059,-0.832,0.574
2061,-0.063,-0.824,0.57
2062,-0.07,-0.828,0.57
2063,-0.07,-0.836,0.559
2064,-0.07,-0.844,0.547
2065,-0.07,-0.844,0.539
2066,-0.066,-0.844,0.547
2067,-0.07,-0.848,0.551
2068,-0.074,-0.859,0.555
2069,-0.078,-0.863,0.555
2070,-0.082,-0.855,0.559
2071,-0.086,-0.848,0.551
2072,-0.094,-0.844,0.559
2073,-0.098,-0.84,0.551
2074,-0.109,-0.84,0.543
2075,-0.113,-0.84,0.543
2076,-0.117,-0.836,0.539
2077,-0.125,-0.84,0.539
2078,-0.129,-0.836,0.547
2079,-0.133,-0.836,0.555
2080,-0.133,-0.84,0.563
2081,-0.129,-0.844,0.566
2082,-0.117,-0.848,0.566
2083,-0.109,-0.863,0.563
2084,-0.105,-0.891,0.547
2085,-0.105,-0.926,0.539
2086,-0.094,-0.957,0.531
2087,-0.082,-0.98,0.516
2088,-0.066,-0.98,0.508
2089,-0.051,-0.969,0.504
2090,-0.051,-0.941,0.504
2091,-0.063,-0.926,0.52
2092,-0.066,-0.922,0.535
2093,-0.066,-0.922,0.547
2094,-0.051,-0.918,0.559
2095,-0.043,-0.914,0.563
2096,-0.023,-0.895,0.547
2097,-0.008,-0.867,0.527
2098,0.0,-0.836,0.508
2099,0.008,-0.797,0.5
2100,0.016,-0.77,0.492
2101,0.02,-0.762,0.508
2102,0.027,-0.777,0.52
2103,0.031,-0.809,0.531
2104,0.043,-0.816,0.535
2105,0.047,-0.816,0.531
2106,0.051,-0.813,0.531
2107,0.055,-0.813,0.535
2108,0.051,-0.82,0.539
2109,0.063,-0.848,0.551
2110,0.066,-0.879,0.559
2111,0.063,-0.902,0.57
2112,0.063,-0.918,0.578
2113,0.055,-0.902,0.574
2114,0.051,-0.875,0.566
2115,0.059,-0.867,0.551
2116,0.059,-0.863,0.543
2117,0.059,-0.871,0.539
2118,0.059,-0.871,0.523
2119,0.051,-0.871,0.52
2120,0.039,-0.863,0.508
2121,0.023,-0.863,0.496
2122,0.016,-0.859,0.496
2123,0.016,-0.863,0.488
2124,0.02,-0.863,0.477
2125,0.023,-0.867,0.477
2126,0.023,-0.867,0.477
2127,0.023,-0.871,0.477
2128,0.023,-0.871,0.48
2129,0.02,-0.863,0.48
2130,0.016,-0.848,0.48
2131,0.008,-0.836,0.488
2132,0.0,-0.84,0.488
2133,-0.004,-0.836,0.488
2134,-0.012,-0.84,0.484
2135,-0.02,-0.844,0.488
2136,-0.02,-0.844,0.496
2137,-0.023,-0.855,0.508
2138,-0.027,-0.859,0.516
2139,-0.031,-0.863,0.523
2140,-0.023,-0.859,0.531
2141,-0.02,-0.867,0.535
2142,-0.016,-0.867,0.531
2143,-0.008,-0.871,0.523
2144,0.004,-0.879,0.512
2145,0.008,-0.895,0.488
2146,0.012,-0.938,0.457
2147,-0.012,-1.043,0.453
2148,-0.074,-1.152,0.469
2149,-0.148,-1.168,0.492
2150,-0.199,-1.117,0.547
2151,-0.23,-1.066,0.586
2152,-0.23,-1.008,0.609
2153,-0.219,-0.973,0.645
2154,-0.211,-0.973,0.652
2155,-0.203,-0.988,0.641
2156,-0.199,-0.977,0.621
2157,-0.184,-0.934,0.609
2158,-0.18,-0.891,0.598
2159,-0.156,-0.863,0.594
2160,-0.141,-0.852,0.594
2161,-0.121,-0.852,0.59
2162,-0.098,-0.848,0.59
2163,-0.086,-0.848,0.594
2164,-0.078,-0.832,0.594
2165,-0.074,-0.805,0.602
2166,-0.074,-0.773,0.609
2167,-0.078,-0.754,0.625
2168,-0.086,-0.742,0.637
2169,-0.098,-0.738,0.648
2170,-0.102,-0.734,0.652
2171,-0.105,-0.742,0.648
2172,-0.105,-0.742,0.648
2173,-0.102,-0.75,0.656
2174,-0.094,-0.762,0.656
2175,-0.082,-0.77,0.66
2176,-0.07,-0.773,0.664
2177,-0.07,-0.777,0.664
2178,-0.074,-0.77,0.656
2179,-0.09,-0.766,0.652
2180,-0.098,-0.77,0.648
2181,-0.094,-0.777,0.648
2182,-0.094,-0.781,0.648
2183,-0.082,-0.793,0.645
2184,-0.09,-0.816,0.641
2185,-0.094,-0.84,0.645
2186,-0.09,-0.852,0.645
2187,-0.078,-0.84,0.645
2188,-0.066,-0.816,0.641
2189,-0.07,-0.809,0.637
2190,-0.078,-0.813,0.629
2191,-0.086,-0.832,0.629
2192,-0.094,-0.84,0.621
2193,-0.094,-0.836,0.617
2194,-0.094,-0.828,0.609
2195,-0.09,-0.832,0.609
2196,-0.082,-0.84,0.605
2197,-0.074,-0.84,0.609
2198,-0.074,-0.836,0.605
2199,-0.082,-0.832,0.605
2200,-0.078,-0.82,0.609
2201,-0.078,-0.813,0.613
2202,-0.078,-0.82,0.613
2203,-0.074,-0.828,0.613
2204,-0.07,-0.824,0.605
2205,-0.066,-0.82,0.605
2206,-0.07,-0.813,0.609
2207,-0.074,-0.809,0.605
2208,-0.09,-0.809,0.609
2209,-0.086,-0.824,0.613
2210,-0.086,-0.836,0.605
2211,-0.078,-0.84,0.598
2212,-0.078,-0.836,0.59
2213,-0.07,-0.82,0.59
2214,-0.074,-0.82,0.586
2215,-0.082,-0.82,0.57
2216,-0.086,-0.82,0.566
2217,-0.082,-0.824,0.563
2218,-0.082,-0.832,0.559
2219,-0.078,-0.836,0.566
2220,-0.07,-0.84,0.566
2221,-0.07,-0.84,0.563
2222,-0.07,-0.836,0.566
2223,-0.07,-0.84,0.57
2224,-0.074,-0.844,0.559
2225,-0.082,-0.852,0.547
2226,-0.09,-0.844,0.539
2227,-0.09,-0.844,0.531
2228,-0.094,-0.844,0.531
2229,-0.09,-0.844,0.531
2230,-0.082,-0.844,0.535
2231,-0.078,-0.855,0.539
2232,-0.078,-0.875,0.543
2233,-0.074,-0.898,0.551
2234,-0.074,-0.926,0.543
2235,-0.066,-0.949,0.539
2236,-0.051,-0.965,0.531
2237,-0.043,-0.977,0.531
2238,-0.035,-0.98,0.531
2239,-0.035,-0.984,0.535
2240,-0.043,-0.984,0.535
2241,-0.043,-0.977,0.539
2242,-0.043,-0.953,0.547
2243,-0.043,-0.922,0.555
2244,-0.035,-0.895,0.555
2245,-0.031,-0.879,0.547
2246,-0.031,-0.863,0.531
2247,-0.031,-0.84,0.527
2248,-0.035,-0.816,0.52
2249,-0.031,-0.789,0.516
2250,-0.027,-0.766,0.516
2251,-0.02,-0.766,0.512
2252,-0.008,-0.777,0.504
2253,0.008,-0.797,0.5
2254,0.016,-0.809,0.504
2255,0.02,-0.805,0.504
2256,0.023,-0.797,0.512
2257,0.027,-0.797,0.52
2258,0.016,-0.797,0.523
2259,0.02,-0.824,0.531
2260,0.027,-0.84,0.539
2261,0.039,-0.855,0.543
2262,0.051,-0.863,0.539
2263,0.063,-0.875,0.539
2264,0.07,-0.898,0.543
2265,0.063,-0.918,0.543
2266,0.055,-0.922,0.547
2267,0.039,-0.918,0.555
2268,0.031,-0.898,0.555
2269,0.027,-0.887,0.555
2270,0.027,-0.887,0.551
2271,0.023,-0.891,0.535
2272,0.016,-0.891,0.527
2273,0.012,-0.891,0.52
2274,0.0,-0.891,0.516
2275,0.0,-0.887,0.512
2276,-0.004,-0.879,0.504
2277,-0.004,-0.871,0.496
2278,-0.004,-0.875,0.492
2279,-0.008,-0.879,0.488
2280,0.0,-0.875,0.492
2281,0.0,-0.875,0.492
2282,0.008,-0.863,0.492
2283,0.008,-0.852,0.484
2284,0.012,-0.852,0.484
2285,0.012,-0.852,0.48
2286,0.004,-0.855,0.477
2287,0.008,-0.855,0.473
2288,0.008,-0.848,0.477
2289,0.004,-0.848,0.48
2290,-0.008,-0.848,0.48
2291,-0.016,-0.855,0.488
2292,-0.023,-0.867,0.496
2293,-0.016,-0.875,0.504
2294,-0.012,-0.879,0.508
2295,-0.004,-0.879,0.512
2296,0.004,-0.871,0.512
2297,0.008,-0.867,0.508
2298,0.004,-0.875,0.504
2299,0.0,-0.891,0.496
2300,0.004,-0.922,0.473
2301,-0.008,-0.988,0.465
2302,-0.023,-1.063,0.477
2303,-0.055,-1.098,0.5
2304,-0.094,-1.066,0.523
2305,-0.129,-1.008,0.563
2306,-0.145,-0.969,0.594
2307,-0.145,-0.941,0.605
2308,-0.152,-0.941,0.605
2309,-0.145,-0.977,0.602
2310,-0.156,-1.0,0.59
2311,-0.168,-0.984,0.586
2312,-0.164,-0.949,0.578
2313,-0.152,-0.91,0.582
2314,-0.133,-0.879,0.582
2315,-0.125,-0.859,0.582
2316,-0.117,-0.859,0.594
2317,-0.117,-0.867,0.602
2318,-0.117,-0.871,0.605
2319,-0.109,-0.852,0.613
2320,-0.105,-0.82,0.621
2321,-0.105,-0.793,0.621
2322,-0.105,-0.77,0.629
2323,-0.105,-0.766,0.637
2324,-0.102,-0.762,0.641
2325,-0.094,-0.758,0.648
2326,-0.09,-0.746,0.652
2327,-0.094,-0.746,0.648
2328,-0.105,-0.746,0.648
2329,-0.109,-0.754,0.648
2330,-0.121,-0.766,0.656
2331,-0.121,-0.77,0.66
2332,-0.125,-0.773,0.66
2333,-0.121,-0.777,0.656
2334,-0.117,-0.789,0.645
2335,-0.117,-0.809,0.641
2336,-0.113,-0.82,0.641
2337,-0.113,-0.828,0.645
2338,-0.098,-0.82,0.648
2339,-0.086,-0.813,0.645
2340,-0.078,-0.813,0.637
2341,-0.074,-0.824,0.625
2342,-0.078,-0.832,0.617
2343,-0.078,-0.836,0.605
2344,-0.082,-0.836,0.598
2345,-0.082,-0.836,0.59
2346,-0.082,-0.84,0.586
2347,-0.078,-0.848,0.578
2348,-0.074,-0.852,0.574
2349,-0.07,-0.852,0.57
2350,-0.063,-0.852,0.566
2351,-0.059,-0.848,0.559
2352,-0.059,-0.844,0.559
2353,-0.059,-0.844,0.555
2354,-0.055,-0.844,0.559
2355,-0.055,-0.84,0.551
2356,-0.063,-0.84,0.547
2357,-0.059,-0.844,0.543
2358,-0.074,-0.844,0.543
2359,-0.063,-0.844,0.547
2360,-0.055,-0.844,0.543
2361,-0.059,-0.844,0.539
2362,-0.051,-0.84,0.531
2363,-0.047,-0.84,0.527
2364,-0.047,-0.828,0.527
2365,-0.051,-0.836,0.52
2366,-0.059,-0.844,0.523
2367,-0.059,-0.859,0.516
2368,-0.063,-0.863,0.516
2369,-0.066,-0.855,0.52
2370,-0.07,-0.852,0.516
2371,-0.078,-0.852,0.504
2372,-0.086,-0.855,0.508
2373,-0.098,-0.867,0.508
2374,-0.105,-0.875,0.508
2375,-0.105,-0.891,0.512
2376,-0.109,-0.906,0.516
2377,-0.109,-0.914,0.52
2378,-0.109,-0.922,0.52
2379,-0.109,-0.922,0.512
2380,-0.109,-0.914,0.504
2381,-0.117,-0.91,0.5
2382,-0.113,-0.891,0.5
2383,-0.109,-0.887,0.504
2384,-0.09,-0.887,0.504
2385,-0.066,-0.902,0.504
2386,-0.051,-0.914,0.508
2387,-0.039,-0.914,0.508
2388,-0.043,-0.906,0.508
2389,-0.047,-0.891,0.52
2390,-0.059,-0.891,0.535
2391,-0.059,-0.891,0.574
2392,-0.051,-0.895,0.605
2393,-0.039,-0.898,0.621
2394,-0.027,-0.871,0.621
2395,-0.027,-0.832,0.613
2396,-0.02,-0.797,0.598
2397,-0.012,-0.789,0.59
2398,0.004,-0.809,0.59
2399,0.02,-0.828,0.582
2400,0.039,-0.852,0.586
2401,0.055,-0.844,0.582
2402,0.059,-0.836,0.578
2403,0.063,-0.84,0.566
2404,0.059,-0.852,0.555
2405,0.059,-0.871,0.543
2406,0.047,-0.906,0.531
2407,0.035,-0.918,0.535
2408,0.016,-0.898,0.535
2409,0.027,-0.879,0.563
2410,0.039,-0.875,0.57
2411,0.039,-0.875,0.578
2412,0.035,-0.875,0.582
2413,0.035,-0.867,0.578
2414,0.031,-0.859,0.574
2415,0.039,-0.84,0.563
2416,0.043,-0.809,0.559
2417,0.043,-0.789,0.547
2418,0.035,-0.785,0.535
2419,0.031,-0.789,0.52
2420,0.023,-0.789,0.508
2421,0.023,-0.789,0.504
2422,0.023,-0.781,0.504
2423,0.02,-0.773,0.504
2424,0.008,-0.758,0.508
2425,0.012,-0.746,0.523
2426,0.012,-0.742,0.531
2427,0.004,-0.742,0.531
2428,-0.004,-0.746,0.535
2429,-0.008,-0.766,0.543
2430,-0.008,-0.781,0.555
2431,0.004,-0.797,0.566
2432,0.012,-0.813,0.578
2433,0.02,-0.824,0.574
2434,0.031,-0.852,0.566
2435,0.035,-0.902,0.555
2436,0.043,-0.957,0.523
2437,0.031,-1.059,0.527
2438,-0.012,-1.184,0.543
2439,-0.102,-1.215,0.582
2440,-0.211,-1.141,0.625
2441,-0.277,-1.043,0.668
2442,-0.297,-0.992,0.695
2443,-0.27,-1.012,0.684
2444,-0.234,-1.051,0.648
2445,-0.203,-1.031,0.617
2446,-0.18,-0.969,0.594
2447,-0.168,-0.902,0.582
2448,-0.164,-0.859,0.578
2449,-0.156,-0.828,0.574
2450,-0.137,-0.793,0.574
2451,-0.121,-0.758,0.578
2452,-0.094,-0.723,0.594
2453,-0.09,-0.691,0.617
2454,-0.09,-0.672,0.641
2455,-0.09,-0.668,0.656
2456,-0.102,-0.688,0.672
2457,-0.102,-0.695,0.688
2458,-0.105,-0.699,0.695
2459,-0.098,-0.703,0.707
2460,-0.094,-0.711,0.711
2461,-0.094,-0.723,0.707
2462,-0.094,-0.738,0.699
2463,-0.098,-0.773,0.695
2464,-0.09,-0.809,0.695
2465,-0.078,-0.828,0.691
2466,-0.066,-0.828,0.695
2467,-0.07,-0.816,0.691
2468,-0.078,-0.813,0.684
2469,-0.086,-0.82,0.68
2470,-0.102,-0.832,0.668
2471,-0.102,-0.84,0.66
2472,-0.098,-0.844,0.652
2473,-0.094,-0.84,0.645
2474,-0.082,-0.832,0.633
2475,-0.066,-0.828,0.637
2476,-0.059,-0.828,0.625
2477,-0.055,-0.824,0.621
2478,-0.055,-0.816,0.621
2479,-0.047,-0.809,0.617
2480,-0.051,-0.805,0.617
2481,-0.055,-0.816,0.613
2482,-0.055,-0.82,0.605
2483,-0.055,-0.824,0.598
2484,-0.047,-0.816,0.598
2485,-0.039,-0.809,0.598
2486,-0.039,-0.805,0.598
2487,-0.043,-0.809,0.594
2488,-0.051,-0.816,0.59
2489,-0.047,-0.816,0.59
2490,-0.047,-0.82,0.59
2491,-0.043,-0.82,0.586
2492,-0.043,-0.82,0.582
2493,-0.047,-0.816,0.578
2494,-0.051,-0.813,0.574
2495,-0.051,-0.805,0.566
2496,-0.055,-0.801,0.566
2497,-0.066,-0.809,0.574
2498,-0.063,-0.805,0.578
2499,-0.063,-0.816,0.578
2500,-0.055,-0.816,0.574
2501,-0.059,-0.813,0.574
2502,-0.063,-0.809,0.574
2503,-0.074,-0.816,0.574
2504,-0.086,-0.844,0.57
2505,-0.094,-0.867,0.57
2506,-0.098,-0.891,0.57
2507,-0.086,-0.906,0.566
2508,-0.086,-0.914,0.559
2509,-0.063,-0.914,0.547
2510,-0.051,-0.91,0.527
2511,-0.047,-0.918,0.512
2512,-0.051,-0.938,0.508
2513,-0.051,-0.941,0.516
2514,-0.039,-0.91,0.539
2515,-0.023,-0.883,0.559
2516,-0.02,-0.859,0.574
2517,-0.027,-0.848,0.586
2518,-0.035,-0.844,0.578
2519,-0.039,-0.836,0.57
2520,-0.035,-0.82,0.563
2521,-0.031,-0.809,0.551
2522,-0.023,-0.801,0.547
2523,-0.023,-0.789,0.559
2524,-0.023,-0.781,0.566
2525,-0.016,-0.793,0.578
2526,-0.004,-0.805,0.582
2527,0.004,-0.809,0.578
2528,0.008,-0.805,0.57
2529,0.016,-0.801,0.566
2530,0.02,-0.805,0.57
2531,0.023,-0.816,0.574
2532,0.023,-0.824,0.578
2533,0.027,-0.832,0.586
2534,0.027,-0.848,0.594
2535,0.031,-0.859,0.602
2536,0.035,-0.863,0.598
2537,0.031,-0.867,0.594
2538,0.031,-0.871,0.594
2539,0.035,-0.867,0.59
2540,0.043,-0.879,0.586
2541,0.039,-0.887,0.582
2542,0.031,-0.891,0.578
2543,0.02,-0.891,0.582
2544,0.008,-0.883,0.578
2545,-0.004,-0.875,0.574
2546,-0.004,-0.867,0.574
2547,-0.004,-0.867,0.566
2548,0.008,-0.863,0.559
2549,0.012,-0.863,0.551
2550,0.012,-0.867,0.551
2551,0.02,-0.855,0.547
2552,0.02,-0.852,0.539
2553,0.023,-0.848,0.527
2554,0.023,-0.844,0.52
2555,0.035,-0.844,0.516
2556,0.043,-0.84,0.512
2557,0.039,-0.84,0.504
2558,0.023,-0.84,0.496
2559,0.027,-0.844,0.496
2560,0.023,-0.844,0.496
2561,0.027,-0.84,0.5
2562,0.031,-0.832,0.504
2563,0.031,-0.84,0.52
2564,0.031,-0.844,0.527
2565,0.027,-0.844,0.531
2566,0.027,-0.844,0.535
2567,0.023,-0.84,0.527
2568,0.012,-0.84,0.516
2569,0.004,-0.852,0.512
2570,-0.004,-0.863,0.504
2571,-0.016,-0.871,0.496
2572,-0.023,-0.875,0.484
2573,-0.023,-0.887,0.477
2574,-0.027,-0.902,0.473
2575,-0.023,-0.941,0.457
2576,-0.031,-0.992,0.441
2577,-0.055,-1.047,0.461
2578,-0.102,-1.055,0.488
2579,-0.152,-1.027,0.531
2580,-0.184,-1.0,0.551
2581,-0.195,-0.984,0.566
2582,-0.191,-0.992,0.566
2583,-0.18,-1.016,0.566
2584,-0.176,-1.027,0.57
2585,-0.172,-1.008,0.582
2586,-0.168,-0.969,0.602
2587,-0.164,-0.922,0.621
2588,-0.156,-0.898,0.637
2589,-0.145,-0.895,0.637
2590,-0.133,-0.895,0.641
2591,-0.133,-0.887,0.637
2592,-0.137,-0.871,0.633
2593,-0.137,-0.844,0.625
2594,-0.129,-0.816,0.629
2595,-0.129,-0.793,0.633
2596,-0.129,-0.781,0.629
2597,-0.133,-0.781,0.625
2598,-0.137,-0.785,0.617
2599,-0.137,-0.773,0.621
2600,-0.137,-0.773,0.617
2601,-0.137,-0.758,0.613
2602,-0.148,-0.754,0.617
2603,-0.156,-0.758,0.625
2604,-0.156,-0.754,0.637
2605,-0.152,-0.754,0.648
2606,-0.141,-0.754,0.664
2607,-0.133,-0.762,0.672
2608,-0.141,-0.773,0.668
2609,-0.129,-0.801,0.672
2610,-0.121,-0.824,0.664
2611,-0.117,-0.848,0.652
2612,-0.109,-0.848,0.648
2613,-0.105,-0.836,0.641
2614,-0.102,-0.828,0.633
2615,-0.105,-0.828,0.621
2616,-0.109,-0.836,0.613
2617,-0.113,-0.844,0.605
2618,-0.113,-0.848,0.594
2619,-0.109,-0.844,0.582
2620,-0.105,-0.832,0.578
2621,-0.105,-0.82,0.57
2622,-0.109,-0.82,0.566
2623,-0.109,-0.824,0.563
2624,-0.105,-0.824,0.555
2625,-0.105,-0.828,0.559
2626,-0.105,-0.828,0.559
2627,-0.098,-0.82,0.563
2628,-0.098,-0.82,0.563
2629,-0.105,-0.824,0.566
2630,-0.102,-0.824,0.563
2631,-0.098,-0.828,0.563
2632,-0.094,-0.824,0.559
2633,-0.098,-0.813,0.559
2634,-0.098,-0.813,0.559
2635,-0.102,-0.82,0.563
2636,-0.105,-0.824,0.566
2637,-0.098,-0.836,0.566
2638,-0.094,-0.84,0.563
2639,-0.094,-0.844,0.563
2640,-0.094,-0.844,0.563
2641,-0.102,-0.848,0.57
2642,-0.098,-0.852,0.57
2643,-0.098,-0.848,0.574
2644,-0.098,-0.852,0.574
2645,-0.09,-0.848,0.57
2646,-0.086,-0.848,0.566
2647,-0.094,-0.859,0.566
2648,-0.102,-0.867,0.559
2649,-0.109,-0.867,0.547
2650,-0.113,-0.867,0.539
2651,-0.117,-0.859,0.535
2652,-0.117,-0.859,0.539
2653,-0.113,-0.867,0.539
2654,-0.113,-0.875,0.543
2655,-0.094,-0.883,0.551
2656,-0.082,-0.895,0.563
2657,-0.074,-0.91,0.57
2658,-0.074,-0.914,0.559
2659,-0.07,-0.926,0.559
2660,-0.07,-0.922,0.547
2661,-0.066,-0.918,0.539
2662,-0.066,-0.922,0.547
2663,-0.07,-0.938,0.555
2664,-0.066,-0.938,0.563
2665,-0.055,-0.914,0.574
2666,-0.055,-0.887,0.594
2667,-0.055,-0.871,0.605
2668,-0.051,-0.871,0.605
2669,-0.051,-0.867,0.594
2670,-0.051,-0.852,0.582
2671,-0.047,-0.82,0.574
2672,-0.047,-0.793,0.574
2673,-0.043,-0.781,0.574
2674,-0.039,-0.777,0.57
2675,-0.023,-0.777,0.57
2676,-0.02,-0.777,0.566
2677,-0.012,-0.781,0.563
2678,-0.004,-0.789,0.563
2679,0.004,-0.801,0.555
2680,0.008,-0.801,0.543
2681,0.012,-0.793,0.547
2682,0.02,-0.793,0.559
2683,0.031,-0.805,0.566
2684,0.035,-0.824,0.578
2685,0.039,-0.844,0.59
2686,0.039,-0.863,0.598
2687,0.035,-0.875,0.594
2688,0.027,-0.879,0.594
2689,0.023,-0.863,0.594
2690,0.008,-0.848,0.594
2691,0.012,-0.836,0.586
2692,0.008,-0.832,0.578
2693,0.004,-0.84,0.574
2694,-0.004,-0.844,0.574
2695,-0.004,-0.844,0.57
2696,-0.004,-0.844,0.563
2697,0.008,-0.844,0.547
2698,0.012,-0.836,0.543
2699,0.008,-0.84,0.535
2700,0.004,-0.836,0.523
2701,0.008,-0.844,0.516
2702,0.004,-0.844,0.516
2703,0.004,-0.844,0.512
2704,0.008,-0.84,0.504
2705,0.008,-0.836,0.504
2706,0.016,-0.836,0.5
2707,0.016,-0.84,0.504
2708,0.008,-0.832,0.504
2709,0.02,-0.836,0.516
2710,0.016,-0.832,0.512
2711,0.012,-0.84,0.512
2712,0.0,-0.84,0.512
2713,-0.004,-0.836,0.52
2714,-0.008,-0.844,0.527
2715,-0.012,-0.852,0.535
2716,-0.012,-0.863,0.535
2717,-0.012,-0.871,0.535
2718,-0.023,-0.879,0.535
2719,-0.035,-0.887,0.527
2720,-0.039,-0.891,0.523
2721,-0.043,-0.898,0.512
2722,-0.043,-0.926,0.5
2723,-0.043,-0.988,0.496
2724,-0.078,-1.055,0.5
2725,-0.129,-1.059,0.523
2726,-0.18,-1.016,0.559
2727,-0.215,-0.973,0.602
2728,-0.223,-0.949,0.629
2729,-0.211,-0.938,0.641
2730,-0.207,-0.945,0.648
2731,-0.211,-0.965,0.648
2732,-0.211,-0.953,0.645
2733,-0.207,-0.914,0.645
2734,-0.199,-0.879,0.648
2735,-0.195,-0.855,0.645
2736,-0.184,-0.848,0.637
2737,-0.156,-0.844,0.637
2738,-0.145,-0.824,0.637
2739,-0.137,-0.813,0.637
2740,-0.137,-0.805,0.641
2741,-0.137,-0.793,0.645
2742,-0.141,-0.781,0.641
2743,-0.141,-0.777,0.641
2744,-0.156,-0.766,0.645
2745,-0.16,-0.762,0.645
2746,-0.152,-0.754,0.648
2747,-0.145,-0.754,0.66
2748,-0.145,-0.75,0.672
2749,-0.148,-0.758,0.688
2750,-0.152,-0.77,0.695
2751,-0.16,-0.781,0.703
2752,-0.164,-0.793,0.703
2753,-0.156,-0.82,0.699
2754,-0.148,-0.836,0.691
2755,-0.125,-0.852,0.691
2756,-0.098,-0.848,0.688
2757,-0.082,-0.832,0.684
2758,-0.09,-0.813,0.684
2759,-0.082,-0.801,0.688
2760,-0.094,-0.797,0.684
2761,-0.102,-0.797,0.672
2762,-0.105,-0.797,0.668
2763,-0.098,-0.793,0.66
2764,-0.086,-0.785,0.648
2765,-0.078,-0.777,0.637
2766,-0.074,-0.777,0.641
2767,-0.07,-0.77,0.645
2768,-0.07,-0.773,0.637
2769,-0.074,-0.773,0.633
2770,-0.074,-0.766,0.637
2771,-0.078,-0.758,0.633
2772,-0.082,-0.758,0.633
2773,-0.09,-0.762,0.625
2774,-0.102,-0.766,0.621
2775,-0.105,-0.77,0.621
2776,-0.109,-0.777,0.613
2777,-0.102,-0.785,0.609
2778,-0.098,-0.789,0.613
2779,-0.094,-0.797,0.605
2780,-0.098,-0.793,0.602
2781,-0.094,-0.789,0.598
2782,-0.098,-0.781,0.598
2783,-0.098,-0.777,0.586
2784,-0.105,-0.777,0.574
2785,-0.113,-0.777,0.57
2786,-0.113,-0.777,0.57
2787,-0.109,-0.781,0.574
2788,-0.105,-0.793,0.574
2789,-0.098,-0.813,0.582
2790,-0.09,-0.832,0.586
2791,-0.09,-0.84,0.586
2792,-0.098,-0.844,0.594
2793,-0.109,-0.848,0.602
2794,-0.125,-0.863,0.602
2795,-0.129,-0.895,0.594
2796,-0.129,-0.938,0.582
2797,-0.117,-0.965,0.559
2798,-0.102,-0.98,0.539
2799,-0.09,-0.973,0.523
2800,-0.078,-0.957,0.527
2801,-0.07,-0.941,0.531
2802,-0.063,-0.926,0.543
2803,-0.051,-0.91,0.555
2804,-0.039,-0.902,0.57
2805,-0.023,-0.887,0.574
2806,-0.008,-0.867,0.578
2807,0.008,-0.836,0.57
2808,0.02,-0.816,0.555
2809,0.039,-0.801,0.559
2810,0.047,-0.789,0.539
2811,0.051,-0.781,0.527
2812,0.047,-0.766,0.531
2813,0.047,-0.762,0.535
2814,0.051,-0.77,0.543
2815,0.059,-0.785,0.551
2816,0.059,-0.805,0.559
2817,0.063,-0.816,0.566
2818,0.059,-0.816,0.57
2819,0.063,-0.82,0.574
2820,0.059,-0.832,0.578
2821,0.047,-0.852,0.578
2822,0.039,-0.867,0.586
2823,0.035,-0.879,0.59
2824,0.039,-0.879,0.59
2825,0.051,-0.879,0.598
2826,0.059,-0.875,0.605
2827,0.066,-0.875,0.598
2828,0.066,-0.879,0.594
2829,0.07,-0.879,0.582
2830,0.082,-0.875,0.57
2831,0.082,-0.871,0.547
2832,0.074,-0.871,0.527
2833,0.066,-0.871,0.512
2834,0.059,-0.871,0.5
2835,0.055,-0.871,0.5
2836,0.047,-0.871,0.496
2837,0.039,-0.871,0.492
2838,0.043,-0.867,0.488
2839,0.039,-0.867,0.484
2840,0.035,-0.871,0.48
2841,0.039,-0.871,0.477
2842,0.039,-0.871,0.48
2843,0.039,-0.871,0.477
2844,0.039,-0.875,0.473
2845,0.035,-0.879,0.473
2846,0.035,-0.879,0.473
2847,0.035,-0.879,0.469
2848,0.039,-0.875,0.465
2849,0.035,-0.863,0.461
2850,0.035,-0.863,0.457
2851,0.031,-0.859,0.457
2852,0.023,-0.867,0.457
2853,0.016,-0.871,0.461
2854,0.016,-0.871,0.465
2855,0.008,-0.871,0.477
2856,0.004,-0.867,0.488
2857,0.008,-0.871,0.496
2858,0.0,-0.867,0.504
2859,0.016,-0.863,0.512
2860,0.02,-0.852,0.516
2861,0.02,-0.859,0.508
2862,0.02,-0.875,0.496
2863,0.012,-0.918,0.484
2864,0.0,-0.984,0.477
2865,-0.035,-1.063,0.492
2866,-0.102,-1.098,0.523
2867,-0.16,-1.07,0.566
2868,-0.191,-1.012,0.617
2869,-0.18,-0.961,0.645
2870,-0.168,-0.926,0.648
2871,-0.156,-0.934,0.648
2872,-0.156,-0.965,0.648
2873,-0.156,-0.977,0.645
2874,-0.145,-0.961,0.641
2875,-0.125,-0.926,0.637
2876,-0.105,-0.891,0.625
2877,-0.094,-0.863,0.617
2878,-0.098,-0.855,0.613
2879,-0.102,-0.844,0.617
2880,-0.109,-0.836,0.625
2881,-0.117,-0.82,0.641
2882,-0.113,-0.801,0.641
2883,-0.109,-0.785,0.637
2884,-0.094,-0.766,0.633
2885,-0.09,-0.746,0.621
2886,-0.09,-0.73,0.621
2887,-0.102,-0.738,0.625
2888,-0.102,-0.742,0.633
2889,-0.102,-0.738,0.633
2890,-0.109,-0.738,0.637
2891,-0.121,-0.742,0.645
2892,-0.121,-0.746,0.652
2893,-0.117,-0.762,0.656
2894,-0.117,-0.785,0.668
2895,-0.113,-0.809,0.672
2896,-0.109,-0.828,0.68
2897,-0.109,-0.84,0.688
2898,-0.102,-0.844,0.688
2899,-0.102,-0.844,0.684
2900,-0.09,-0.832,0.68
2901,-0.078,-0.82,0.68
2902,-0.082,-0.813,0.672
2903,-0.09,-0.813,0.66
2904,-0.086,-0.813,0.656
2905,-0.09,-0.797,0.652
2906,-0.09,-0.781,0.641
2907,-0.086,-0.777,0.629
2908,-0.09,-0.77,0.617
2909,-0.078,-0.777,0.617
2910,-0.07,-0.781,0.613
2911,-0.07,-0.785,0.613
2912,-0.066,-0.781,0.613
2913,-0.07,-0.773,0.625
2914,-0.078,-0.77,0.625
2915,-0.086,-0.77,0.629
2916,-0.098,-0.777,0.633
2917,-0.105,-0.785,0.621
2918,-0.105,-0.797,0.613
2919,-0.105,-0.813,0.602
2920,-0.109,-0.832,0.59
2921,-0.102,-0.836,0.586
2922,-0.098,-0.832,0.59
2923,-0.105,-0.828,0.59
2924,-0.109,-0.828,0.59
2925,-0.117,-0.828,0.602
2926,-0.125,-0.828,0.605
2927,-0.129,-0.832,0.605
2928,-0.129,-0.84,0.609
2929,-0.129,-0.84,0.609
2930,-0.125,-0.828,0.598
2931,-0.121,-0.805,0.594
2932,-0.133,-0.793,0.59
2933,-0.137,-0.801,0.59
2934,-0.141,-0.813,0.582
2935,-0.133,-0.82,0.578
2936,-0.121,-0.828,0.57
2937,-0.098,-0.836,0.57
2938,-0.074,-0.844,0.57
2939,-0.063,-0.871,0.566
2940,-0.055,-0.898,0.551
2941,-0.047,-0.91,0.535
2942,-0.039,-0.898,0.543
2943,-0.031,-0.883,0.555
2944,-0.035,-0.883,0.563
2945,-0.047,-0.914,0.563
2946,-0.055,-0.93,0.563
2947,-0.043,-0.902,0.57
2948,-0.031,-0.867,0.578
2949,-0.02,-0.84,0.578
2950,0.0,-0.816,0.574
2951,0.016,-0.809,0.574
2952,0.031,-0.801,0.574
2953,0.043,-0.797,0.566
2954,0.051,-0.805,0.551
2955,0.051,-0.805,0.547
2956,0.055,-0.805,0.547
2957,0.047,-0.813,0.559
2958,0.035,-0.813,0.566
2959,0.043,-0.82,0.59
2960,0.039,-0.828,0.586
2961,0.039,-0.84,0.574
2962,0.035,-0.863,0.566
2963,0.027,-0.895,0.563
2964,0.023,-0.906,0.559
2965,0.02,-0.898,0.563
2966,0.027,-0.879,0.57
2967,0.039,-0.871,0.574
2968,0.039,-0.867,0.574
2969,0.035,-0.859,0.574
2970,0.027,-0.848,0.559
2971,0.023,-0.836,0.547
2972,0.023,-0.824,0.539
2973,0.023,-0.809,0.535
2974,0.016,-0.797,0.52
2975,0.008,-0.797,0.516
2976,0.0,-0.801,0.516
2977,-0.008,-0.805,0.512
2978,-0.016,-0.813,0.508
2979,-0.012,-0.805,0.508
2980,-0.016,-0.789,0.504
2981,-0.012,-0.781,0.508
2982,-0.004,-0.77,0.512
2983,0.0,-0.773,0.527
2984,-0.004,-0.781,0.539
2985,-0.008,-0.789,0.559
2986,-0.012,-0.793,0.57
2987,-0.012,-0.789,0.594
2988,-0.016,-0.797,0.609
2989,-0.027,-0.813,0.625
2990,-0.027,-0.824,0.629
2991,-0.02,-0.824,0.613
2992,-0.004,-0.828,0.594
2993,0.008,-0.898,0.574
2994,-0.012,-1.02,0.578
2995,-0.07,-1.105,0.605
2996,-0.141,-1.074,0.645
2997,-0.199,-0.992,0.699
2998,-0.234,-0.945,0.734
2999,-0.242,-0.926,0.738
3000,-0.23,-0.938,0.73
3001,-0.227,-0.949,0.703
3002,-0.219,-0.93,0.672
3003,-0.207,-0.887,0.664
3004,-0.195,-0.844,0.656
3005,-0.176,-0.805,0.645
3006,-0.152,-0.785,0.645
3007,-0.137,-0.781,0.648
3008,-0.137,-0.781,0.648
3009,-0.125,-0.777,0.66
3010,-0.125,-0.762,0.672
3011,-0.125,-0.75,0.676
3012,-0.117,-0.73,0.688
3013,-0.113,-0.715,0.707
3014,-0.105,-0.707,0.719
3015,-0.102,-0.699,0.727
3016,-0.098,-0.691,0.719
3017,-0.105,-0.691,0.719
3018,-0.113,-0.695,0.723
3019,-0.109,-0.699,0.73
3020,-0.109,-0.715,0.742
3021,-0.105,-0.73,0.746
3022,-0.094,-0.754,0.754
3023,-0.086,-0.785,0.754
3024,-0.078,-0.797,0.75
3025,-0.063,-0.797,0.746
3026,-0.059,-0.777,0.75
3027,-0.059,-0.758,0.742
3028,-0.07,-0.762,0.738
3029,-0.082,-0.766,0.734
3030,-0.09,-0.77,0.727
3031,-0.086,-0.762,0.723
3032,-0.082,-0.77,0.723
3033,-0.078,-0.777,0.723
3034,-0.07,-0.773,0.719
3035,-0.063,-0.766,0.715
3036,-0.059,-0.754,0.711
3037,-0.055,-0.742,0.703
3038,-0.055,-0.746,0.703
3039,-0.055,-0.75,0.703
3040,-0.051,-0.75,0.703
3041,-0.051,-0.75,0.699
3042,-0.047,-0.75,0.691
3043,-0.055,-0.746,0.688
3044,-0.063,-0.75,0.684
3045,-0.074,-0.758,0.672
3046,-0.074,-0.762,0.664
3047,-0.07,-0.77,0.664
3048,-0.063,-0.777,0.656
3049,-0.055,-0.773,0.641
3050,-0.055,-0.773,0.633
3051,-0.063,-0.766,0.633
3052,-0.07,-0.754,0.633
3053,-0.074,-0.758,0.641
3054,-0.082,-0.77,0.645
3055,-0.082,-0.773,0.648
3056,-0.082,-0.77,0.648
3057,-0.09,-0.766,0.648
3058,-0.102,-0.75,0.648
3059,-0.102,-0.754,0.652
3060,-0.105,-0.77,0.648
3061,-0.109,-0.789,0.648
3062,-0.102,-0.793,0.648
3063,-0.094,-0.785,0.656
3064,-0.082,-0.781,0.664
3065,-0.074,-0.773,0.672
3066,-0.074,-0.762,0.664
3067,-0.082,-0.773,0.652
3068,-0.094,-0.816,0.637
3069,-0.102,-0.855,0.621
3070,-0.098,-0.875,0.609
3071,-0.082,-0.887,0.598
3072,-0.063,-0.891,0.582
3073,-0.047,-0.887,0.578
3074,-0.043,-0.875,0.582
3075,-0.043,-0.875,0.602
3076,-0.043,-0.863,0.621
3077,-0.035,-0.836,0.637
3078,-0.023,-0.801,0.652
3079,0.02,-0.781,0.648
3080,0.035,-0.77,0.629
3081,0.031,-0.754,0.629
3082,0.047,-0.738,0.617
3083,0.055,-0.75,0.598
3084,0.055,-0.762,0.594
3085,0.055,-0.766,0.582
3086,0.051,-0.77,0.586
3087,0.043,-0.77,0.586
3088,0.039,-0.773,0.586
3089,0.047,-0.789,0.594
3090,0.051,-0.805,0.594
3091,0.059,-0.828,0.594
3092,0.063,-0.859,0.594
3093,0.066,-0.871,0.586
3094,0.063,-0.871,0.586
3095,0.055,-0.859,0.582
3096,0.055,-0.848,0.578
3097,0.059,-0.836,0.574
3098,0.074,-0.836,0.574
3099,0.082,-0.836,0.574
3100,0.086,-0.832,0.57
3101,0.082,-0.824,0.559
3102,0.078,-0.816,0.547
3103,0.082,-0.809,0.543
3104,0.086,-0.813,0.539
3105,0.086,-0.805,0.523
3106,0.09,-0.805,0.52
3107,0.082,-0.805,0.516
3108,0.066,-0.801,0.504
3109,0.07,-0.805,0.512
3110,0.07,-0.801,0.508
3111,0.07,-0.797,0.504
3112,0.066,-0.797,0.504
3113,0.059,-0.797,0.512
3114,0.055,-0.789,0.523
3115,0.043,-0.793,0.535
3116,0.031,-0.805,0.559
3117,0.023,-0.809,0.578
3118,0.012,-0.816,0.598
3119,0.008,-0.813,0.605
3120,-0.004,-0.809,0.617
3121,-0.008,-0.801,0.613
3122,-0.012,-0.805,0.609
3123,-0.012,-0.82,0.59
3124,-0.027,-0.852,0.57
3125,-0.047,-0.91,0.566
3126,-0.078,-0.992,0.586
3127,-0.121,-1.023,0.613
3128,-0.16,-0.988,0.645
3129,-0.188,-0.957,0.66
3130,-0.188,-0.938,0.672
3131,-0.176,-0.941,0.688
3132,-0.16,-0.969,0.699
3133,-0.156,-0.977,0.695
3134,-0.164,-0.953,0.691
3135,-0.168,-0.918,0.684
3136,-0.16,-0.875,0.68
3137,-0.152,-0.84,0.676
3138,-0.145,-0.816,0.68
3139,-0.145,-0.805,0.68
3140,-0.145,-0.789,0.68
3141,-0.148,-0.773,0.691
3142,-0.145,-0.754,0.688
3143,-0.141,-0.734,0.684
3144,-0.141,-0.715,0.684
3145,-0.141,-0.695,0.672
3146,-0.137,-0.68,0.668
3147,-0.137,-0.68,0.672
3148,-0.125,-0.676,0.684
3149,-0.121,-0.691,0.695
3150,-0.121,-0.707,0.703
3151,-0.125,-0.73,0.695
3152,-0.125,-0.746,0.699
3153,-0.125,-0.77,0.695
3154,-0.125,-0.785,0.699
3155,-0.113,-0.793,0.703
3156,-0.105,-0.813,0.711
3157,-0.094,-0.828,0.711
3158,-0.094,-0.824,0.707
3159,-0.082,-0.816,0.703
3160,-0.094,-0.797,0.691
3161,-0.09,-0.793,0.691
3162,-0.082,-0.797,0.688
3163,-0.082,-0.801,0.691
3164,-0.082,-0.797,0.688
3165,-0.082,-0.785,0.691
3166,-0.078,-0.789,0.688
3167,-0.078,-0.797,0.684
3168,-0.082,-0.805,0.676
3169,-0.074,-0.805,0.676
3170,-0.063,-0.793,0.668
3171,-0.059,-0.781,0.66
3172,-0.051,-0.773,0.656
3173,-0.051,-0.777,0.652
3174,-0.059,-0.777,0.648
3175,-0.059,-0.781,0.648
3176,-0.063,-0.781,0.645
3177,-0.059,-0.777,0.637
3178,-0.063,-0.77,0.637
3179,-0.07,-0.77,0.641
3180,-0.074,-0.77,0.637
3181,-0.074,-0.773,0.633
3182,-0.074,-0.789,0.629
3183,-0.082,-0.793,0.633
3184,-0.086,-0.797,0.633
3185,-0.09,-0.797,0.637
3186,-0.094,-0.797,0.633
3187,-0.102,-0.797,0.621
3188,-0.113,-0.789,0.617
3189,-0.117,-0.785,0.605
3190,-0.121,-0.781,0.602
3191,-0.117,-0.781,0.598
3192,-0.117,-0.789,0.594
3193,-0.117,-0.797,0.594
3194,-0.121,-0.797,0.594
3195,-0.121,-0.797,0.59
3196,-0.121,-0.797,0.59
3197,-0.117,-0.797,0.582
3198,-0.121,-0.793,0.578
3199,-0.125,-0.797,0.59
3200,-0.117,-0.805,0.586
3201,-0.105,-0.816,0.586
3202,-0.09,-0.832,0.582
3203,-0.066,-0.836,0.578
3204,-0.055,-0.855,0.574
3205,-0.047,-0.879,0.559
3206,-0.039,-0.91,0.543
3207,-0.023,-0.934,0.543
3208,-0.012,-0.938,0.551
3209,0.023,-0.93,0.574
3210,0.035,-0.906,0.578
3211,0.035,-0.871,0.582
3212,0.02,-0.852,0.578
3213,0.004,-0.836,0.578
3214,-0.008,-0.813,0.574
3215,-0.004,-0.797,0.574
3216,0.016,-0.793,0.574
3217,0.035,-0.801,0.578
3218,0.047,-0.813,0.578
3219,0.047,-0.809,0.582
3220,0.047,-0.809,0.586
3221,0.039,-0.82,0.594
3222,0.043,-0.828,0.594
3223,0.051,-0.813,0.598
3224,0.063,-0.793,0.602
3225,0.082,-0.801,0.605
3226,0.078,-0.824,0.605
3227,0.074,-0.855,0.613
3228,0.059,-0.871,0.621
3229,0.043,-0.855,0.629
3230,0.031,-0.832,0.637
3231,0.043,-0.82,0.641
3232,0.059,-0.824,0.633
3233,0.074,-0.828,0.629
3234,0.074,-0.816,0.629
3235,0.063,-0.809,0.625
3236,0.051,-0.805,0.621
3237,0.043,-0.793,0.617
3238,0.051,-0.773,0.613
3239,0.047,-0.766,0.605
3240,0.043,-0.766,0.602
3241,0.035,-0.773,0.594
3242,0.027,-0.777,0.59
3243,0.023,-0.773,0.578
3244,0.02,-0.766,0.582
3245,0.008,-0.754,0.59
3246,0.0,-0.746,0.598
3247,-0.008,-0.738,0.609
3248,-0.004,-0.734,0.629
3249,-0.004,-0.738,0.637
3250,-0.008,-0.746,0.648
3251,-0.012,-0.758,0.656
3252,-0.012,-0.77,0.664
3253,-0.012,-0.773,0.672
3254,-0.02,-0.777,0.664
3255,-0.016,-0.777,0.668
3256,-0.02,-0.777,0.66
3257,-0.023,-0.793,0.645
3258,-0.039,-0.813,0.621
3259,-0.039,-0.844,0.613
3260,-0.063,-0.891,0.617
3261,-0.105,-0.91,0.633
3262,-0.145,-0.902,0.66
3263,-0.18,-0.883,0.684
3264,-0.195,-0.867,0.699
3265,-0.199,-0.879,0.719
3266,-0.203,-0.91,0.727
3267,-0.223,-0.926,0.73
3268,-0.223,-0.906,0.734
3269,-0.219,-0.883,0.734
3270,-0.215,-0.855,0.738
3271,-0.207,-0.828,0.73
3272,-0.203,-0.813,0.727
3273,-0.188,-0.793,0.719
3274,-0.18,-0.773,0.715
3275,-0.168,-0.766,0.715
3276,-0.164,-0.758,0.719
3277,-0.148,-0.75,0.715
3278,-0.137,-0.742,0.715
3279,-0.133,-0.723,0.715
3280,-0.137,-0.711,0.711
3281,-0.141,-0.707,0.711
3282,-0.148,-0.719,0.711
3283,-0.152,-0.723,0.707
3284,-0.148,-0.723,0.715
3285,-0.152,-0.727,0.715
3286,-0.156,-0.73,0.723
3287,-0.164,-0.742,0.723
3288,-0.168,-0.75,0.719
3289,-0.164,-0.754,0.719
3290,-0.156,-0.766,0.715
3291,-0.145,-0.77,0.715
3292,-0.141,-0.766,0.711
3293,-0.141,-0.766,0.703
3294,-0.141,-0.762,0.688
3295,-0.141,-0.758,0.684
3296,-0.141,-0.758,0.676
3297,-0.145,-0.758,0.676
3298,-0.141,-0.75,0.676
3299,-0.141,-0.75,0.668
3300,-0.133,-0.75,0.668
3301,-0.133,-0.75,0.668
3302,-0.133,-0.75,0.66
3303,-0.133,-0.746,0.656
3304,-0.129,-0.742,0.656
3305,-0.133,-0.738,0.656
3306,-0.137,-0.738,0.652
3307,-0.141,-0.738,0.652
3308,-0.152,-0.73,0.648
3309,-0.148,-0.727,0.66
3310,-0.16,-0.734,0.668
3311,-0.16,-0.73,0.672
3312,-0.16,-0.73,0.672
3313,-0.164,-0.738,0.672
3314,-0.16,-0.742,0.672
3315,-0.164,-0.742,0.668
3316,-0.168,-0.742,0.672
3317,-0.172,-0.742,0.676
3318,-0.172,-0.742,0.68
3319,-0.176,-0.742,0.684
3320,-0.176,-0.746,0.684
3321,-0.172,-0.758,0.684
3322,-0.176,-0.773,0.684
3323,-0.176,-0.801,0.688
3324,-0.172,-0.816,0.684
3325,-0.152,-0.824,0.676
3326,-0.113,-0.836,0.668
3327,-0.07,-0.852,0.668
3328,-0.035,-0.848,0.66
3329,-0.02,-0.84,0.66
3330,-0.016,-0.82,0.668
3331,-0.027,-0.813,0.668
3332,-0.039,-0.805,0.668
3333,-0.043,-0.805,0.668
3334,-0.043,-0.801,0.66
3335,-0.039,-0.789,0.645
3336,-0.039,-0.781,0.621
3337,-0.051,-0.777,0.602
3338,-0.059,-0.777,0.59
3339,-0.063,-0.77,0.59
3340,-0.051,-0.75,0.602
3341,-0.031,-0.746,0.613
3342,-0.027,-0.746,0.625
3343,-0.02,-0.75,0.637
3344,-0.016,-0.762,0.637
3345,-0.008,-0.766,0.641
3346,0.0,-0.762,0.641
3347,0.012,-0.754,0.645
3348,0.02,-0.75,0.648
3349,0.023,-0.742,0.648
3350,0.031,-0.754,0.652
3351,0.035,-0.766,0.648
3352,0.031,-0.773,0.648
3353,0.031,-0.785,0.645
3354,0.035,-0.793,0.645
3355,0.039,-0.793,0.641
3356,0.051,-0.789,0.633
3357,0.059,-0.793,0.621
3358,0.047,-0.797,0.617
3359,0.059,-0.824,0.629
3360,0.051,-0.84,0.629
3361,0.035,-0.84,0.629
3362,0.027,-0.824,0.633
3363,0.02,-0.816,0.637
3364,0.023,-0.809,0.641
3365,0.023,-0.813,0.645
3366,0.023,-0.809,0.648
3367,0.02,-0.805,0.652
3368,0.016,-0.801,0.656
3369,0.02,-0.789,0.66
3370,0.02,-0.777,0.66
3371,0.023,-0.77,0.66
3372,0.016,-0.762,0.66
3373,0.004,-0.762,0.66
3374,-0.004,-0.75,0.652
3375,-0.012,-0.742,0.66
3376,-0.012,-0.738,0.672
3377,-0.02,-0.73,0.68
3378,-0.016,-0.727,0.684
3379,-0.016,-0.719,0.695
3380,-0.004,-0.715,0.703
3381,-0.008,-0.715,0.707
3382,-0.004,-0.715,0.707
3383,-0.008,-0.715,0.707
3384,-0.008,-0.73,0.699
3385,-0.008,-0.754,0.688
3386,-0.008,-0.77,0.68
3387,-0.008,-0.789,0.68
3388,-0.012,-0.82,0.68
3389,-0.027,-0.84,0.688
3390,-0.047,-0.844,0.703
3391,-0.078,-0.844,0.723
3392,-0.098,-0.828,0.723
3393,-0.117,-0.813,0.727
3394,-0.125,-0.813,0.742
3395,-0.133,-0.828,0.742
3396,-0.148,-0.836,0.734
3397,-0.156,-0.82,0.73
3398,-0.164,-0.797,0.73
3399,-0.172,-0.777,0.723
3400,-0.172,-0.75,0.727
3401,-0.172,-0.746,0.742
3402,-0.172,-0.754,0.75
3403,-0.168,-0.758,0.754
3404,-0.156,-0.758,0.758
3405,-0.145,-0.746,0.754
3406,-0.137,-0.742,0.754
3407,-0.129,-0.734,0.754
3408,-0.137,-0.727,0.754
3409,-0.125,-0.727,0.762
3410,-0.117,-0.723,0.754
3411,-0.117,-0.723,0.738
3412,-0.125,-0.723,0.727
3413,-0.125,-0.715,0.723
3414,-0.133,-0.703,0.723
3415,-0.133,-0.699,0.723
3416,-0.137,-0.703,0.734
3417,-0.137,-0.723,0.742
3418,-0.137,-0.73,0.738
3419,-0.125,-0.738,0.73
3420,-0.113,-0.738,0.723
3421,-0.109,-0.742,0.723
3422,-0.102,-0.742,0.719
3423,-0.105,-0.742,0.719
3424,-0.109,-0.742,0.723
3425,-0.109,-0.742,0.715
3426,-0.109,-0.738,0.707
3427,-0.117,-0.734,0.695
3428,-0.117,-0.734,0.688
3429,-0.121,-0.734,0.684
3430,-0.125,-0.734,0.676
3431,-0.129,-0.73,0.668
3432,-0.133,-0.723,0.676
3433,-0.137,-0.719,0.676
3434,-0.141,-0.715,0.684
3435,-0.148,-0.707,0.691
3436,-0.152,-0.703,0.703
3437,-0.148,-0.703,0.711
3438,-0.148,-0.703,0.715
3439,-0.148,-0.703,0.719
3440,-0.156,-0.699,0.727
3441,-0.16,-0.695,0.727
3442,-0.164,-0.691,0.73
3443,-0.172,-0.68,0.73
3444,-0.172,-0.672,0.73
3445,-0.18,-0.664,0.734
3446,-0.176,-0.652,0.727
3447,-0.18,-0.66,0.734
3448,-0.172,-0.66,0.734
3449,-0.164,-0.668,0.734
3450,-0.148,-0.684,0.738
3451,-0.129,-0.707,0.734
3452,-0.117,-0.734,0.723
3453,-0.086,-0.762,0.715
3454,-0.047,-0.77,0.715
3455,-0.004,-0.773,0.719
3456,0.035,-0.793,0.727
3457,0.047,-0.785,0.738
3458,0.043,-0.766,0.738
3459,0.035,-0.746,0.746
3460,0.023,-0.734,0.738
3461,0.012,-0.719,0.734
3462,0.0,-0.723,0.73
3463,-0.012,-0.73,0.723
3464,-0.023,-0.734,0.719
3465,-0.031,-0.727,0.703
3466,-0.027,-0.711,0.703
3467,-0.016,-0.703,0.703
3468,0.004,-0.691,0.699
3469,0.02,-0.695,0.711
3470,0.031,-0.699,0.715
3471,0.035,-0.703,0.723
3472,0.035,-0.711,0.738
3473,0.043,-0.719,0.746
3474,0.051,-0.723,0.738
3475,0.059,-0.734,0.734
3476,0.07,-0.742,0.723
3477,0.074,-0.746,0.707
3478,0.082,-0.746,0.695
3479,0.086,-0.758,0.691
3480,0.086,-0.762,0.688
3481,0.086,-0.77,0.695
3482,0.074,-0.777,0.695
3483,0.066,-0.789,0.695
3484,0.063,-0.797,0.691
3485,0.059,-0.797,0.691
3486,0.051,-0.785,0.691
3487,0.055,-0.777,0.688
3488,0.051,-0.77,0.684
3489,0.043,-0.766,0.684
3490,0.043,-0.754,0.684
3491,0.039,-0.746,0.68
3492,0.031,-0.738,0.672
3493,0.027,-0.734,0.676
3494,0.031,-0.73,0.672
3495,0.031,-0.727,0.672
3496,0.035,-0.719,0.676
3497,0.039,-0.711,0.68
3498,0.043,-0.711,0.684
3499,0.035,-0.707,0.688
